0.0077821,0.0077821,0.0077821,0.02723735,0.01945525,0.00389105,0.00389105,0.0077821,0.02723735,0.01945525,0.,0.0077821,0.0077821,0.0155642,0.,0.03501946,0.01945525,0.02723735,0.0077821,0.0155642,0.0311284,0.0077821,0.0155642,0.0155642,0.0233463,0.01945525,0.0077821,0.00389105,0.0077821,0.00389105,0.,0.01167315,0.01945525,0.,0.0155642,0.0077821,0.0077821,0.0077821,0.0155642,0.01167315,0.08560311,0.04280156,0.02723735,0.03891051,0.00389105,0.0077821,0.00389105,0.0155642,0.01945525,0.00389105,0.0077821,0.0077821,0.00389105,0.0077821,0.01945525,0.0233463,0.02723735,0.02723735,0.0155642,0.01945525,0.01167315,0.0077821,0.00389105,0.06614786
0.04472843,0.02236422,0.01277955,0.01916933,0.,0.03514377,0.00319489,0.00638978,0.,0.00638978,0.00319489,0.00638978,0.,0.01597444,0.01597444,0.04472843,0.04472843,0.00958466,0.01277955,0.00958466,0.00958466,0.03194888,0.00319489,0.00958466,0.,0.01597444,0.02236422,0.00638978,0.00958466,0.00638978,0.00958466,0.00958466,0.06389776,0.03194888,0.00638978,0.02236422,0.01277955,0.04153355,0.01916933,0.01277955,0.00958466,0.03833866,0.01916933,0.01916933,0.00638978,0.00638978,0.03194888,0.01916933,0.00319489,0.02555911,0.,0.01277955,0.00319489,0.01916933,0.,0.,0.,0.00638978,0.01277955,0.01277955,0.02875399,0.00958466,0.02875399,0.02875399
0.02955665,0.,0.02463054,0.01477833,0.00492611,0.02955665,0.00492611,0.01477833,0.,0.01477833,0.00985222,0.02955665,0.00492611,0.02463054,0.01970443,0.03448276,0.03448276,0.00492611,0.01970443,0.01477833,0.01477833,0.01970443,0.00985222,0.00492611,0.00985222,0.,0.00985222,0.01477833,0.02463054,0.00985222,0.01970443,0.00985222,0.06403941,0.00985222,0.04433498,0.01477833,0.01970443,0.00492611,0.01477833,0.00985222,0.01970443,0.01477833,0.00492611,0.02463054,0.01477833,0.01970443,0.00492611,0.00985222,0.00492611,0.02463054,0.,0.01970443,0.00985222,0.01477833,0.01477833,0.01970443,0.,0.00492611,0.01477833,0.,0.01970443,0.00985222,0.01477833,0.04926108
0.00586854,0.03286385,0.00352113,0.02816901,0.01056338,0.03755869,0.0129108,0.01760563,0.00469484,0.01995305,0.00469484,0.01995305,0.00352113,0.01760563,0.01056338,0.03873239,0.04107981,0.00234742,0.01643192,0.00234742,0.01408451,0.01995305,0.00704225,0.00938967,0.00821596,0.0129108,0.01173709,0.01056338,0.01760563,0.0129108,0.01995305,0.00938967,0.03521127,0.02464789,0.01408451,0.03169014,0.00704225,0.04107981,0.01173709,0.01408451,0.02112676,0.03638498,0.03051643,0.01643192,0.01525822,0.00938967,0.03286385,0.01760563,0.00117371,0.01173709,0.,0.01525822,0.,0.01643192,0.00704225,0.00938967,0.,0.,0.01173709,0.,0.0129108,0.01056338,0.02816901,0.03169014
0.02199074,0.02199074,0.00347222,0.05671296,0.01736111,0.0150463,0.0150463,0.02199074,0.00115741,0.01041667,0.00462963,0.02314815,0.00925926,0.0150463,0.00462963,0.06365741,0.04282407,0.00115741,0.0150463,0.00347222,0.01273148,0.02083333,0.00462963,0.01157407,0.00925926,0.01041667,0.00231481,0.00925926,0.02083333,0.00694444,0.,0.01041667,0.05555556,0.01273148,0.01041667,0.03819444,0.0162037,0.01157407,0.00578704,0.01851852,0.02546296,0.02083333,0.0150463,0.02314815,0.01157407,0.01041667,0.01273148,0.03472222,0.00115741,0.00810185,0.,0.02893519,0.01041667,0.00810185,0.00810185,0.0162037,0.,0.,0.00694444,0.,0.03935185,0.00810185,0.00925926,0.04513889
0.01421801,0.00947867,0.00947867,0.02369668,0.00947867,0.03791469,0.00947867,0.00947867,0.,0.00473934,0.,0.02369668,0.00947867,0.02843602,0.02369668,0.02369668,0.03317536,0.,0.01895735,0.00473934,0.00947867,0.01421801,0.00947867,0.00473934,0.01421801,0.01895735,0.00947867,0.01895735,0.00947867,0.04265403,0.04265403,0.00947867,0.02843602,0.00473934,0.02843602,0.00947867,0.01421801,0.06635071,0.01895735,0.00947867,0.00473934,0.01895735,0.03791469,0.00473934,0.01421801,0.00473934,0.03317536,0.00947867,0.,0.,0.,0.02369668,0.,0.03317536,0.00473934,0.00473934,0.00473934,0.,0.00473934,0.00473934,0.03317536,0.01421801,0.02843602,0.03791469
0.00702576,0.01522248,0.0058548,0.04800937,0.01639344,0.02576112,0.01053864,0.01873536,0.0117096,0.00936768,0.01053864,0.0117096,0.01288056,0.01639344,0.00468384,0.03864169,0.03981265,0.00117096,0.01639344,0.00117096,0.00936768,0.02107728,0.01053864,0.01053864,0.0058548,0.01405152,0.01053864,0.01053864,0.01288056,0.0117096,0.01873536,0.00468384,0.04800937,0.02459016,0.01053864,0.04332553,0.01405152,0.02459016,0.0117096,0.01873536,0.01639344,0.0175644,0.02459016,0.02459016,0.01639344,0.0058548,0.02224824,0.02810304,0.00117096,0.01053864,0.,0.0175644,0.00819672,0.01288056,0.0117096,0.01053864,0.,0.,0.0117096,0.00117096,0.0234192,0.01405152,0.02224824,0.04098361
0.05341246,0.00593472,0.03857567,0.02967359,0.01780415,0.00593472,0.00593472,0.00296736,0.03264095,0.00296736,0.00890208,0.01186944,0.03857567,0.00890208,0.02077151,0.03560831,0.01186944,0.00593472,0.00296736,0.02373887,0.02077151,0.00296736,0.00296736,0.00296736,0.00296736,0.00593472,0.00296736,0.00593472,0.0148368,0.00296736,0.,0.04154303,0.0504451,0.01186944,0.02373887,0.04747774,0.02967359,0.00593472,0.,0.00890208,0.00890208,0.00296736,0.00296736,0.02077151,0.01780415,0.01186944,0.01186944,0.02670623,0.,0.01186944,0.00296736,0.03857567,0.02373887,0.0148368,0.00296736,0.02670623,0.,0.00296736,0.01186944,0.01186944,0.01780415,0.01780415,0.02077151,0.04154303
0.02545455,0.00909091,0.01090909,0.02,0.00727273,0.03454545,0.01090909,0.01090909,0.00363636,0.00545455,0.00363636,0.02,0.00181818,0.01454545,0.00909091,0.03454545,0.05272727,0.01454545,0.04181818,0.01818182,0.00545455,0.06363636,0.01454545,0.00545455,0.01090909,0.01454545,0.00909091,0.00545455,0.02727273,0.02545455,0.01272727,0.00727273,0.03454545,0.01818182,0.00909091,0.03818182,0.00363636,0.03454545,0.01272727,0.01272727,0.01090909,0.02545455,0.00181818,0.01636364,0.00909091,0.01090909,0.02181818,0.00545455,0.,0.00727273,0.,0.01090909,0.,0.01272727,0.00545455,0.00363636,0.00181818,0.00363636,0.02727273,0.00545455,0.03818182,0.00363636,0.03818182,0.02545455
0.02690583,0.01793722,0.00896861,0.02690583,0.0044843,0.02690583,0.01345291,0.02242152,0.,0.00896861,0.,0.0044843,0.0044843,0.,0.02690583,0.01793722,0.05381166,0.0044843,0.03139013,0.01345291,0.00896861,0.04484305,0.0044843,0.01345291,0.0044843,0.01345291,0.,0.,0.,0.00896861,0.01345291,0.,0.04932735,0.00896861,0.,0.02242152,0.01793722,0.04035874,0.00896861,0.03587444,0.02242152,0.04035874,0.01345291,0.03587444,0.0044843,0.00896861,0.02242152,0.02690583,0.,0.03587444,0.0044843,0.03139013,0.,0.00896861,0.00896861,0.0044843,0.,0.00896861,0.01345291,0.00896861,0.02242152,0.01345291,0.01793722,0.03587444
0.01194539,0.00682594,0.00511945,0.02047782,0.00170648,0.03754266,0.00682594,0.00853242,0.,0.02559727,0.,0.01706485,0.00511945,0.01194539,0.01877133,0.03754266,0.03071672,0.00341297,0.01535836,0.00511945,0.00682594,0.03412969,0.00853242,0.00511945,0.00341297,0.02047782,0.01194539,0.01365188,0.01365188,0.02047782,0.04778157,0.01706485,0.01535836,0.00682594,0.00682594,0.01706485,0.00853242,0.03412969,0.02047782,0.01706485,0.01023891,0.02389078,0.02389078,0.01877133,0.01365188,0.00682594,0.03583618,0.01535836,0.,0.01535836,0.,0.0221843,0.00170648,0.00853242,0.00341297,0.00853242,0.00170648,0.00853242,0.03924915,0.00682594,0.02389078,0.01877133,0.05119454,0.04266212
0.03968254,0.01984127,0.01587302,0.02777778,0.02380952,0.01984127,0.00396825,0.00793651,0.01190476,0.00396825,0.,0.01587302,0.00396825,0.01587302,0.03174603,0.05555556,0.02777778,0.00396825,0.01984127,0.00793651,0.00793651,0.01587302,0.01190476,0.01587302,0.00396825,0.01587302,0.00793651,0.00793651,0.01984127,0.00793651,0.00396825,0.01587302,0.03571429,0.00793651,0.00396825,0.01984127,0.,0.04365079,0.01984127,0.03174603,0.01587302,0.01984127,0.00396825,0.03174603,0.00793651,0.01190476,0.03174603,0.01984127,0.00396825,0.01190476,0.,0.03174603,0.,0.00793651,0.,0.00793651,0.,0.00396825,0.02777778,0.01190476,0.03174603,0.00396825,0.03571429,0.02380952
0.02226525,0.02226525,0.00968054,0.02904163,0.00290416,0.02710552,0.00193611,0.01839303,0.00774443,0.00968054,0.00387222,0.01645692,0.00484027,0.01742498,0.0125847,0.05517909,0.03484995,0.00484027,0.0125847,0.00968054,0.00968054,0.03969022,0.00871249,0.00774443,0.00580833,0.01645692,0.01355276,0.0125847,0.02032914,0.01742498,0.02807357,0.00968054,0.03097773,0.01452081,0.01548887,0.02613746,0.0106486,0.03291384,0.00677638,0.02129719,0.00871249,0.01742498,0.01645692,0.01936108,0.00968054,0.01161665,0.02516941,0.02129719,0.,0.01645692,0.00096805,0.02807357,0.00387222,0.01355276,0.00193611,0.00774443,0.,0.,0.02420136,0.00096805,0.02226525,0.01452081,0.03097773,0.03291384
0.0326087,0.01449275,0.01086957,0.01086957,0.00724638,0.0326087,0.,0.00362319,0.,0.01086957,0.,0.01449275,0.,0.02173913,0.02536232,0.04710145,0.0615942,0.01449275,0.01086957,0.01449275,0.01449275,0.01811594,0.01086957,0.01449275,0.,0.,0.01086957,0.01449275,0.01811594,0.01449275,0.01811594,0.00724638,0.05072464,0.02898551,0.00362319,0.01811594,0.00362319,0.05434783,0.01449275,0.0326087,0.02173913,0.02898551,0.0326087,0.02173913,0.02536232,0.00724638,0.05434783,0.01811594,0.,0.00724638,0.00362319,0.01449275,0.,0.00362319,0.00362319,0.,0.,0.00724638,0.,0.00362319,0.02536232,0.00362319,0.01811594,0.01811594
0.0134357,0.01919386,0.01535509,0.01727447,0.00383877,0.01727447,0.00767754,0.0134357,0.00575816,0.00383877,0.01151631,0.01919386,0.,0.0134357,0.01151631,0.02879079,0.0671785,0.00191939,0.0403071,0.,0.0134357,0.02879079,0.00383877,0.00575816,0.00575816,0.00575816,0.02495202,0.01535509,0.01727447,0.01151631,0.0134357,0.,0.05950096,0.01535509,0.01727447,0.03454894,0.00383877,0.06525912,0.03454894,0.01727447,0.01919386,0.01727447,0.0268714,0.01727447,0.0134357,0.0134357,0.03646833,0.01727447,0.,0.00959693,0.00191939,0.00191939,0.00575816,0.01919386,0.00383877,0.00191939,0.,0.,0.00959693,0.,0.03454894,0.00383877,0.02879079,0.0134357
0.00930233,0.00930233,0.01395349,0.02325581,0.00465116,0.02325581,0.00930233,0.01395349,0.00930233,0.00465116,0.00930233,0.00465116,0.,0.05116279,0.01395349,0.00465116,0.04186047,0.00465116,0.02325581,0.00465116,0.01860465,0.01860465,0.00465116,0.00465116,0.00465116,0.01860465,0.01395349,0.00465116,0.01395349,0.00930233,0.03255814,0.00465116,0.06046512,0.01395349,0.01395349,0.02790698,0.02325581,0.06976744,0.05116279,0.01860465,0.00465116,0.02790698,0.02325581,0.01395349,0.01860465,0.00465116,0.04651163,0.00465116,0.,0.02325581,0.00465116,0.00465116,0.,0.00465116,0.00930233,0.00465116,0.,0.,0.01860465,0.00930233,0.01395349,0.,0.0372093,0.01860465
0.02617801,0.01570681,0.01570681,0.0104712,0.,0.0104712,0.0104712,0.01570681,0.0052356,0.02094241,0.0104712,0.01570681,0.,0.0052356,0.02094241,0.05235602,0.03141361,0.0104712,0.02617801,0.01570681,0.0104712,0.02617801,0.0104712,0.01570681,0.0104712,0.0104712,0.01570681,0.02094241,0.01570681,0.,0.01570681,0.0104712,0.02617801,0.0104712,0.,0.04188482,0.0104712,0.06806283,0.03141361,0.01570681,0.0052356,0.01570681,0.03664921,0.01570681,0.0052356,0.0052356,0.06282723,0.01570681,0.,0.0052356,0.,0.02094241,0.,0.0052356,0.,0.0104712,0.0052356,0.0052356,0.0104712,0.,0.03664921,0.0052356,0.03141361,0.01570681
0.03680982,0.03067485,0.01226994,0.02147239,0.00613497,0.04601227,0.00613497,0.00920245,0.,0.00613497,0.00306748,0.01533742,0.,0.01533742,0.01533742,0.05828221,0.02760736,0.01533742,0.00920245,0.00306748,0.00306748,0.03374233,0.00306748,0.00306748,0.,0.01226994,0.01533742,0.00920245,0.00306748,0.01226994,0.01533742,0.01840491,0.04907975,0.02760736,0.00613497,0.03374233,0.01533742,0.05214724,0.01533742,0.00613497,0.01840491,0.05214724,0.02147239,0.02760736,0.00920245,0.01226994,0.04601227,0.00306748,0.00306748,0.02147239,0.,0.01226994,0.,0.01840491,0.,0.00613497,0.,0.00920245,0.01226994,0.00613497,0.01226994,0.00613497,0.01840491,0.01226994
0.02960526,0.00657895,0.01315789,0.02302632,0.00986842,0.01973684,0.02631579,0.01973684,0.00328947,0.01315789,0.,0.01315789,0.,0.02302632,0.01315789,0.02960526,0.03947368,0.00328947,0.02960526,0.00657895,0.01315789,0.02960526,0.01973684,0.00657895,0.,0.00986842,0.01315789,0.01315789,0.02631579,0.00657895,0.01644737,0.01644737,0.04276316,0.00328947,0.01973684,0.00986842,0.00986842,0.05592105,0.02631579,0.00986842,0.00657895,0.02631579,0.02631579,0.00657895,0.00986842,0.01644737,0.02631579,0.01973684,0.00328947,0.00657895,0.,0.00328947,0.00657895,0.00986842,0.00657895,0.01315789,0.,0.00328947,0.01644737,0.00657895,0.03289474,0.,0.04934211,0.03289474
0.01030928,0.01804124,0.00257732,0.01804124,0.,0.03350515,0.00257732,0.0128866,0.00773196,0.01030928,0.,0.0128866,0.00515464,0.02319588,0.02835052,0.03092784,0.02835052,0.00257732,0.0128866,0.0128866,0.00515464,0.0257732,0.00257732,0.00773196,0.00257732,0.01030928,0.0128866,0.01546392,0.0257732,0.00773196,0.04123711,0.0128866,0.0128866,0.00773196,0.00257732,0.0128866,0.00515464,0.06443299,0.01546392,0.01804124,0.01546392,0.04639175,0.02061856,0.01546392,0.01030928,0.0128866,0.03865979,0.00515464,0.00257732,0.01546392,0.,0.01804124,0.,0.02061856,0.,0.00257732,0.,0.00515464,0.04381443,0.00257732,0.04896907,0.01804124,0.03092784,0.04381443
0.02564103,0.,0.04487179,0.04487179,0.00641026,0.,0.00641026,0.01282051,0.01282051,0.00641026,0.00641026,0.00641026,0.01923077,0.03846154,0.03205128,0.06410256,0.01282051,0.01282051,0.00641026,0.,0.00641026,0.00641026,0.,0.,0.,0.,0.00641026,0.00641026,0.01282051,0.,0.03846154,0.00641026,0.03846154,0.01923077,0.01282051,0.01923077,0.,0.02564103,0.02564103,0.01282051,0.,0.02564103,0.,0.00641026,0.00641026,0.00641026,0.04487179,0.03846154,0.00641026,0.00641026,0.,0.01282051,0.,0.00641026,0.00641026,0.00641026,0.,0.00641026,0.00641026,0.00641026,0.05769231,0.00641026,0.06410256,0.08333333
0.02144772,0.02412869,0.0080429,0.02412869,0.00536193,0.01876676,0.00536193,0.01876676,0.00268097,0.0080429,0.0080429,0.01340483,0.,0.02144772,0.0080429,0.03753351,0.04825737,0.01072386,0.02949062,0.0080429,0.01608579,0.02680965,0.01072386,0.01608579,0.0080429,0.0080429,0.01340483,0.01340483,0.01876676,0.01340483,0.02412869,0.0080429,0.04021448,0.0080429,0.01072386,0.02949062,0.01340483,0.0536193,0.01608579,0.02144772,0.01340483,0.03485255,0.01876676,0.01340483,0.01072386,0.01340483,0.01072386,0.02144772,0.,0.0080429,0.00268097,0.02144772,0.00268097,0.00536193,0.00536193,0.01072386,0.,0.00268097,0.03217158,0.00536193,0.02412869,0.00268097,0.03217158,0.01608579
0.02946955,0.00982318,0.00785855,0.02554028,0.00196464,0.021611,0.01178782,0.00982318,0.00392927,0.00589391,0.01178782,0.00982318,0.00196464,0.00982318,0.02357564,0.04518664,0.03143418,0.00982318,0.021611,0.00589391,0.00785855,0.02946955,0.01768173,0.00982318,0.,0.01375246,0.01768173,0.00982318,0.00392927,0.01768173,0.02750491,0.00982318,0.06483301,0.00982318,0.021611,0.04125737,0.00392927,0.03536346,0.01375246,0.01375246,0.01375246,0.02750491,0.01571709,0.01571709,0.00392927,0.01768173,0.04125737,0.01571709,0.,0.01964637,0.00196464,0.01964637,0.00392927,0.01964637,0.00589391,0.00785855,0.,0.00589391,0.01768173,0.00589391,0.021611,0.00785855,0.021611,0.021611
0.01129944,0.,0.,0.02259887,0.01129944,0.02259887,0.01129944,0.00564972,0.00564972,0.03389831,0.00564972,0.02824859,0.,0.01694915,0.00564972,0.04519774,0.02824859,0.00564972,0.03389831,0.01129944,0.02824859,0.03389831,0.00564972,0.00564972,0.01129944,0.00564972,0.02259887,0.01129944,0.00564972,0.01129944,0.00564972,0.01129944,0.03954802,0.02259887,0.02259887,0.03389831,0.01694915,0.05084746,0.00564972,0.00564972,0.00564972,0.01129944,0.03389831,0.00564972,0.01694915,0.00564972,0.05084746,0.01694915,0.00564972,0.01694915,0.,0.01129944,0.00564972,0.00564972,0.,0.01129944,0.,0.,0.00564972,0.00564972,0.02259887,0.00564972,0.04519774,0.05084746
0.03546099,0.0141844,0.03546099,0.0141844,0.,0.0212766,0.0070922,0.0141844,0.0212766,0.,0.,0.0212766,0.,0.0070922,0.02836879,0.08510638,0.04964539,0.,0.0141844,0.0070922,0.,0.0141844,0.,0.0070922,0.,0.,0.0070922,0.,0.0141844,0.0212766,0.02836879,0.0141844,0.04964539,0.0212766,0.02836879,0.0212766,0.0070922,0.02836879,0.04255319,0.0212766,0.0141844,0.0070922,0.0212766,0.02836879,0.,0.0070922,0.0212766,0.0070922,0.0070922,0.0070922,0.,0.0141844,0.,0.03546099,0.0070922,0.,0.,0.0070922,0.0070922,0.0070922,0.0141844,0.02836879,0.0212766,0.03546099
0.04347826,0.,0.0310559,0.05590062,0.01242236,0.01863354,0.,0.0310559,0.,0.01242236,0.,0.01863354,0.00621118,0.00621118,0.01242236,0.0310559,0.01863354,0.02484472,0.01863354,0.00621118,0.00621118,0.02484472,0.0310559,0.00621118,0.,0.,0.00621118,0.00621118,0.,0.00621118,0.00621118,0.01242236,0.05590062,0.01242236,0.01863354,0.04347826,0.01242236,0.03726708,0.01242236,0.02484472,0.00621118,0.0310559,0.01863354,0.01242236,0.00621118,0.01242236,0.00621118,0.0310559,0.,0.00621118,0.00621118,0.01242236,0.,0.01863354,0.00621118,0.00621118,0.,0.00621118,0.01863354,0.00621118,0.03726708,0.00621118,0.0310559,0.04347826
0.01967213,0.01967213,0.01311475,0.02295082,0.00327869,0.01311475,0.00983607,0.01311475,0.00327869,0.01311475,0.,0.00327869,0.00327869,0.01311475,0.02295082,0.01967213,0.01639344,0.02295082,0.00655738,0.03278689,0.01311475,0.03606557,0.01967213,0.01311475,0.00655738,0.00655738,0.02622951,0.00655738,0.00983607,0.02622951,0.01311475,0.00327869,0.01967213,0.00983607,0.02622951,0.04262295,0.00655738,0.03934426,0.02622951,0.02295082,0.00655738,0.0295082,0.02622951,0.01639344,0.00983607,0.00655738,0.03934426,0.01639344,0.00327869,0.01967213,0.,0.0295082,0.,0.01639344,0.,0.00655738,0.,0.00655738,0.01311475,0.00983607,0.03278689,0.00655738,0.03934426,0.01967213
0.0367893,0.01003344,0.01003344,0.02675585,0.,0.04013378,0.01003344,0.00668896,0.01003344,0.01003344,0.,0.02006689,0.,0.02675585,0.01337793,0.04347826,0.01672241,0.,0.02006689,0.,0.00334448,0.03010033,0.00334448,0.00334448,0.,0.01337793,0.00668896,0.00334448,0.01003344,0.00668896,0.01003344,0.00334448,0.06020067,0.03010033,0.01003344,0.05685619,0.02006689,0.04682274,0.02341137,0.01672241,0.01672241,0.01672241,0.02341137,0.01003344,0.01003344,0.01003344,0.0367893,0.02341137,0.,0.02006689,0.00334448,0.02006689,0.00334448,0.01003344,0.,0.01672241,0.,0.,0.02341137,0.01003344,0.02006689,0.00668896,0.02675585,0.03344482
0.03448276,0.02298851,0.,0.02298851,0.,0.05747126,0.,0.,0.,0.03448276,0.,0.,0.,0.03448276,0.04597701,0.03448276,0.02298851,0.01149425,0.,0.01149425,0.,0.02298851,0.,0.02298851,0.,0.,0.,0.,0.01149425,0.01149425,0.03448276,0.01149425,0.,0.,0.,0.,0.,0.05747126,0.01149425,0.05747126,0.02298851,0.06896552,0.03448276,0.02298851,0.02298851,0.,0.03448276,0.02298851,0.01149425,0.,0.,0.,0.,0.02298851,0.,0.01149425,0.,0.01149425,0.01149425,0.,0.01149425,0.01149425,0.04597701,0.05747126
0.,0.03333333,0.,0.,0.03333333,0.03333333,0.,0.,0.,0.06666667,0.,0.,0.,0.03333333,0.06666667,0.03333333,0.,0.,0.,0.,0.,0.,0.,0.,0.,0.,0.03333333,0.,0.,0.,0.03333333,0.,0.,0.03333333,0.,0.,0.,0.,0.,0.,0.,0.03333333,0.,0.06666667,0.06666667,0.,0.06666667,0.03333333,0.,0.,0.03333333,0.,0.,0.03333333,0.,0.,0.,0.,0.1,0.,0.06666667,0.06666667,0.03333333,0.
0.,0.,0.01156069,0.00578035,0.,0.01156069,0.01156069,0.00578035,0.00578035,0.,0.,0.01156069,0.,0.01156069,0.02312139,0.06936416,0.01734104,0.00578035,0.02312139,0.00578035,0.00578035,0.02312139,0.,0.02312139,0.00578035,0.01156069,0.03468208,0.01734104,0.01734104,0.02890173,0.06936416,0.01156069,0.05780347,0.01734104,0.01156069,0.01734104,0.01734104,0.01156069,0.,0.00578035,0.00578035,0.01156069,0.00578035,0.01156069,0.00578035,0.03468208,0.06936416,0.04046243,0.,0.,0.,0.01156069,0.02312139,0.02890173,0.01156069,0.00578035,0.00578035,0.00578035,0.01156069,0.00578035,0.01734104,0.01156069,0.01734104,0.05202312
0.03174603,0.02857143,0.01587302,0.01904762,0.00634921,0.02539683,0.0031746,0.00952381,0.,0.00634921,0.0031746,0.01587302,0.,0.0031746,0.01587302,0.04444444,0.03809524,0.,0.03492063,0.,0.0031746,0.01269841,0.00634921,0.01904762,0.0031746,0.00634921,0.03809524,0.01587302,0.01269841,0.00634921,0.03174603,0.01587302,0.06349206,0.01269841,0.01269841,0.02539683,0.00952381,0.06031746,0.02857143,0.03174603,0.00634921,0.01587302,0.00634921,0.01269841,0.01904762,0.01904762,0.04126984,0.0031746,0.0031746,0.00634921,0.,0.01904762,0.,0.02539683,0.0031746,0.00952381,0.,0.0031746,0.,0.,0.01587302,0.00952381,0.03809524,0.02539683
0.01219512,0.02439024,0.,0.,0.01219512,0.03658537,0.,0.,0.,0.,0.,0.,0.,0.01219512,0.02439024,0.07317073,0.02439024,0.,0.01219512,0.,0.,0.01219512,0.,0.02439024,0.,0.01219512,0.01219512,0.,0.,0.01219512,0.03658537,0.01219512,0.03658537,0.,0.,0.01219512,0.,0.07317073,0.02439024,0.09756098,0.01219512,0.01219512,0.01219512,0.09756098,0.01219512,0.01219512,0.,0.04878049,0.01219512,0.01219512,0.,0.,0.,0.01219512,0.,0.04878049,0.,0.,0.,0.,0.02439024,0.01219512,0.04878049,0.02439024
0.03133159,0.02349869,0.0078329,0.02088773,0.0078329,0.01827676,0.00261097,0.02349869,0.0078329,0.01044386,0.0078329,0.01827676,0.00522193,0.01044386,0.0078329,0.02088773,0.04960836,0.00261097,0.03916449,0.00522193,0.01305483,0.03916449,0.0156658,0.01044386,0.0078329,0.0078329,0.01044386,0.0078329,0.0156658,0.02349869,0.03655352,0.0078329,0.04177546,0.02088773,0.00522193,0.0156658,0.01305483,0.03394256,0.02349869,0.02088773,0.01305483,0.02872063,0.0156658,0.01305483,0.0156658,0.00522193,0.03394256,0.00522193,0.00261097,0.00522193,0.,0.01827676,0.00261097,0.01827676,0.0078329,0.01044386,0.,0.,0.03394256,0.,0.02088773,0.,0.03133159,0.02610966
0.03065134,0.00383142,0.00383142,0.01532567,0.00383142,0.02298851,0.00383142,0.01532567,0.00383142,0.01915709,0.00766284,0.01915709,0.,0.01532567,0.00766284,0.07662835,0.03065134,0.01149425,0.01532567,0.01532567,0.01532567,0.01149425,0.01915709,0.00383142,0.01149425,0.01149425,0.01532567,0.01532567,0.00766284,0.01915709,0.01149425,0.00766284,0.04980843,0.01915709,0.01532567,0.04597701,0.00766284,0.01532567,0.01915709,0.00766284,0.,0.04980843,0.02681992,0.01532567,0.00766284,0.01915709,0.04214559,0.00766284,0.00383142,0.02298851,0.,0.00383142,0.00766284,0.02298851,0.00766284,0.00383142,0.,0.,0.00383142,0.01149425,0.02681992,0.01532567,0.02681992,0.02298851
0.00925926,0.00462963,0.01851852,0.03703704,0.00925926,0.01388889,0.00462963,0.00462963,0.00462963,0.00462963,0.00925926,0.00462963,0.01388889,0.00462963,0.01851852,0.05092593,0.03703704,0.00462963,0.02777778,0.00462963,0.01388889,0.01851852,0.00925926,0.01388889,0.01388889,0.,0.02777778,0.01851852,0.00925926,0.00462963,0.00462963,0.,0.08333333,0.01388889,0.02314815,0.05092593,0.00925926,0.01851852,0.00925926,0.00462963,0.02777778,0.,0.02314815,0.01851852,0.00925926,0.01851852,0.03240741,0.02777778,0.00462963,0.01851852,0.,0.02777778,0.,0.00462963,0.01388889,0.00462963,0.,0.,0.01851852,0.00462963,0.02777778,0.00462963,0.03703704,0.04166667
0.06299213,0.,0.01574803,0.02362205,0.,0.01574803,0.,0.01574803,0.03149606,0.,0.01574803,0.00787402,0.,0.01574803,0.00787402,0.03937008,0.03937008,0.01574803,0.00787402,0.06299213,0.02362205,0.02362205,0.,0.,0.,0.03149606,0.00787402,0.02362205,0.02362205,0.01574803,0.00787402,0.01574803,0.04724409,0.03149606,0.01574803,0.04724409,0.01574803,0.02362205,0.,0.01574803,0.,0.02362205,0.00787402,0.02362205,0.00787402,0.00787402,0.03149606,0.00787402,0.,0.03149606,0.,0.00787402,0.,0.01574803,0.,0.,0.00787402,0.,0.00787402,0.03937008,0.,0.,0.00787402,0.02362205
0.03177258,0.02341137,0.01337793,0.01505017,0.00167224,0.03177258,0.00668896,0.01170569,0.,0.00334448,0.00167224,0.0083612,0.,0.02675585,0.02508361,0.03511706,0.02842809,0.01337793,0.01337793,0.00334448,0.00501672,0.02675585,0.01505017,0.00501672,0.00334448,0.02006689,0.03344482,0.0083612,0.00668896,0.01170569,0.02341137,0.00334448,0.06688963,0.01672241,0.01839465,0.05183946,0.00167224,0.04013378,0.01337793,0.01337793,0.01170569,0.02508361,0.01839465,0.03344482,0.01003344,0.02006689,0.03846154,0.01672241,0.00167224,0.0083612,0.,0.01170569,0.00167224,0.0083612,0.00668896,0.00668896,0.,0.,0.,0.01170569,0.01337793,0.01003344,0.0367893,0.03010033
0.03533569,0.02120141,0.02826855,0.01060071,0.00353357,0.02120141,0.00706714,0.01060071,0.00353357,0.01413428,0.,0.01060071,0.,0.01766784,0.01413428,0.04240283,0.04240283,0.,0.03180212,0.00353357,0.00353357,0.02473498,0.00706714,0.00353357,0.00706714,0.01766784,0.01413428,0.,0.01766784,0.00353357,0.02826855,0.00353357,0.0565371,0.02120141,0.02120141,0.02473498,0.00706714,0.07067138,0.02473498,0.02120141,0.00706714,0.01766784,0.03180212,0.01060071,0.00353357,0.01413428,0.0565371,0.01413428,0.,0.00706714,0.00353357,0.00353357,0.,0.02120141,0.00706714,0.01060071,0.,0.,0.00706714,0.,0.01766784,0.01060071,0.02473498,0.03533569
0.01980198,0.01980198,0.03960396,0.02970297,0.02970297,0.02970297,0.,0.,0.00990099,0.,0.00990099,0.02970297,0.,0.01980198,0.01980198,0.,0.01980198,0.,0.00990099,0.,0.,0.00990099,0.00990099,0.00990099,0.,0.01980198,0.01980198,0.00990099,0.,0.01980198,0.02970297,0.01980198,0.03960396,0.01980198,0.,0.04950495,0.00990099,0.04950495,0.00990099,0.00990099,0.,0.05940594,0.02970297,0.02970297,0.00990099,0.01980198,0.07920792,0.02970297,0.00990099,0.00990099,0.,0.00990099,0.,0.00990099,0.00990099,0.,0.,0.,0.00990099,0.,0.02970297,0.00990099,0.01980198,0.
0.01036269,0.00518135,0.01554404,0.02590674,0.,0.02590674,0.00518135,0.00518135,0.,0.00518135,0.,0.01036269,0.00518135,0.01036269,0.03108808,0.01554404,0.06735751,0.,0.01036269,0.01554404,0.01554404,0.05181347,0.01036269,0.02590674,0.01036269,0.01554404,0.00518135,0.01036269,0.00518135,0.02072539,0.01554404,0.02072539,0.02590674,0.,0.00518135,0.05181347,0.01554404,0.03108808,0.01554404,0.00518135,0.00518135,0.01036269,0.03626943,0.03108808,0.00518135,0.02072539,0.02072539,0.01554404,0.00518135,0.01036269,0.,0.01554404,0.,0.01036269,0.01036269,0.01036269,0.,0.,0.04663212,0.01036269,0.03108808,0.02072539,0.03108808,0.03108808
0.00344828,0.04137931,0.,0.04482759,0.00344828,0.02068966,0.01034483,0.02413793,0.00344828,0.0137931,0.00689655,0.04137931,0.00689655,0.00344828,0.02068966,0.01034483,0.07586207,0.,0.02758621,0.,0.01724138,0.01724138,0.00344828,0.00689655,0.01034483,0.01724138,0.02068966,0.03103448,0.,0.0137931,0.,0.00344828,0.01034483,0.01034483,0.,0.03448276,0.01034483,0.01724138,0.00689655,0.01034483,0.04137931,0.04482759,0.03793103,0.03793103,0.,0.0137931,0.02413793,0.01724138,0.00344828,0.0137931,0.,0.04137931,0.00344828,0.01724138,0.00689655,0.01724138,0.,0.00344828,0.0137931,0.00689655,0.02413793,0.00689655,0.00689655,0.01724138
0.0268595,0.01239669,0.00413223,0.02892562,0.00413223,0.03099174,0.00619835,0.01652893,0.00826446,0.00206612,0.00413223,0.02272727,0.00206612,0.02066116,0.01446281,0.04338843,0.04958678,0.01239669,0.01033058,0.02479339,0.00826446,0.03512397,0.01446281,0.02066116,0.00413223,0.00413223,0.00619835,0.,0.00826446,0.01652893,0.01033058,0.00413223,0.03719008,0.00413223,0.01239669,0.0392562,0.01446281,0.03305785,0.0268595,0.03512397,0.01446281,0.01239669,0.02479339,0.02272727,0.00619835,0.01652893,0.01239669,0.02272727,0.00206612,0.00206612,0.,0.00826446,0.00206612,0.01239669,0.00206612,0.00206612,0.,0.00206612,0.01033058,0.00619835,0.0661157,0.00413223,0.04132231,0.0268595
0.05084746,0.02259887,0.01129944,0.01694915,0.00564972,0.03954802,0.00564972,0.02824859,0.01129944,0.00564972,0.,0.01129944,0.,0.00564972,0.02259887,0.,0.03954802,0.00564972,0.01129944,0.01694915,0.00564972,0.03389831,0.,0.01694915,0.,0.01694915,0.,0.01129944,0.01129944,0.01129944,0.01129944,0.01694915,0.06214689,0.00564972,0.01129944,0.02824859,0.00564972,0.01694915,0.,0.04519774,0.00564972,0.03954802,0.,0.03954802,0.01129944,0.01694915,0.01129944,0.02259887,0.,0.01694915,0.00564972,0.02824859,0.00564972,0.03954802,0.,0.00564972,0.,0.01694915,0.01694915,0.01129944,0.02259887,0.01694915,0.01129944,0.03389831
0.03211009,0.00458716,0.01376147,0.03669725,0.01376147,0.01376147,0.03211009,0.01834862,0.,0.,0.,0.01376147,0.00917431,0.02293578,0.04587156,0.08256881,0.00458716,0.,0.00458716,0.00458716,0.00917431,0.01834862,0.00917431,0.01376147,0.00458716,0.,0.,0.,0.01376147,0.00917431,0.00917431,0.01834862,0.04587156,0.00458716,0.01834862,0.00917431,0.01834862,0.06422018,0.02752294,0.03211009,0.00458716,0.02293578,0.02752294,0.01834862,0.,0.,0.05504587,0.00917431,0.00458716,0.00458716,0.,0.,0.00458716,0.02752294,0.00458716,0.00458716,0.,0.,0.00917431,0.00917431,0.02752294,0.00458716,0.05045872,0.03211009
0.03643725,0.01619433,0.03238866,0.02834008,0.00607287,0.01012146,0.00404858,0.01619433,0.00202429,0.00607287,0.00607287,0.02631579,0.00202429,0.01619433,0.01619433,0.04453441,0.0465587,0.01012146,0.02226721,0.01012146,0.00809717,0.01417004,0.,0.01417004,0.00607287,0.00607287,0.01012146,0.01214575,0.01417004,0.00809717,0.01214575,0.00809717,0.06882591,0.02024291,0.01417004,0.048583,0.02024291,0.01619433,0.00404858,0.03036437,0.01619433,0.01417004,0.02226721,0.01214575,0.01012146,0.01012146,0.01012146,0.01417004,0.,0.01417004,0.00202429,0.02226721,0.01012146,0.00202429,0.00202429,0.01619433,0.,0.00404858,0.01012146,0.00404858,0.03846154,0.01012146,0.0242915,0.03643725
0.024,0.004,0.016,0.024,0.,0.032,0.012,0.02,0.,0.012,0.016,0.016,0.,0.016,0.028,0.024,0.036,0.016,0.044,0.02,0.008,0.028,0.016,0.008,0.,0.012,0.012,0.008,0.016,0.036,0.024,0.,0.044,0.016,0.008,0.044,0.004,0.024,0.02,0.016,0.004,0.028,0.008,0.012,0.,0.004,0.028,0.02,0.,0.02,0.004,0.02,0.,0.016,0.,0.016,0.,0.,0.024,0.004,0.036,0.004,0.028,0.02
0.02754821,0.02203857,0.0137741,0.02203857,0.00275482,0.0137741,0.00826446,0.01652893,0.00550964,0.00550964,0.00275482,0.02754821,0.00275482,0.00826446,0.0137741,0.02479339,0.03581267,0.,0.03581267,0.00550964,0.00826446,0.03305785,0.0137741,0.00550964,0.00550964,0.01101928,0.0137741,0.00550964,0.00826446,0.01928375,0.04407713,0.00550964,0.03856749,0.01928375,0.00550964,0.02754821,0.00550964,0.04407713,0.03856749,0.00826446,0.01652893,0.02754821,0.02479339,0.03030303,0.0137741,0.00275482,0.04958678,0.01928375,0.,0.00826446,0.00275482,0.01928375,0.,0.0137741,0.01101928,0.,0.,0.,0.02203857,0.,0.03030303,0.00550964,0.02754821,0.01928375
0.03465347,0.00990099,0.00990099,0.01485149,0.,0.0049505,0.00990099,0.0049505,0.0049505,0.01980198,0.,0.00990099,0.0049505,0.01980198,0.02475248,0.03465347,0.0049505,0.0049505,0.02475248,0.,0.0049505,0.02970297,0.00990099,0.0049505,0.,0.02475248,0.00990099,0.03465347,0.00990099,0.01485149,0.03465347,0.00990099,0.03960396,0.02970297,0.00990099,0.05445545,0.0049505,0.01980198,0.0049505,0.02475248,0.00990099,0.02475248,0.0049505,0.01980198,0.01980198,0.0049505,0.01485149,0.04455446,0.0049505,0.02475248,0.,0.02475248,0.,0.04455446,0.,0.0049505,0.,0.0049505,0.00990099,0.00990099,0.02475248,0.01980198,0.02475248,0.03960396
0.01706485,0.01194539,0.01706485,0.02730375,0.00682594,0.01877133,0.00341297,0.01535836,0.01023891,0.00853242,0.00682594,0.01877133,0.01365188,0.01194539,0.01194539,0.06313993,0.03754266,0.00853242,0.01706485,0.0221843,0.00853242,0.00853242,0.01023891,0.00853242,0.00511945,0.00170648,0.00511945,0.01535836,0.01706485,0.01535836,0.01877133,0.01706485,0.02559727,0.0221843,0.01023891,0.01194539,0.01365188,0.03583618,0.01023891,0.03071672,0.00853242,0.02559727,0.01023891,0.01535836,0.01023891,0.01535836,0.01706485,0.02730375,0.,0.00511945,0.,0.01535836,0.00511945,0.0221843,0.00511945,0.01023891,0.00170648,0.00341297,0.01877133,0.00682594,0.02047782,0.0221843,0.02559727,0.06825939
0.03089888,0.02247191,0.02247191,0.01404494,0.01123596,0.04213483,0.01123596,0.02247191,0.,0.00561798,0.,0.01123596,0.,0.01404494,0.00842697,0.03089888,0.03089888,0.00561798,0.02808989,0.00561798,0.00280899,0.0252809,0.00561798,0.00842697,0.00842697,0.01123596,0.02247191,0.01123596,0.01123596,0.03089888,0.03651685,0.00280899,0.06179775,0.01966292,0.02808989,0.0505618,0.00561798,0.05337079,0.03089888,0.01966292,0.00561798,0.01404494,0.00280899,0.01685393,0.00561798,0.00561798,0.03370787,0.00561798,0.,0.,0.,0.01123596,0.00280899,0.0252809,0.00280899,0.00280899,0.00280899,0.00280899,0.01404494,0.00561798,0.02247191,0.00561798,0.02808989,0.01966292
0.04379562,0.02919708,0.05839416,0.02189781,0.02189781,0.02189781,0.,0.02189781,0.,0.00729927,0.01459854,0.01459854,0.00729927,0.01459854,0.03649635,0.02189781,0.02919708,0.,0.00729927,0.,0.02189781,0.00729927,0.,0.02919708,0.,0.01459854,0.,0.,0.00729927,0.01459854,0.02919708,0.02189781,0.02189781,0.01459854,0.04379562,0.02189781,0.01459854,0.01459854,0.00729927,0.01459854,0.00729927,0.00729927,0.,0.00729927,0.01459854,0.00729927,0.00729927,0.02919708,0.00729927,0.02919708,0.,0.01459854,0.01459854,0.00729927,0.02919708,0.00729927,0.,0.01459854,0.,0.00729927,0.02919708,0.01459854,0.05109489,0.02189781
0.0127551,0.0127551,0.00765306,0.0127551,0.00765306,0.02806122,0.00255102,0.01530612,0.00510204,0.0127551,0.00255102,0.01785714,0.01020408,0.01020408,0.03826531,0.03571429,0.02040816,0.00255102,0.01785714,0.00255102,0.01785714,0.01020408,0.01020408,0.0127551,0.00765306,0.00510204,0.01020408,0.00765306,0.02040816,0.02040816,0.02806122,0.00765306,0.01020408,0.00510204,0.00765306,0.00510204,0.01785714,0.03571429,0.0127551,0.01785714,0.02806122,0.02295918,0.02806122,0.03316327,0.0127551,0.00510204,0.03571429,0.02295918,0.00255102,0.00510204,0.,0.01020408,0.00765306,0.0127551,0.00255102,0.00510204,0.,0.,0.03316327,0.01020408,0.06377551,0.02040816,0.05357143,0.03826531
0.01724138,0.01724138,0.,0.01724138,0.,0.,0.01724138,0.01724138,0.,0.01724138,0.,0.01724138,0.,0.05172414,0.05172414,0.03448276,0.01724138,0.01724138,0.03448276,0.,0.,0.01724138,0.,0.,0.,0.,0.,0.01724138,0.01724138,0.,0.01724138,0.,0.,0.01724138,0.,0.05172414,0.01724138,0.05172414,0.01724138,0.03448276,0.,0.01724138,0.03448276,0.03448276,0.,0.,0.03448276,0.06896552,0.,0.,0.,0.,0.,0.05172414,0.,0.,0.01724138,0.,0.,0.03448276,0.01724138,0.,0.03448276,0.06896552
0.02202643,0.01762115,0.02202643,0.02643172,0.,0.01321586,0.01762115,0.0154185,0.00220264,0.00660793,0.00220264,0.01762115,0.00220264,0.01762115,0.02422907,0.05066079,0.01982379,0.00220264,0.02863436,0.01321586,0.00440529,0.01321586,0.01762115,0.00440529,0.00220264,0.00220264,0.01762115,0.01982379,0.01101322,0.00660793,0.0154185,0.01101322,0.03524229,0.0154185,0.02422907,0.03964758,0.00881057,0.03303965,0.02422907,0.01321586,0.0154185,0.01982379,0.02422907,0.03303965,0.01762115,0.01321586,0.05506608,0.01982379,0.,0.00881057,0.00220264,0.0154185,0.00440529,0.01321586,0.01101322,0.00440529,0.,0.00220264,0.00660793,0.01101322,0.0154185,0.00881057,0.03524229,0.02202643
0.03544776,0.01865672,0.01679104,0.02052239,0.00373134,0.02985075,0.00186567,0.01119403,0.00373134,0.00746269,0.00932836,0.02052239,0.00186567,0.0130597,0.01679104,0.02798507,0.06529851,0.00373134,0.07089552,0.01119403,0.00373134,0.00746269,0.00373134,0.00373134,0.00932836,0.01865672,0.01119403,0.01119403,0.01492537,0.02425373,0.02985075,0.00559701,0.09701493,0.01865672,0.0391791,0.02238806,0.0130597,0.03544776,0.01492537,0.01865672,0.00746269,0.0130597,0.0130597,0.00746269,0.00373134,0.00373134,0.02238806,0.0130597,0.,0.00559701,0.00186567,0.00746269,0.,0.00746269,0.00373134,0.,0.,0.00186567,0.00746269,0.00186567,0.0261194,0.00373134,0.04104478,0.01492537
0.02469136,0.00823045,0.01028807,0.01851852,0.00823045,0.02674897,0.00411523,0.01646091,0.,0.00823045,0.,0.01440329,0.,0.02469136,0.01646091,0.02263374,0.07201646,0.00617284,0.0473251,0.01440329,0.01851852,0.02674897,0.01234568,0.00617284,0.00823045,0.01234568,0.01234568,0.01234568,0.02057613,0.01028807,0.03703704,0.00205761,0.04115226,0.01234568,0.01440329,0.02057613,0.01234568,0.0617284,0.00411523,0.01440329,0.01851852,0.00823045,0.01851852,0.02263374,0.00205761,0.01440329,0.02469136,0.01028807,0.,0.00823045,0.00205761,0.00205761,0.00411523,0.01646091,0.,0.00205761,0.,0.00205761,0.03909465,0.,0.0308642,0.00411523,0.05144033,0.01440329
0.04149378,0.03319502,0.02489627,0.02904564,0.00414938,0.02489627,0.00829876,0.,0.,0.01659751,0.,0.01244813,0.,0.01244813,0.04149378,0.03319502,0.04564315,0.01244813,0.00414938,0.00829876,0.,0.01244813,0.,0.00414938,0.00414938,0.01244813,0.01659751,0.01659751,0.00414938,0.03319502,0.02074689,0.00829876,0.05809129,0.02904564,0.01659751,0.02074689,0.00414938,0.06224066,0.00829876,0.02489627,0.,0.04979253,0.00829876,0.00829876,0.,0.02489627,0.02489627,0.01244813,0.,0.03319502,0.00414938,0.01244813,0.,0.03319502,0.,0.00414938,0.,0.00414938,0.00414938,0.,0.00414938,0.02489627,0.01244813,0.02489627
0.0408805,0.02201258,0.02201258,0.02987421,0.00157233,0.03930818,0.00628931,0.00471698,0.00471698,0.01415094,0.,0.01415094,0.,0.01572327,0.02201258,0.02515723,0.03144654,0.01257862,0.02201258,0.00786164,0.00314465,0.02830189,0.0172956,0.00314465,0.00314465,0.0172956,0.02672956,0.01415094,0.01257862,0.0172956,0.02672956,0.00471698,0.04245283,0.02830189,0.01257862,0.03616352,0.00628931,0.04874214,0.01572327,0.01100629,0.00786164,0.02201258,0.0172956,0.02987421,0.00943396,0.0172956,0.02672956,0.00786164,0.00157233,0.02515723,0.,0.01886792,0.,0.01100629,0.00314465,0.00314465,0.,0.00628931,0.00943396,0.00471698,0.00628931,0.01886792,0.02201258,0.01886792
0.03174603,0.01587302,0.,0.01587302,0.,0.03174603,0.00793651,0.02380952,0.01587302,0.02380952,0.01587302,0.01587302,0.,0.03968254,0.03174603,0.04761905,0.02380952,0.,0.01587302,0.01587302,0.,0.00793651,0.,0.00793651,0.,0.01587302,0.,0.01587302,0.03968254,0.00793651,0.03968254,0.01587302,0.08730159,0.,0.,0.02380952,0.00793651,0.01587302,0.,0.02380952,0.,0.02380952,0.02380952,0.01587302,0.00793651,0.01587302,0.02380952,0.00793651,0.00793651,0.,0.,0.01587302,0.,0.01587302,0.00793651,0.,0.,0.,0.01587302,0.00793651,0.01587302,0.02380952,0.05555556,0.03174603
0.00221239,0.00442478,0.01106195,0.0199115,0.00442478,0.02876106,0.00442478,0.01769912,0.00663717,0.01106195,0.01106195,0.00884956,0.00442478,0.00442478,0.02654867,0.0199115,0.04867257,0.,0.0199115,0.00442478,0.02654867,0.07743363,0.03097345,0.03539823,0.00884956,0.01106195,0.00884956,0.0199115,0.01769912,0.01548673,0.02876106,0.00663717,0.04646018,0.01106195,0.01548673,0.03318584,0.00442478,0.03539823,0.0199115,0.02876106,0.00884956,0.00884956,0.01106195,0.01327434,0.01327434,0.00442478,0.03539823,0.00442478,0.,0.00663717,0.00221239,0.01769912,0.00221239,0.01327434,0.00221239,0.01327434,0.,0.00221239,0.01106195,0.00442478,0.02433628,0.00442478,0.03539823,0.0199115
0.03821656,0.02547771,0.02547771,0.02547771,0.01910828,0.03184713,0.01910828,0.01273885,0.,0.,0.00636943,0.,0.,0.01273885,0.03821656,0.02547771,0.05095541,0.,0.03821656,0.,0.01273885,0.04458599,0.03821656,0.01910828,0.,0.00636943,0.00636943,0.00636943,0.01910828,0.,0.02547771,0.,0.03184713,0.,0.04458599,0.01910828,0.01273885,0.01910828,0.01910828,0.03821656,0.00636943,0.01910828,0.07006369,0.00636943,0.00636943,0.00636943,0.02547771,0.,0.,0.,0.00636943,0.01273885,0.00636943,0.01273885,0.,0.,0.,0.,0.,0.,0.02547771,0.00636943,0.05095541,0.00636943
0.00985222,0.00985222,0.02463054,0.02955665,0.00492611,0.00985222,0.00492611,0.01970443,0.00985222,0.00985222,0.00492611,0.01970443,0.,0.01970443,0.01970443,0.03940887,0.00492611,0.00492611,0.03448276,0.00492611,0.,0.01970443,0.00985222,0.00985222,0.,0.01477833,0.01477833,0.00985222,0.00985222,0.00985222,0.02955665,0.00985222,0.03940887,0.02955665,0.03448276,0.03940887,0.00985222,0.03448276,0.02463054,0.00985222,0.01477833,0.03448276,0.,0.00985222,0.00492611,0.00985222,0.01970443,0.02463054,0.00492611,0.03448276,0.,0.02955665,0.,0.02463054,0.00492611,0.00492611,0.,0.,0.00985222,0.01477833,0.01970443,0.,0.03940887,0.04926108
0.04273504,0.,0.02564103,0.03418803,0.02564103,0.02564103,0.01709402,0.00854701,0.,0.01709402,0.00854701,0.,0.00854701,0.03418803,0.00854701,0.01709402,0.,0.00854701,0.,0.01709402,0.00854701,0.01709402,0.04273504,0.02564103,0.00854701,0.,0.00854701,0.,0.01709402,0.00854701,0.02564103,0.,0.03418803,0.00854701,0.02564103,0.01709402,0.02564103,0.02564103,0.,0.05128205,0.01709402,0.00854701,0.03418803,0.,0.,0.01709402,0.01709402,0.01709402,0.00854701,0.00854701,0.,0.02564103,0.,0.00854701,0.,0.00854701,0.,0.00854701,0.02564103,0.02564103,0.03418803,0.03418803,0.02564103,0.02564103
0.03191489,0.01595745,0.0106383,0.03723404,0.0212766,0.0106383,0.,0.00531915,0.0106383,0.0212766,0.,0.0212766,0.00531915,0.0212766,0.0106383,0.04255319,0.06382979,0.,0.0212766,0.,0.02659574,0.04255319,0.,0.0106383,0.01595745,0.0106383,0.,0.00531915,0.04255319,0.03723404,0.00531915,0.01595745,0.03723404,0.0212766,0.0212766,0.0212766,0.00531915,0.00531915,0.00531915,0.0106383,0.0106383,0.0106383,0.01595745,0.03723404,0.,0.0106383,0.01595745,0.0212766,0.,0.0106383,0.00531915,0.0106383,0.0106383,0.0212766,0.00531915,0.0212766,0.,0.,0.0212766,0.0106383,0.01595745,0.00531915,0.01595745,0.03191489
0.03225806,0.00230415,0.01843318,0.02995392,0.01843318,0.01612903,0.01843318,0.00921659,0.00691244,0.00921659,0.00691244,0.01612903,0.,0.01382488,0.00691244,0.03917051,0.02073733,0.00691244,0.03686636,0.02304147,0.01612903,0.01382488,0.01152074,0.01152074,0.00691244,0.00460829,0.00921659,0.00230415,0.01382488,0.00921659,0.01382488,0.00921659,0.03225806,0.00691244,0.02304147,0.03456221,0.01382488,0.03225806,0.02995392,0.01612903,0.00691244,0.02073733,0.02304147,0.02073733,0.00691244,0.01152074,0.02534562,0.01612903,0.,0.00921659,0.00230415,0.02764977,0.00691244,0.00691244,0.00230415,0.01152074,0.,0.00230415,0.01152074,0.01843318,0.03917051,0.00921659,0.03456221,0.0437788
0.02638522,0.00263852,0.03693931,0.03693931,0.01319261,0.00263852,0.02902375,0.01846966,0.00263852,0.01055409,0.00527704,0.01583113,0.00791557,0.01319261,0.03693931,0.05277045,0.01583113,0.00527704,0.00527704,0.01583113,0.01319261,0.01055409,0.01319261,0.01319261,0.,0.01319261,0.01319261,0.00791557,0.,0.00527704,0.00791557,0.00791557,0.02902375,0.00263852,0.03693931,0.05013193,0.01319261,0.00791557,0.03693931,0.02902375,0.00263852,0.03430079,0.02638522,0.01583113,0.00791557,0.01055409,0.0237467,0.01583113,0.,0.01583113,0.,0.0237467,0.00527704,0.00527704,0.01319261,0.01319261,0.00263852,0.,0.01846966,0.01319261,0.0237467,0.00791557,0.02638522,0.02902375
0.05172414,0.00862069,0.04310345,0.02586207,0.,0.00862069,0.00862069,0.00862069,0.00862069,0.01724138,0.02586207,0.01724138,0.00862069,0.02586207,0.02586207,0.00862069,0.01724138,0.,0.03448276,0.01724138,0.,0.01724138,0.00862069,0.,0.,0.,0.,0.,0.01724138,0.01724138,0.02586207,0.01724138,0.02586207,0.02586207,0.02586207,0.05172414,0.00862069,0.,0.,0.,0.01724138,0.00862069,0.,0.01724138,0.00862069,0.03448276,0.03448276,0.04310345,0.,0.,0.,0.01724138,0.00862069,0.01724138,0.00862069,0.02586207,0.00862069,0.01724138,0.,0.01724138,0.00862069,0.03448276,0.01724138,0.05172414
0.01466276,0.02346041,0.01173021,0.03812317,0.01466276,0.01759531,0.,0.01466276,0.00879765,0.00879765,0.,0.02052786,0.02932551,0.0058651,0.00879765,0.05278592,0.02052786,0.00293255,0.01173021,0.02346041,0.02052786,0.01759531,0.,0.00293255,0.01759531,0.00879765,0.00293255,0.02346041,0.01173021,0.00879765,0.00879765,0.02346041,0.03225806,0.01759531,0.01466276,0.03225806,0.02346041,0.01466276,0.0058651,0.03225806,0.01466276,0.01759531,0.01173021,0.02932551,0.02346041,0.01173021,0.0058651,0.02932551,0.,0.01466276,0.,0.03225806,0.01173021,0.01173021,0.01466276,0.02052786,0.00293255,0.,0.00879765,0.02052786,0.03812317,0.,0.0058651,0.02639296
0.04361371,0.02180685,0.00623053,0.02492212,0.00934579,0.01246106,0.00623053,0.01557632,0.00311526,0.00623053,0.00934579,0.03115265,0.01246106,0.02492212,0.02180685,0.03115265,0.02803738,0.,0.02492212,0.00623053,0.01557632,0.01557632,0.,0.00623053,0.00311526,0.00934579,0.01246106,0.01246106,0.01869159,0.01246106,0.,0.00934579,0.04049844,0.01246106,0.01869159,0.03115265,0.02180685,0.03426791,0.01557632,0.02492212,0.01557632,0.01869159,0.01246106,0.01246106,0.00311526,0.02180685,0.01869159,0.01869159,0.,0.00623053,0.,0.04049844,0.01557632,0.02180685,0.,0.01869159,0.00311526,0.00623053,0.01869159,0.00311526,0.02803738,0.00934579,0.02492212,0.02803738
0.02583979,0.03100775,0.00516796,0.02067183,0.0129199,0.01550388,0.00516796,0.02583979,0.0129199,0.0129199,0.00258398,0.01033592,0.01033592,0.02583979,0.01033592,0.04392765,0.04651163,0.01550388,0.02325581,0.02067183,0.0129199,0.02842377,0.01033592,0.01550388,0.00775194,0.01033592,0.00516796,0.02067183,0.02842377,0.02067183,0.01550388,0.02067183,0.03617571,0.02067183,0.00516796,0.01550388,0.0129199,0.04909561,0.00258398,0.02325581,0.01033592,0.01808786,0.01033592,0.00775194,0.00775194,0.00775194,0.00258398,0.03100775,0.,0.01808786,0.00258398,0.01033592,0.01033592,0.01808786,0.,0.01550388,0.,0.00775194,0.02842377,0.00258398,0.01550388,0.01033592,0.0129199,0.0129199
0.,0.03030303,0.03030303,0.04545455,0.01515152,0.06060606,0.,0.03030303,0.01515152,0.,0.01515152,0.,0.01515152,0.01515152,0.03030303,0.12121212,0.03030303,0.03030303,0.03030303,0.,0.,0.,0.,0.01515152,0.,0.,0.,0.,0.,0.,0.,0.01515152,0.04545455,0.04545455,0.01515152,0.06060606,0.01515152,0.03030303,0.,0.01515152,0.01515152,0.,0.,0.,0.,0.03030303,0.01515152,0.,0.,0.01515152,0.01515152,0.01515152,0.,0.,0.01515152,0.01515152,0.,0.,0.,0.01515152,0.01515152,0.01515152,0.01515152,0.03030303
0.02588235,0.01411765,0.02352941,0.01411765,0.00705882,0.01647059,0.00470588,0.01647059,0.01176471,0.01411765,0.00470588,0.,0.,0.02352941,0.01176471,0.04,0.04470588,0.00470588,0.01882353,0.01176471,0.00941176,0.02823529,0.00705882,0.00705882,0.00470588,0.01647059,0.01176471,0.00705882,0.01647059,0.01411765,0.03058824,0.01647059,0.04235294,0.02117647,0.01176471,0.02352941,0.02117647,0.03764706,0.01882353,0.02117647,0.01882353,0.01176471,0.02352941,0.00705882,0.00470588,0.01882353,0.03058824,0.01647059,0.00235294,0.00941176,0.,0.02588235,0.00235294,0.01882353,0.,0.00470588,0.,0.00705882,0.01411765,0.01647059,0.02117647,0.00941176,0.03294118,0.02823529
0.01492537,0.02487562,0.00746269,0.01741294,0.00497512,0.02487562,0.01741294,0.00995025,0.00248756,0.01492537,0.00248756,0.02238806,0.00248756,0.02238806,0.02487562,0.039801,0.02985075,0.00497512,0.03482587,0.01243781,0.00248756,0.03731343,0.00746269,0.00497512,0.00746269,0.00995025,0.02736318,0.,0.01492537,0.01492537,0.03482587,0.00248756,0.03482587,0.02736318,0.02238806,0.02487562,0.00497512,0.04975124,0.0199005,0.00746269,0.00995025,0.02736318,0.02736318,0.01243781,0.,0.00746269,0.03731343,0.01243781,0.00248756,0.01492537,0.,0.01243781,0.,0.01492537,0.00995025,0.00497512,0.,0.00248756,0.01243781,0.00248756,0.02238806,0.00497512,0.04726368,0.02238806
0.01724138,0.06896552,0.01724138,0.01724138,0.,0.01724138,0.,0.01724138,0.,0.,0.,0.01724138,0.,0.03448276,0.03448276,0.,0.05172414,0.,0.01724138,0.,0.,0.03448276,0.01724138,0.,0.,0.01724138,0.01724138,0.,0.01724138,0.05172414,0.03448276,0.,0.0862069,0.,0.,0.01724138,0.,0.03448276,0.01724138,0.01724138,0.03448276,0.03448276,0.01724138,0.,0.,0.,0.06896552,0.,0.,0.01724138,0.01724138,0.01724138,0.,0.,0.,0.,0.,0.,0.01724138,0.,0.,0.03448276,0.03448276,0.03448276
0.03424658,0.01027397,0.01712329,0.01712329,0.00342466,0.0239726,0.01027397,0.01027397,0.00342466,0.02054795,0.,0.02054795,0.01027397,0.01369863,0.01712329,0.04109589,0.01712329,0.00684932,0.01712329,0.01369863,0.00684932,0.0239726,0.01027397,0.01027397,0.00684932,0.0239726,0.01027397,0.00684932,0.02054795,0.0239726,0.0239726,0.00684932,0.06164384,0.01712329,0.0239726,0.02739726,0.,0.02739726,0.02054795,0.01369863,0.00342466,0.01369863,0.00342466,0.02054795,0.01712329,0.01369863,0.04794521,0.01027397,0.00342466,0.01027397,0.,0.01027397,0.00342466,0.02739726,0.,0.01712329,0.,0.00684932,0.01369863,0.00684932,0.0239726,0.01027397,0.03424658,0.02739726
0.01111111,0.02962963,0.0037037,0.06666667,0.,0.01481481,0.,0.02222222,0.,0.02222222,0.,0.01851852,0.,0.0037037,0.04444444,0.02962963,0.04074074,0.00740741,0.02592593,0.01111111,0.0037037,0.07037037,0.01481481,0.02962963,0.01111111,0.00740741,0.00740741,0.00740741,0.0037037,0.00740741,0.03333333,0.0037037,0.01111111,0.01481481,0.00740741,0.02962963,0.00740741,0.02962963,0.01111111,0.01481481,0.01111111,0.03703704,0.02592593,0.03333333,0.0037037,0.0037037,0.04074074,0.01111111,0.0037037,0.00740741,0.,0.01111111,0.,0.03333333,0.01111111,0.00740741,0.,0.,0.0037037,0.0037037,0.02962963,0.01111111,0.00740741,0.02592593
0.08484848,0.,0.00606061,0.02424242,0.,0.,0.00606061,0.01212121,0.03636364,0.,0.00606061,0.01818182,0.02424242,0.01818182,0.02424242,0.04848485,0.01212121,0.,0.00606061,0.01818182,0.00606061,0.00606061,0.01212121,0.01818182,0.00606061,0.,0.,0.01212121,0.01818182,0.01212121,0.,0.01212121,0.06060606,0.01818182,0.00606061,0.04242424,0.03030303,0.01818182,0.,0.03636364,0.04242424,0.01212121,0.01212121,0.01212121,0.00606061,0.00606061,0.,0.03030303,0.,0.01818182,0.00606061,0.03030303,0.01212121,0.00606061,0.,0.02424242,0.,0.,0.01212121,0.01212121,0.03636364,0.00606061,0.03030303,0.02424242
0.02245707,0.01717305,0.01453104,0.01717305,0.00528402,0.03566711,0.00396301,0.01188904,0.00396301,0.01321004,0.00528402,0.00660502,0.001321,0.02509908,0.01585205,0.04755614,0.0317041,0.00792602,0.01717305,0.00792602,0.01056803,0.03038309,0.01321004,0.00660502,0.001321,0.01056803,0.01188904,0.00792602,0.01453104,0.01453104,0.02509908,0.00792602,0.03566711,0.02113606,0.01453104,0.0317041,0.00924703,0.02774108,0.01717305,0.01717305,0.02377807,0.0343461,0.03038309,0.01849406,0.01188904,0.01585205,0.03963012,0.01321004,0.,0.01321004,0.001321,0.01717305,0.00264201,0.01981506,0.00264201,0.00660502,0.,0.001321,0.02113606,0.00264201,0.02509908,0.00660502,0.02377807,0.02774108
0.03526971,0.01244813,0.01452282,0.01452282,0.00414938,0.02074689,0.00829876,0.00622407,0.00414938,0.00622407,0.00829876,0.02074689,0.00622407,0.01452282,0.01037344,0.04979253,0.05186722,0.01037344,0.0373444,0.0186722,0.00829876,0.02697095,0.00829876,0.00622407,0.00414938,0.01659751,0.0186722,0.01452282,0.01037344,0.03112033,0.01659751,0.00622407,0.04356846,0.02074689,0.01037344,0.03112033,0.00622407,0.0373444,0.01659751,0.01452282,0.00829876,0.01037344,0.01659751,0.01244813,0.01659751,0.00414938,0.02904564,0.01452282,0.00207469,0.00622407,0.,0.0186722,0.00414938,0.01244813,0.00414938,0.00414938,0.,0.01452282,0.01037344,0.00414938,0.03941909,0.00414938,0.02904564,0.03112033
0.03258145,0.02005013,0.00501253,0.02255639,0.00501253,0.03508772,0.01754386,0.01002506,0.,0.0075188,0.0075188,0.00250627,0.,0.02506266,0.01503759,0.05012531,0.02255639,0.00250627,0.01754386,0.0075188,0.00501253,0.04010025,0.01503759,0.01002506,0.00501253,0.01754386,0.01002506,0.0075188,0.01002506,0.02506266,0.02255639,0.00501253,0.03508772,0.02756892,0.0075188,0.02506266,0.01253133,0.03508772,0.02506266,0.02756892,0.01002506,0.05513784,0.02255639,0.02255639,0.00501253,0.01253133,0.05263158,0.01002506,0.,0.02005013,0.00250627,0.01253133,0.,0.01253133,0.00250627,0.00250627,0.,0.0075188,0.01253133,0.00501253,0.01002506,0.00501253,0.02005013,0.02255639
0.02083333,0.02083333,0.01041667,0.03125,0.00347222,0.03472222,0.01388889,0.01041667,0.,0.00694444,0.00347222,0.02430556,0.,0.02083333,0.01041667,0.05208333,0.01736111,0.01041667,0.01041667,0.01041667,0.01388889,0.01041667,0.00347222,0.02430556,0.00694444,0.00694444,0.01736111,0.01041667,0.00694444,0.01736111,0.01388889,0.00347222,0.03125,0.01388889,0.01736111,0.04166667,0.00694444,0.09027778,0.01388889,0.01736111,0.00694444,0.04166667,0.02083333,0.01388889,0.00694444,0.01041667,0.0625,0.02777778,0.,0.,0.,0.00347222,0.00347222,0.01388889,0.00347222,0.00347222,0.00347222,0.00347222,0.00694444,0.00347222,0.02430556,0.01041667,0.03125,0.01736111
0.01973684,0.00657895,0.01973684,0.01644737,0.00657895,0.00657895,0.01973684,0.01973684,0.,0.00986842,0.00328947,0.00986842,0.00657895,0.01315789,0.01315789,0.03618421,0.04276316,0.01644737,0.02960526,0.01315789,0.00657895,0.02631579,0.00328947,0.00986842,0.00657895,0.00328947,0.01644737,0.01315789,0.01315789,0.01973684,0.02631579,0.00657895,0.03289474,0.01644737,0.04276316,0.02960526,0.00657895,0.02960526,0.01644737,0.01315789,0.01644737,0.01644737,0.01973684,0.01644737,0.01315789,0.01644737,0.03618421,0.00657895,0.,0.00328947,0.00328947,0.01315789,0.,0.01644737,0.00328947,0.02302632,0.,0.00328947,0.01644737,0.01644737,0.01973684,0.01315789,0.04276316,0.03618421
0.04,0.03333333,0.02,0.02,0.,0.03333333,0.,0.01333333,0.,0.03333333,0.,0.02,0.,0.00666667,0.01333333,0.02666667,0.04666667,0.00666667,0.03333333,0.,0.,0.04,0.,0.,0.,0.03333333,0.02,0.03333333,0.02,0.,0.02,0.,0.04,0.03333333,0.,0.00666667,0.00666667,0.03333333,0.01333333,0.04,0.01333333,0.02,0.00666667,0.02,0.,0.04666667,0.02666667,0.02,0.00666667,0.03333333,0.,0.02,0.,0.02,0.,0.00666667,0.,0.,0.,0.,0.02,0.01333333,0.02666667,0.01333333
0.02758621,0.00689655,0.02068966,0.02068966,0.01034483,0.03103448,0.00344828,0.01034483,0.00689655,0.00344828,0.0137931,0.01034483,0.00344828,0.00689655,0.01724138,0.04827586,0.02758621,0.00344828,0.03448276,0.01034483,0.01034483,0.03103448,0.01034483,0.0137931,0.01034483,0.01034483,0.01724138,0.00689655,0.01034483,0.00689655,0.0137931,0.00689655,0.04482759,0.00689655,0.02068966,0.05172414,0.00344828,0.01724138,0.02758621,0.02413793,0.01034483,0.02413793,0.01034483,0.00689655,0.00689655,0.02068966,0.04137931,0.02068966,0.00344828,0.00689655,0.,0.01724138,0.,0.03103448,0.,0.00344828,0.,0.01724138,0.0137931,0.0137931,0.02758621,0.01034483,0.03103448,0.02068966
0.03333333,0.04,0.02666667,0.00666667,0.00666667,0.00666667,0.,0.01333333,0.,0.02666667,0.,0.01333333,0.,0.02666667,0.04666667,0.03333333,0.12666667,0.,0.07333333,0.,0.,0.03333333,0.,0.,0.00666667,0.00666667,0.01333333,0.01333333,0.,0.03333333,0.04,0.00666667,0.05333333,0.01333333,0.03333333,0.02666667,0.,0.03333333,0.00666667,0.,0.01333333,0.00666667,0.01333333,0.00666667,0.01333333,0.02666667,0.06,0.,0.,0.,0.00666667,0.,0.,0.,0.,0.,0.,0.,0.00666667,0.,0.02,0.00666667,0.01333333,0.00666667
0.03628118,0.02267574,0.00907029,0.02494331,0.00453515,0.02721088,0.00226757,0.01133787,0.00226757,0.01587302,0.00226757,0.01587302,0.00680272,0.02494331,0.01133787,0.0430839,0.03854875,0.,0.03174603,0.00453515,0.00226757,0.02721088,0.00680272,0.00453515,0.,0.02267574,0.01814059,0.00453515,0.01587302,0.01360544,0.02494331,0.01133787,0.02494331,0.02494331,0.02947846,0.02267574,0.00226757,0.03401361,0.01814059,0.02040816,0.01133787,0.02040816,0.02721088,0.02494331,0.00453515,0.01587302,0.02721088,0.00907029,0.00226757,0.01587302,0.,0.01587302,0.00226757,0.02267574,0.00680272,0.00453515,0.,0.,0.02040816,0.,0.01360544,0.02494331,0.03174603,0.03401361
0.09589041,0.01369863,0.,0.02739726,0.01369863,0.,0.,0.,0.02739726,0.,0.,0.,0.,0.02739726,0.01369863,0.05479452,0.09589041,0.,0.01369863,0.,0.,0.01369863,0.,0.,0.01369863,0.01369863,0.,0.,0.04109589,0.01369863,0.,0.01369863,0.1369863,0.,0.01369863,0.06849315,0.,0.02739726,0.01369863,0.01369863,0.,0.,0.,0.02739726,0.01369863,0.,0.,0.02739726,0.,0.,0.,0.,0.02739726,0.01369863,0.,0.,0.01369863,0.,0.,0.,0.02739726,0.,0.02739726,0.05479452
0.01851852,0.03703704,0.01851852,0.03703704,0.,0.01851852,0.,0.,0.,0.01851852,0.,0.03703704,0.01851852,0.,0.03703704,0.01851852,0.05555556,0.,0.,0.,0.,0.03703704,0.,0.,0.,0.,0.01851852,0.,0.03703704,0.01851852,0.03703704,0.01851852,0.01851852,0.03703704,0.01851852,0.07407407,0.,0.01851852,0.01851852,0.03703704,0.01851852,0.,0.01851852,0.,0.01851852,0.,0.01851852,0.05555556,0.,0.,0.,0.01851852,0.,0.01851852,0.,0.,0.01851852,0.,0.01851852,0.01851852,0.01851852,0.01851852,0.,0.03703704
0.02439024,0.01865136,0.01721664,0.01865136,0.00573888,0.03012912,0.01004304,0.01004304,0.00430416,0.02008608,0.00430416,0.0143472,0.00143472,0.02439024,0.01865136,0.04447633,0.03873745,0.00860832,0.02008608,0.02582496,0.0071736,0.03586801,0.00430416,0.00860832,0.00286944,0.01721664,0.01578192,0.0071736,0.01291248,0.02008608,0.01721664,0.01004304,0.04878049,0.02295552,0.0071736,0.0286944,0.00860832,0.04447633,0.00430416,0.01578192,0.00860832,0.0286944,0.02008608,0.01147776,0.01147776,0.00860832,0.03299857,0.0071736,0.00143472,0.01578192,0.,0.01578192,0.00286944,0.01865136,0.00573888,0.00573888,0.,0.00573888,0.01291248,0.00286944,0.0215208,0.01721664,0.0286944,0.01578192
0.00378788,0.00757576,0.00378788,0.01893939,0.01136364,0.0530303,0.01136364,0.01515152,0.00378788,0.00378788,0.00757576,0.01136364,0.,0.02272727,0.03787879,0.05681818,0.02272727,0.00757576,0.01136364,0.,0.00378788,0.00757576,0.01136364,0.,0.00378788,0.01136364,0.01515152,0.00378788,0.01893939,0.00757576,0.01515152,0.00757576,0.01893939,0.,0.00757576,0.02272727,0.00757576,0.04545455,0.02272727,0.01136364,0.02272727,0.03409091,0.03409091,0.01136364,0.01893939,0.01515152,0.04166667,0.01515152,0.,0.00378788,0.00378788,0.01515152,0.,0.03030303,0.00757576,0.01893939,0.,0.,0.01515152,0.01136364,0.03030303,0.02272727,0.04924242,0.04545455
0.06896552,0.,0.05172414,0.,0.,0.01724138,0.,0.01724138,0.01724138,0.,0.,0.,0.,0.,0.01724138,0.01724138,0.06896552,0.01724138,0.,0.,0.,0.05172414,0.,0.,0.,0.03448276,0.01724138,0.03448276,0.,0.03448276,0.,0.,0.0862069,0.,0.01724138,0.01724138,0.05172414,0.01724138,0.01724138,0.03448276,0.,0.03448276,0.01724138,0.,0.,0.,0.,0.01724138,0.01724138,0.,0.,0.01724138,0.,0.0862069,0.,0.03448276,0.,0.,0.01724138,0.,0.01724138,0.01724138,0.01724138,0.
0.01013514,0.04054054,0.01182432,0.05236486,0.01013514,0.02871622,0.01182432,0.02702703,0.,0.01013514,0.00675676,0.01182432,0.01182432,0.03040541,0.01182432,0.03040541,0.01689189,0.00168919,0.00337838,0.00168919,0.00337838,0.00844595,0.00675676,0.01013514,0.,0.00337838,0.,0.00675676,0.02364865,0.01013514,0.02027027,0.01182432,0.01013514,0.05574324,0.01351351,0.0625,0.0152027,0.01689189,0.00844595,0.0152027,0.03209459,0.04898649,0.01689189,0.07094595,0.00844595,0.01858108,0.01013514,0.02195946,0.,0.01182432,0.00168919,0.00844595,0.00506757,0.01182432,0.00506757,0.01689189,0.,0.,0.00168919,0.,0.01182432,0.02195946,0.02702703,0.01689189
0.01012658,0.00506329,0.00253165,0.01772152,0.,0.02278481,0.00759494,0.00506329,0.00253165,0.00506329,0.01265823,0.01265823,0.00253165,0.01012658,0.01518987,0.03544304,0.03544304,0.00253165,0.01265823,0.,0.01518987,0.02025316,0.01772152,0.01265823,0.01518987,0.00506329,0.02531646,0.01772152,0.01012658,0.01518987,0.03037975,0.01265823,0.04303797,0.00759494,0.00759494,0.03797468,0.01772152,0.03544304,0.02278481,0.02025316,0.00506329,0.02531646,0.03037975,0.01265823,0.01012658,0.00506329,0.0556962,0.00506329,0.00253165,0.01265823,0.,0.01518987,0.00253165,0.02531646,0.00759494,0.00506329,0.,0.00253165,0.03291139,0.01012658,0.0278481,0.,0.06582278,0.03291139
0.02188184,0.03282276,0.00875274,0.02625821,0.,0.04157549,0.00437637,0.01750547,0.00437637,0.0131291,0.,0.02407002,0.00218818,0.03063457,0.01531729,0.03282276,0.0547046,0.00437637,0.02844639,0.00218818,0.01094092,0.01969365,0.00437637,0.00437637,0.00656455,0.01750547,0.01531729,0.00875274,0.01531729,0.02407002,0.02407002,0.00656455,0.04157549,0.02188184,0.01531729,0.03063457,0.,0.07877462,0.0131291,0.01750547,0.01094092,0.02625821,0.01531729,0.02188184,0.00656455,0.00875274,0.03282276,0.0131291,0.00218818,0.01094092,0.,0.00656455,0.00218818,0.01750547,0.00218818,0.00218818,0.,0.00218818,0.00437637,0.00218818,0.02188184,0.00218818,0.02625821,0.01969365
0.01734104,0.00578035,0.01156069,0.01734104,0.00578035,0.02890173,0.02312139,0.01156069,0.,0.01156069,0.,0.00578035,0.00578035,0.01734104,0.,0.04624277,0.02312139,0.01156069,0.04046243,0.02890173,0.01156069,0.02890173,0.00578035,0.00578035,0.,0.01734104,0.02890173,0.01734104,0.01734104,0.02312139,0.02312139,0.00578035,0.01156069,0.01156069,0.02312139,0.04624277,0.,0.03468208,0.02890173,0.01156069,0.01734104,0.00578035,0.02312139,0.03468208,0.00578035,0.,0.02890173,0.01156069,0.,0.02312139,0.,0.01734104,0.00578035,0.,0.,0.01156069,0.00578035,0.,0.02890173,0.,0.02312139,0.00578035,0.05202312,0.03468208
0.03174603,0.00529101,0.01058201,0.,0.00529101,0.02116402,0.00529101,0.00529101,0.00529101,0.01058201,0.01058201,0.01587302,0.00529101,0.00529101,0.00529101,0.02645503,0.08994709,0.00529101,0.03174603,0.00529101,0.01058201,0.02645503,0.01587302,0.01058201,0.01587302,0.01587302,0.01058201,0.00529101,0.03174603,0.00529101,0.01587302,0.,0.03174603,0.00529101,0.01587302,0.04761905,0.01587302,0.04761905,0.01058201,0.,0.01587302,0.03174603,0.00529101,0.01058201,0.01058201,0.,0.03703704,0.01587302,0.00529101,0.,0.,0.03174603,0.00529101,0.00529101,0.00529101,0.,0.,0.01058201,0.04761905,0.02116402,0.04232804,0.01058201,0.03703704,0.01058201
0.03205128,0.02777778,0.01495726,0.01709402,0.,0.02564103,0.00641026,0.01068376,0.0042735,0.01282051,0.0042735,0.01282051,0.00213675,0.02136752,0.03205128,0.02991453,0.01923077,0.01282051,0.01495726,0.00641026,0.00641026,0.02136752,0.02136752,0.00641026,0.01068376,0.01495726,0.01495726,0.01068376,0.01282051,0.01495726,0.01709402,0.00213675,0.06837607,0.02350427,0.00641026,0.03846154,0.0042735,0.04273504,0.02564103,0.00854701,0.00213675,0.02777778,0.01495726,0.02777778,0.00854701,0.01282051,0.01923077,0.01068376,0.,0.01068376,0.00213675,0.02777778,0.,0.01282051,0.,0.00854701,0.,0.0042735,0.02777778,0.01068376,0.02777778,0.0042735,0.02777778,0.03205128
0.04666667,0.00666667,0.00666667,0.02,0.,0.02666667,0.00666667,0.01333333,0.,0.02,0.00666667,0.02,0.,0.02666667,0.02,0.02,0.03333333,0.01333333,0.04666667,0.,0.00666667,0.02,0.01333333,0.00666667,0.00666667,0.00666667,0.01333333,0.02,0.02,0.00666667,0.02666667,0.01333333,0.04,0.01333333,0.,0.05333333,0.,0.04,0.02,0.03333333,0.00666667,0.01333333,0.01333333,0.01333333,0.00666667,0.03333333,0.02,0.00666667,0.,0.01333333,0.00666667,0.01333333,0.,0.02,0.00666667,0.01333333,0.,0.00666667,0.00666667,0.,0.03333333,0.,0.05333333,0.02
0.03703704,0.01851852,0.01851852,0.01388889,0.00462963,0.03703704,0.00462963,0.00925926,0.00462963,0.00925926,0.00925926,0.02314815,0.,0.01388889,0.02314815,0.05092593,0.03240741,0.00925926,0.01851852,0.01851852,0.,0.03240741,0.,0.00462963,0.00462963,0.00925926,0.01851852,0.02777778,0.01851852,0.00925926,0.00462963,0.00925926,0.05555556,0.01388889,0.03240741,0.02314815,0.00462963,0.04166667,0.01851852,0.02777778,0.00462963,0.01388889,0.00462963,0.,0.00462963,0.00925926,0.01851852,0.01388889,0.,0.00925926,0.00462963,0.02777778,0.,0.01851852,0.00462963,0.01851852,0.,0.01388889,0.02314815,0.01388889,0.00925926,0.01388889,0.02314815,0.03703704
0.06956522,0.00869565,0.00869565,0.00869565,0.00869565,0.02608696,0.00869565,0.,0.00869565,0.00869565,0.,0.03478261,0.,0.,0.06086957,0.03478261,0.04347826,0.,0.02608696,0.,0.,0.02608696,0.,0.00869565,0.,0.00869565,0.,0.,0.00869565,0.02608696,0.00869565,0.00869565,0.12173913,0.,0.0173913,0.0173913,0.02608696,0.04347826,0.0173913,0.0173913,0.03478261,0.02608696,0.00869565,0.04347826,0.,0.00869565,0.02608696,0.00869565,0.,0.,0.00869565,0.00869565,0.,0.0173913,0.00869565,0.00869565,0.,0.,0.,0.,0.02608696,0.02608696,0.02608696,0.
