0.06451613,0.03010753,0.0172043,0.02365591,0.01505376,0.02365591,0.00645161,0.0172043,0.00430108,0.0172043,0.00860215,0.00430108,0.0172043,0.0344086,0.01075269,0.03010753,0.01935484,0.01935484,0.01075269,0.01505376,0.00645161,0.01075269,0.00215054,0.0172043,0.00645161,0.01505376,0.00430108,0.,0.00645161,0.01935484,0.01290323,0.03225806,0.0516129,0.01935484,0.02580645,0.02580645,0.01935484,0.00430108,0.00430108,0.01935484,0.02580645,0.00645161,0.00645161,0.00860215,0.01935484,0.00860215,0.00645161,0.01935484,0.,0.0172043,0.00215054,0.0172043,0.0172043,0.0172043,0.01075269,0.01935484,0.,0.00430108,0.00430108,0.00645161,0.01290323,0.02795699,0.01075269,0.03870968
0.01785714,0.,0.01785714,0.,0.03571429,0.,0.01785714,0.03571429,0.01785714,0.01785714,0.01785714,0.03571429,0.,0.01785714,0.03571429,0.01785714,0.01785714,0.,0.,0.,0.,0.,0.,0.,0.01785714,0.,0.03571429,0.01785714,0.01785714,0.03571429,0.,0.,0.,0.,0.01785714,0.,0.03571429,0.,0.01785714,0.01785714,0.01785714,0.,0.01785714,0.07142857,0.01785714,0.01785714,0.,0.01785714,0.,0.,0.01785714,0.01785714,0.01785714,0.01785714,0.,0.08928571,0.,0.01785714,0.,0.03571429,0.03571429,0.01785714,0.01785714,0.03571429
0.01694915,0.,0.01694915,0.,0.01694915,0.01694915,0.,0.,0.03389831,0.01694915,0.05084746,0.,0.05084746,0.01694915,0.01694915,0.01694915,0.,0.01694915,0.01694915,0.01694915,0.,0.01694915,0.,0.03389831,0.,0.01694915,0.,0.,0.03389831,0.,0.01694915,0.,0.01694915,0.,0.03389831,0.05084746,0.01694915,0.,0.,0.,0.,0.,0.10169492,0.,0.,0.,0.06779661,0.03389831,0.,0.01694915,0.,0.01694915,0.01694915,0.,0.,0.,0.01694915,0.,0.05084746,0.01694915,0.,0.,0.03389831,0.06779661
0.0221519,0.00632911,0.02848101,0.01898734,0.,0.01265823,0.,0.00949367,0.,0.,0.01265823,0.00949367,0.00316456,0.01265823,0.01265823,0.02531646,0.01265823,0.00632911,0.0221519,0.01265823,0.00316456,0.00316456,0.00316456,0.00632911,0.00316456,0.0221519,0.01582278,0.02848101,0.00316456,0.02848101,0.0221519,0.0443038,0.03481013,0.01265823,0.05379747,0.0443038,0.03797468,0.00316456,0.02848101,0.01898734,0.01265823,0.01582278,0.01265823,0.0221519,0.00949367,0.01265823,0.02531646,0.02848101,0.,0.01582278,0.,0.03797468,0.00632911,0.00316456,0.01265823,0.01898734,0.00316456,0.00632911,0.01582278,0.00632911,0.01582278,0.01582278,0.03797468,0.01898734
0.02213001,0.00276625,0.01106501,0.01383126,0.01936376,0.00829876,0.02627939,0.00691563,0.00691563,0.0055325,0.00691563,0.00691563,0.00829876,0.0055325,0.01659751,0.01936376,0.02213001,0.01106501,0.04011065,0.00968188,0.01244813,0.00276625,0.01244813,0.01244813,0.00829876,0.01798064,0.01521438,0.02489627,0.01244813,0.01244813,0.02213001,0.01798064,0.03457815,0.00414938,0.03319502,0.03181189,0.0373444,0.00968188,0.03042877,0.02766252,0.01383126,0.0055325,0.01521438,0.01936376,0.00691563,0.01106501,0.04011065,0.01798064,0.,0.00691563,0.,0.01244813,0.01383126,0.01521438,0.00829876,0.02351314,0.00138313,0.01383126,0.0055325,0.01244813,0.02489627,0.00829876,0.03596127,0.0373444
0.00980392,0.00735294,0.0122549,0.00980392,0.01715686,0.01960784,0.0122549,0.01470588,0.00490196,0.0122549,0.,0.01470588,0.00980392,0.01470588,0.01960784,0.02696078,0.01470588,0.01470588,0.0122549,0.01470588,0.00245098,0.00245098,0.0122549,0.0122549,0.01470588,0.0245098,0.01470588,0.02941176,0.00735294,0.00735294,0.0245098,0.04166667,0.0245098,0.00735294,0.01960784,0.02696078,0.04411765,0.00980392,0.04901961,0.01715686,0.01715686,0.0122549,0.0122549,0.01470588,0.01470588,0.00980392,0.04411765,0.0245098,0.,0.00980392,0.00245098,0.01715686,0.00980392,0.00735294,0.00980392,0.01470588,0.,0.00980392,0.00980392,0.01960784,0.00490196,0.0245098,0.02941176,0.02696078
0.03370787,0.00749064,0.01872659,0.01123596,0.01123596,0.02621723,0.01123596,0.00749064,0.01498127,0.01123596,0.00749064,0.01498127,0.02247191,0.02247191,0.01872659,0.02247191,0.00749064,0.02621723,0.01123596,0.01123596,0.00374532,0.01872659,0.,0.00749064,0.01123596,0.02247191,0.00749064,0.01872659,0.02247191,0.02996255,0.01123596,0.03745318,0.0411985,0.01498127,0.01872659,0.01872659,0.01872659,0.03745318,0.02247191,0.00749064,0.02621723,0.01498127,0.02996255,0.00749064,0.02621723,0.00374532,0.01872659,0.01498127,0.,0.01123596,0.00374532,0.00374532,0.00749064,0.01498127,0.01123596,0.02247191,0.,0.01872659,0.01123596,0.00749064,0.01123596,0.01872659,0.00749064,0.01872659
0.02710843,0.02409639,0.03614458,0.01506024,0.01506024,0.01807229,0.01807229,0.01204819,0.,0.00903614,0.01204819,0.00903614,0.00301205,0.03313253,0.02710843,0.01807229,0.00301205,0.00903614,0.02108434,0.01506024,0.0060241,0.,0.01807229,0.01807229,0.0060241,0.01506024,0.0060241,0.01204819,0.00301205,0.02108434,0.03012048,0.01506024,0.03313253,0.03313253,0.03614458,0.02108434,0.03915663,0.02108434,0.02710843,0.01807229,0.00903614,0.01506024,0.02108434,0.01807229,0.01807229,0.01506024,0.03012048,0.01204819,0.00301205,0.02409639,0.,0.02409639,0.0060241,0.01204819,0.0060241,0.,0.,0.00903614,0.00903614,0.0060241,0.0060241,0.00903614,0.02108434,0.02108434
0.01286174,0.00643087,0.01607717,0.00321543,0.00643087,0.0192926,0.02572347,0.01607717,0.0096463,0.00321543,0.00643087,0.01607717,0.00321543,0.01286174,0.01286174,0.0192926,0.00643087,0.00643087,0.0192926,0.0096463,0.00643087,0.0096463,0.01286174,0.02893891,0.00643087,0.0096463,0.0192926,0.02572347,0.,0.03215434,0.01286174,0.01607717,0.02893891,0.0192926,0.05787781,0.02893891,0.02893891,0.00321543,0.05466238,0.03215434,0.0192926,0.00643087,0.02250804,0.02893891,0.0096463,0.02893891,0.01286174,0.03215434,0.00321543,0.0096463,0.,0.00643087,0.01286174,0.01286174,0.00643087,0.04823151,0.,0.00643087,0.0096463,0.00321543,0.,0.0096463,0.02250804,0.02250804
0.05747126,0.00574713,0.02873563,0.01149425,0.02298851,0.01149425,0.04022989,0.00574713,0.00574713,0.00574713,0.01724138,0.00574713,0.02298851,0.02298851,0.02298851,0.01149425,0.02298851,0.02298851,0.03448276,0.00574713,0.,0.00574713,0.01149425,0.02298851,0.,0.02298851,0.01149425,0.,0.02298851,0.02873563,0.02873563,0.00574713,0.03448276,0.02873563,0.02298851,0.02873563,0.01724138,0.01149425,0.02298851,0.01724138,0.01724138,0.,0.00574713,0.01149425,0.02298851,0.01724138,0.01149425,0.01149425,0.,0.01724138,0.00574713,0.02298851,0.01149425,0.02298851,0.,0.03448276,0.,0.00574713,0.,0.,0.01724138,0.00574713,0.00574713,0.02298851
0.01719198,0.00859599,0.01719198,0.00859599,0.00859599,0.00573066,0.01719198,0.00286533,0.01146132,0.00286533,0.00286533,0.01432665,0.00859599,0.00573066,0.01719198,0.03151862,0.01432665,0.02005731,0.02292264,0.00859599,0.00286533,0.00286533,0.02578797,0.02005731,0.01146132,0.02578797,0.00573066,0.03724928,0.00859599,0.02005731,0.02292264,0.02292264,0.01719198,0.02005731,0.02578797,0.02578797,0.04584527,0.02578797,0.05444126,0.00859599,0.00859599,0.01432665,0.0286533,0.00859599,0.02292264,0.01719198,0.03151862,0.01146132,0.,0.00573066,0.00286533,0.01432665,0.00859599,0.01146132,0.01146132,0.01432665,0.,0.01719198,0.00286533,0.02005731,0.00573066,0.01719198,0.0286533,0.02005731
0.01489362,0.01702128,0.01489362,0.01914894,0.00638298,0.0106383,0.0106383,0.00851064,0.00425532,0.00425532,0.00425532,0.00851064,0.00425532,0.03191489,0.04680851,0.03404255,0.00212766,0.00638298,0.01914894,0.00638298,0.00851064,0.01276596,0.01914894,0.02553191,0.00638298,0.00851064,0.00425532,0.01489362,0.00212766,0.04042553,0.02340426,0.03191489,0.00638298,0.00638298,0.0212766,0.01276596,0.02553191,0.02553191,0.03617021,0.02978723,0.01276596,0.0106383,0.03404255,0.03829787,0.0212766,0.01276596,0.03829787,0.0212766,0.,0.0106383,0.00212766,0.0106383,0.00212766,0.0106383,0.01276596,0.01914894,0.,0.00851064,0.00212766,0.00638298,0.0106383,0.01914894,0.03191489,0.02765957
0.01694915,0.00564972,0.01694915,0.01694915,0.01129944,0.01694915,0.00564972,0.01129944,0.00564972,0.01694915,0.01129944,0.01129944,0.,0.03389831,0.00564972,0.,0.01694915,0.,0.02259887,0.00564972,0.00564972,0.00564972,0.,0.,0.,0.02824859,0.01129944,0.03389831,0.00564972,0.02824859,0.01694915,0.01694915,0.01694915,0.02259887,0.06214689,0.05084746,0.01694915,0.02259887,0.01129944,0.03389831,0.01129944,0.02824859,0.01129944,0.05084746,0.01694915,0.02824859,0.00564972,0.04519774,0.,0.00564972,0.00564972,0.00564972,0.02824859,0.01694915,0.01694915,0.03389831,0.,0.,0.01694915,0.00564972,0.,0.01129944,0.01129944,0.02259887
0.02538071,0.02538071,0.03553299,0.01269036,0.00253807,0.00507614,0.02030457,0.,0.00761421,0.00761421,0.01015228,0.01269036,0.00507614,0.0177665,0.02791878,0.02284264,0.01269036,0.01269036,0.03807107,0.01015228,0.00253807,0.00507614,0.00507614,0.00507614,0.00253807,0.0177665,0.01269036,0.03045685,0.00253807,0.03553299,0.01522843,0.03299492,0.02791878,0.02538071,0.04060914,0.03553299,0.02284264,0.0177665,0.03553299,0.00761421,0.00507614,0.00761421,0.03553299,0.01269036,0.00507614,0.00761421,0.02538071,0.0177665,0.,0.04568528,0.00253807,0.03299492,0.00253807,0.01015228,0.00507614,0.01015228,0.,0.01015228,0.00761421,0.01269036,0.00507614,0.00761421,0.01269036,0.02538071
0.01098901,0.04395604,0.05494505,0.01098901,0.,0.01098901,0.03296703,0.,0.,0.03296703,0.,0.,0.,0.02197802,0.03296703,0.02197802,0.01098901,0.01098901,0.01098901,0.01098901,0.01098901,0.,0.01098901,0.,0.,0.02197802,0.01098901,0.02197802,0.,0.03296703,0.,0.04395604,0.04395604,0.03296703,0.02197802,0.03296703,0.,0.,0.02197802,0.01098901,0.02197802,0.01098901,0.03296703,0.03296703,0.,0.01098901,0.04395604,0.,0.,0.01098901,0.01098901,0.01098901,0.01098901,0.,0.02197802,0.,0.,0.01098901,0.,0.02197802,0.02197802,0.01098901,0.02197802,0.05494505
0.02411874,0.00556586,0.01855288,0.01855288,0.01298701,0.00556586,0.00927644,0.01113173,0.00556586,0.00742115,0.00556586,0.00556586,0.00371058,0.02782931,0.02040816,0.03710575,0.0148423,0.0148423,0.01113173,0.00742115,0.00742115,0.00556586,0.0148423,0.02226345,0.00185529,0.02040816,0.00927644,0.03153989,0.00556586,0.02040816,0.02226345,0.02226345,0.02597403,0.0148423,0.03153989,0.03896104,0.01113173,0.0148423,0.03525046,0.0148423,0.02597403,0.01855288,0.01669759,0.02597403,0.01669759,0.01669759,0.03339518,0.03339518,0.,0.01669759,0.00185529,0.02040816,0.00556586,0.01113173,0.00742115,0.0148423,0.,0.01298701,0.00371058,0.01298701,0.00742115,0.01298701,0.02597403,0.02040816
0.02166667,0.00833333,0.02333333,0.015,0.01666667,0.03,0.01333333,0.01666667,0.00166667,0.01666667,0.01,0.00833333,0.01666667,0.015,0.01166667,0.02,0.02333333,0.02,0.01333333,0.01666667,0.00666667,0.02833333,0.00833333,0.01666667,0.01333333,0.035,0.005,0.01,0.00666667,0.05,0.02333333,0.03833333,0.04,0.01666667,0.02666667,0.02166667,0.02833333,0.01333333,0.03,0.01666667,0.01666667,0.01333333,0.01,0.01166667,0.01166667,0.02,0.00833333,0.01666667,0.,0.01333333,0.00166667,0.00333333,0.01333333,0.01,0.00833333,0.015,0.,0.015,0.00166667,0.005,0.00833333,0.01333333,0.00833333,0.02166667
0.01111111,0.00555556,0.02222222,0.00555556,0.03333333,0.00555556,0.01666667,0.,0.01111111,0.02777778,0.01111111,0.00555556,0.00555556,0.02222222,0.01666667,0.,0.01666667,0.02222222,0.02222222,0.01111111,0.01111111,0.01111111,0.01666667,0.01111111,0.00555556,0.03333333,0.02777778,0.01111111,0.01111111,0.03888889,0.03888889,0.01666667,0.03888889,0.03333333,0.00555556,0.00555556,0.02222222,0.,0.04444444,0.02222222,0.01111111,0.01111111,0.03888889,0.00555556,0.02222222,0.01666667,0.03333333,0.00555556,0.00555556,0.02777778,0.,0.00555556,0.00555556,0.02222222,0.01111111,0.00555556,0.,0.00555556,0.01111111,0.01111111,0.01111111,0.01666667,0.01666667,0.02222222
0.00613497,0.01226994,0.03680982,0.01840491,0.00613497,0.00613497,0.01226994,0.,0.01226994,0.00613497,0.01226994,0.,0.00613497,0.03067485,0.01840491,0.01226994,0.00613497,0.00613497,0.01840491,0.01840491,0.00613497,0.00613497,0.01226994,0.,0.01226994,0.04907975,0.,0.03680982,0.,0.01840491,0.02453988,0.01226994,0.01226994,0.01840491,0.10429448,0.02453988,0.01226994,0.01840491,0.03680982,0.01226994,0.01226994,0.00613497,0.01840491,0.00613497,0.01840491,0.,0.06748466,0.00613497,0.,0.03680982,0.,0.01840491,0.,0.00613497,0.01840491,0.01226994,0.00613497,0.01226994,0.00613497,0.00613497,0.03680982,0.01226994,0.02453988,0.00613497
0.01369863,0.01369863,0.04109589,0.01369863,0.,0.02739726,0.01369863,0.,0.02739726,0.,0.,0.,0.,0.05479452,0.02739726,0.01369863,0.01369863,0.02739726,0.01369863,0.,0.,0.02739726,0.01369863,0.,0.,0.02739726,0.01369863,0.04109589,0.,0.02739726,0.01369863,0.02739726,0.04109589,0.04109589,0.04109589,0.,0.01369863,0.,0.04109589,0.,0.02739726,0.01369863,0.01369863,0.01369863,0.,0.01369863,0.08219178,0.01369863,0.,0.02739726,0.01369863,0.01369863,0.02739726,0.01369863,0.01369863,0.,0.,0.,0.,0.,0.,0.,0.01369863,0.02739726
0.04103343,0.01671733,0.01823708,0.03039514,0.0212766,0.01975684,0.01823708,0.00607903,0.,0.00911854,0.00759878,0.01519757,0.00759878,0.03039514,0.01367781,0.04407295,0.02431611,0.0212766,0.01519757,0.01823708,0.00607903,0.00759878,0.00455927,0.00759878,0.00759878,0.03191489,0.00303951,0.01975684,0.01215805,0.02583587,0.01823708,0.01519757,0.06534954,0.0212766,0.01823708,0.01975684,0.03191489,0.01519757,0.01215805,0.01671733,0.01671733,0.01671733,0.00607903,0.00303951,0.01519757,0.01367781,0.01367781,0.01367781,0.,0.01671733,0.,0.01519757,0.0106383,0.01215805,0.00607903,0.00911854,0.00151976,0.00455927,0.00759878,0.00303951,0.01367781,0.01671733,0.01367781,0.03191489
0.03992395,0.02661597,0.01901141,0.01330798,0.01330798,0.01901141,0.01330798,0.00760456,0.0095057,0.00570342,0.00570342,0.0095057,0.00380228,0.02281369,0.03231939,0.03231939,0.0095057,0.01330798,0.01520913,0.01711027,0.0095057,0.00760456,0.0095057,0.0095057,0.00380228,0.02091255,0.,0.01901141,0.00760456,0.02851711,0.01711027,0.03041825,0.03802281,0.02851711,0.02281369,0.03231939,0.01901141,0.02471483,0.01330798,0.01901141,0.01330798,0.01520913,0.00570342,0.01520913,0.00190114,0.02661597,0.01520913,0.0095057,0.,0.03422053,0.,0.02851711,0.00760456,0.01140684,0.0095057,0.0095057,0.00190114,0.01140684,0.02091255,0.00570342,0.00570342,0.01711027,0.01140684,0.03231939
0.04878049,0.01552106,0.02882483,0.01773836,0.01995565,0.01995565,0.01330377,0.01108647,0.00665188,0.00221729,0.00443459,0.00886918,0.01330377,0.01552106,0.03325942,0.01108647,0.01552106,0.01773836,0.01108647,0.00886918,0.00665188,0.00886918,0.01330377,0.01552106,0.00221729,0.01330377,0.00665188,0.01108647,0.00886918,0.02439024,0.01552106,0.03325942,0.05764967,0.01995565,0.02217295,0.03991131,0.02660754,0.00886918,0.03547672,0.01330377,0.01330377,0.01552106,0.01108647,0.01773836,0.01552106,0.01995565,0.01552106,0.01108647,0.00221729,0.01330377,0.,0.01330377,0.00443459,0.00665188,0.00443459,0.01552106,0.,0.00886918,0.02217295,0.00443459,0.01108647,0.01995565,0.00886918,0.03769401
0.01836394,0.02671119,0.02003339,0.02003339,0.01168614,0.04006678,0.01001669,0.01836394,0.0066778,0.01335559,0.0033389,0.01001669,0.0066778,0.01669449,0.01669449,0.01335559,0.01168614,0.02003339,0.03338898,0.0033389,0.01168614,0.01335559,0.0066778,0.01001669,0.00500835,0.02170284,0.0033389,0.01001669,0.00166945,0.04006678,0.03171953,0.02504174,0.02170284,0.01836394,0.01836394,0.01001669,0.02671119,0.03505843,0.02170284,0.02337229,0.02170284,0.04340568,0.02003339,0.01502504,0.01669449,0.01335559,0.03171953,0.00500835,0.00166945,0.02003339,0.,0.01168614,0.0066778,0.02504174,0.00166945,0.01001669,0.,0.0033389,0.02003339,0.00500835,0.,0.02504174,0.00834725,0.01836394
0.03392569,0.02584814,0.02584814,0.01292407,0.00969305,0.02584814,0.00646204,0.00807754,0.,0.00484653,0.00161551,0.00484653,0.00323102,0.0371567,0.03231018,0.01938611,0.,0.01615509,0.01938611,0.00646204,0.01130856,0.02423263,0.00807754,0.01615509,0.00969305,0.02584814,0.00323102,0.01130856,0.00161551,0.01453958,0.01453958,0.01130856,0.02907916,0.03069467,0.03231018,0.02907916,0.03231018,0.01615509,0.02907916,0.01938611,0.02261712,0.03392569,0.01615509,0.02100162,0.01292407,0.01615509,0.01938611,0.01130856,0.,0.0177706,0.00161551,0.00484653,0.00807754,0.00646204,0.01130856,0.01453958,0.,0.01453958,0.02907916,0.01130856,0.00807754,0.02261712,0.01292407,0.01938611
0.01304348,0.00869565,0.02173913,0.00869565,0.,0.01304348,0.03043478,0.01304348,0.,0.00869565,0.,0.01304348,0.01304348,0.00869565,0.03043478,0.0173913,0.00869565,0.,0.02173913,0.00434783,0.00434783,0.01304348,0.03043478,0.00434783,0.,0.02608696,0.01304348,0.00869565,0.00434783,0.00869565,0.0173913,0.03478261,0.00434783,0.01304348,0.02173913,0.03478261,0.02608696,0.02608696,0.03043478,0.00869565,0.0173913,0.03478261,0.03043478,0.02173913,0.01304348,0.02173913,0.05652174,0.01304348,0.,0.04782609,0.00434783,0.02173913,0.00869565,0.0173913,0.00869565,0.00434783,0.,0.00869565,0.0173913,0.02608696,0.,0.0173913,0.03043478,0.01304348
0.04285714,0.01428571,0.,0.01428571,0.,0.01428571,0.01428571,0.,0.01428571,0.01428571,0.,0.01428571,0.01428571,0.,0.01428571,0.02857143,0.01428571,0.,0.01428571,0.01428571,0.,0.02857143,0.02857143,0.,0.01428571,0.04285714,0.,0.02857143,0.01428571,0.01428571,0.,0.01428571,0.02857143,0.,0.01428571,0.,0.01428571,0.,0.04285714,0.01428571,0.,0.04285714,0.02857143,0.04285714,0.02857143,0.,0.01428571,0.,0.,0.02857143,0.01428571,0.,0.02857143,0.02857143,0.01428571,0.02857143,0.,0.,0.,0.,0.,0.04285714,0.04285714,0.07142857
0.,0.,0.,0.02173913,0.,0.,0.04347826,0.,0.,0.,0.02173913,0.04347826,0.,0.,0.,0.06521739,0.02173913,0.,0.,0.,0.02173913,0.04347826,0.02173913,0.,0.04347826,0.,0.,0.,0.04347826,0.04347826,0.08695652,0.02173913,0.02173913,0.,0.02173913,0.,0.02173913,0.04347826,0.,0.,0.02173913,0.,0.04347826,0.02173913,0.02173913,0.,0.06521739,0.,0.,0.02173913,0.02173913,0.,0.02173913,0.,0.,0.04347826,0.,0.,0.,0.02173913,0.,0.02173913,0.,0.02173913
0.02714932,0.00904977,0.00904977,0.01357466,0.03167421,0.01357466,0.01357466,0.02262443,0.00452489,0.00904977,0.01357466,0.00452489,0.01809955,0.01357466,0.02714932,0.01809955,0.02262443,0.01357466,0.01809955,0.01809955,0.00452489,0.,0.00904977,0.01809955,0.00452489,0.02262443,0.01809955,0.01357466,0.00452489,0.01809955,0.0361991,0.0361991,0.03167421,0.02262443,0.01357466,0.01809955,0.05429864,0.00904977,0.04072398,0.01809955,0.02714932,0.02714932,0.00904977,0.00452489,0.02714932,0.01809955,0.00904977,0.00904977,0.,0.01809955,0.,0.,0.00452489,0.01357466,0.01809955,0.01809955,0.00452489,0.00904977,0.01357466,0.,0.01809955,0.00452489,0.00904977,0.02262443
0.01036269,0.01554404,0.,0.,0.03108808,0.01554404,0.02072539,0.01554404,0.00518135,0.02072539,0.,0.01554404,0.02590674,0.02072539,0.02590674,0.01036269,0.,0.00518135,0.01554404,0.01554404,0.01036269,0.01036269,0.01554404,0.,0.00518135,0.02590674,0.,0.01554404,0.00518135,0.02590674,0.03626943,0.04663212,0.,0.01036269,0.02590674,0.00518135,0.03108808,0.02072539,0.03108808,0.01554404,0.02590674,0.03108808,0.00518135,0.02072539,0.01554404,0.01036269,0.02590674,0.00518135,0.,0.02590674,0.,0.00518135,0.00518135,0.00518135,0.00518135,0.00518135,0.00518135,0.02072539,0.02072539,0.03108808,0.03108808,0.03108808,0.01554404,0.04663212
0.01829268,0.,0.00609756,0.00609756,0.,0.01219512,0.01219512,0.,0.00609756,0.0304878,0.00609756,0.02439024,0.00609756,0.02439024,0.01829268,0.01829268,0.,0.01219512,0.01829268,0.02439024,0.00609756,0.,0.00609756,0.01219512,0.01219512,0.01829268,0.00609756,0.01219512,0.,0.04268293,0.02439024,0.02439024,0.01219512,0.01219512,0.01829268,0.01829268,0.01829268,0.01829268,0.03658537,0.0304878,0.00609756,0.04878049,0.00609756,0.02439024,0.,0.02439024,0.06097561,0.02439024,0.,0.00609756,0.,0.00609756,0.00609756,0.01219512,0.03658537,0.0304878,0.00609756,0.01219512,0.01219512,0.00609756,0.,0.03658537,0.01219512,0.04878049
0.01310044,0.00873362,0.01310044,0.01746725,0.02183406,0.01310044,0.02620087,0.00873362,0.00436681,0.00873362,0.,0.,0.02183406,0.00873362,0.02620087,0.02183406,0.00873362,0.06113537,0.03056769,0.02183406,0.00873362,0.01746725,0.00873362,0.01746725,0.,0.04366812,0.,0.01746725,0.,0.02620087,0.03056769,0.02183406,0.0349345,0.0349345,0.02183406,0.02183406,0.04366812,0.01746725,0.01746725,0.00873362,0.01310044,0.00873362,0.,0.,0.02620087,0.00873362,0.02183406,0.00873362,0.,0.01310044,0.,0.01746725,0.00873362,0.00436681,0.,0.00873362,0.00436681,0.00436681,0.00873362,0.01746725,0.02620087,0.,0.01310044,0.05676856
0.01941748,0.00970874,0.02912621,0.00647249,0.00323625,0.02265372,0.01294498,0.01294498,0.00647249,0.01941748,0.00647249,0.00647249,0.00970874,0.01618123,0.02265372,0.01941748,0.00970874,0.01941748,0.03236246,0.01294498,0.,0.00323625,0.01618123,0.00970874,0.,0.01618123,0.00323625,0.01941748,0.00323625,0.01294498,0.03236246,0.01294498,0.03236246,0.00970874,0.02588997,0.04530744,0.02265372,0.00970874,0.05825243,0.02912621,0.00647249,0.01618123,0.03559871,0.02588997,0.01618123,0.00647249,0.04530744,0.02265372,0.,0.01941748,0.00323625,0.01294498,0.,0.00323625,0.00970874,0.01941748,0.,0.00647249,0.00970874,0.00323625,0.00323625,0.00970874,0.03559871,0.02912621
0.01984127,0.01984127,0.02380952,0.01587302,0.00793651,0.01587302,0.01587302,0.01984127,0.,0.00396825,0.01190476,0.01190476,0.00793651,0.00793651,0.01587302,0.01190476,0.01190476,0.00793651,0.03968254,0.01587302,0.00793651,0.,0.03174603,0.01190476,0.,0.01190476,0.01190476,0.03968254,0.00793651,0.00793651,0.02380952,0.02380952,0.03571429,0.01190476,0.04365079,0.03571429,0.01587302,0.01190476,0.03571429,0.01190476,0.01190476,0.00396825,0.02380952,0.03174603,0.02777778,0.00396825,0.03174603,0.01984127,0.00396825,0.00793651,0.,0.01587302,0.,0.01190476,0.00793651,0.01190476,0.,0.00793651,0.01984127,0.00793651,0.00793651,0.01190476,0.03174603,0.03174603
0.01762115,0.00440529,0.,0.02202643,0.02202643,0.01762115,0.01321586,0.00881057,0.01321586,0.01321586,0.02202643,0.01321586,0.01321586,0.030837,0.030837,0.02202643,0.02202643,0.,0.03524229,0.,0.00440529,0.00440529,0.01321586,0.02643172,0.00440529,0.02643172,0.01321586,0.00440529,0.00440529,0.01762115,0.01321586,0.00881057,0.00440529,0.02643172,0.02202643,0.01321586,0.02202643,0.02202643,0.03964758,0.02202643,0.01321586,0.,0.01321586,0.02202643,0.00881057,0.02202643,0.03964758,0.01762115,0.,0.00881057,0.,0.01321586,0.00881057,0.01321586,0.00881057,0.01762115,0.00440529,0.01762115,0.00881057,0.00881057,0.00881057,0.030837,0.030837,0.04845815
0.,0.02588997,0.,0.00647249,0.00323625,0.02912621,0.01941748,0.01294498,0.,0.02588997,0.00647249,0.01294498,0.,0.02265372,0.01618123,0.00647249,0.00323625,0.00970874,0.04530744,0.00323625,0.,0.02588997,0.01294498,0.00647249,0.00647249,0.0420712,0.00970874,0.02588997,0.01294498,0.03559871,0.0420712,0.02912621,0.02265372,0.01941748,0.04854369,0.00970874,0.01294498,0.01618123,0.03559871,0.01294498,0.00970874,0.00970874,0.00970874,0.01941748,0.01618123,0.02265372,0.01618123,0.01618123,0.,0.02588997,0.,0.00647249,0.00970874,0.02912621,0.00970874,0.00970874,0.00323625,0.01294498,0.00323625,0.00647249,0.00323625,0.03236246,0.01618123,0.03559871
0.02135231,0.01779359,0.01779359,0.01067616,0.01779359,0.01423488,0.01423488,0.00355872,0.01423488,0.01067616,0.00711744,0.,0.00355872,0.02491103,0.01067616,0.01423488,0.00355872,0.03202847,0.02135231,0.00711744,0.00355872,0.01067616,0.01067616,0.02135231,0.00711744,0.02135231,0.02135231,0.02135231,0.00711744,0.03202847,0.03202847,0.01779359,0.03202847,0.02135231,0.04270463,0.01423488,0.02135231,0.01423488,0.03202847,0.01779359,0.01423488,0.02135231,0.02135231,0.01779359,0.00355872,0.03202847,0.04270463,0.02491103,0.,0.00711744,0.,0.01067616,0.01423488,0.02135231,0.00711744,0.02846975,0.00355872,0.00711744,0.01067616,0.,0.,0.01423488,0.00711744,0.02135231
0.00970874,0.00970874,0.05825243,0.00970874,0.,0.,0.01941748,0.00970874,0.00970874,0.,0.02912621,0.00970874,0.00970874,0.02912621,0.04854369,0.02912621,0.00970874,0.02912621,0.03883495,0.00970874,0.,0.,0.01941748,0.02912621,0.,0.01941748,0.02912621,0.00970874,0.00970874,0.00970874,0.01941748,0.02912621,0.02912621,0.00970874,0.04854369,0.02912621,0.00970874,0.00970874,0.03883495,0.00970874,0.02912621,0.00970874,0.,0.00970874,0.00970874,0.00970874,0.08737864,0.,0.,0.,0.,0.,0.,0.,0.01941748,0.02912621,0.00970874,0.00970874,0.,0.,0.00970874,0.,0.00970874,0.02912621
0.05208333,0.01041667,0.08333333,0.03125,0.,0.01041667,0.01041667,0.02083333,0.01041667,0.01041667,0.02083333,0.,0.,0.04166667,0.03125,0.02083333,0.,0.01041667,0.01041667,0.02083333,0.01041667,0.01041667,0.01041667,0.01041667,0.01041667,0.,0.,0.03125,0.,0.,0.02083333,0.,0.02083333,0.01041667,0.03125,0.01041667,0.,0.,0.01041667,0.01041667,0.01041667,0.02083333,0.02083333,0.03125,0.,0.01041667,0.08333333,0.02083333,0.,0.01041667,0.01041667,0.02083333,0.,0.01041667,0.05208333,0.03125,0.,0.,0.01041667,0.01041667,0.,0.03125,0.,0.02083333
0.03529412,0.,0.09411765,0.01176471,0.01176471,0.04705882,0.02352941,0.,0.,0.01176471,0.02352941,0.03529412,0.,0.,0.01176471,0.03529412,0.,0.02352941,0.01176471,0.01176471,0.,0.,0.,0.02352941,0.01176471,0.02352941,0.05882353,0.03529412,0.,0.,0.01176471,0.01176471,0.02352941,0.01176471,0.04705882,0.02352941,0.01176471,0.01176471,0.03529412,0.01176471,0.,0.,0.02352941,0.,0.01176471,0.01176471,0.05882353,0.03529412,0.01176471,0.01176471,0.,0.02352941,0.,0.,0.01176471,0.,0.,0.,0.01176471,0.,0.,0.,0.04705882,0.
0.04511278,0.03007519,0.03007519,0.,0.,0.01503759,0.03007519,0.02255639,0.,0.,0.03007519,0.,0.01503759,0.01503759,0.01503759,0.03759398,0.,0.0075188,0.0075188,0.01503759,0.,0.,0.0075188,0.01503759,0.,0.0075188,0.0075188,0.05263158,0.0075188,0.0075188,0.01503759,0.01503759,0.02255639,0.01503759,0.04511278,0.03007519,0.01503759,0.,0.02255639,0.,0.01503759,0.02255639,0.02255639,0.04511278,0.01503759,0.,0.05263158,0.05263158,0.,0.02255639,0.0075188,0.02255639,0.,0.0075188,0.03007519,0.03007519,0.,0.0075188,0.0075188,0.0075188,0.,0.0075188,0.01503759,0.0075188
0.01330377,0.01773836,0.01108647,0.00886918,0.00886918,0.01108647,0.02217295,0.00665188,0.00221729,0.01108647,0.00443459,0.01330377,0.01330377,0.01552106,0.03769401,0.05764967,0.00886918,0.,0.0443459,0.00886918,0.00443459,0.00886918,0.02217295,0.00665188,0.01108647,0.01330377,0.01108647,0.02439024,0.00665188,0.00221729,0.03104213,0.02882483,0.01108647,0.00665188,0.01995565,0.01108647,0.01552106,0.00886918,0.03547672,0.00665188,0.01330377,0.01552106,0.03104213,0.02439024,0.02217295,0.00886918,0.05099778,0.02660754,0.,0.02217295,0.,0.01552106,0.00886918,0.00443459,0.01552106,0.01552106,0.00221729,0.,0.01108647,0.00443459,0.00443459,0.01552106,0.02660754,0.05764967
0.04242424,0.01212121,0.06060606,0.00606061,0.,0.01818182,0.03030303,0.01212121,0.00606061,0.00606061,0.03030303,0.01212121,0.01212121,0.01212121,0.02424242,0.01212121,0.00606061,0.00606061,0.01818182,0.02424242,0.00606061,0.,0.01212121,0.01212121,0.,0.04242424,0.02424242,0.03636364,0.,0.01818182,0.,0.01212121,0.02424242,0.01818182,0.02424242,0.03030303,0.01818182,0.01212121,0.03636364,0.03030303,0.01818182,0.00606061,0.03030303,0.01212121,0.,0.00606061,0.04242424,0.02424242,0.,0.,0.00606061,0.01212121,0.,0.,0.01212121,0.03030303,0.,0.,0.00606061,0.00606061,0.01212121,0.00606061,0.03030303,0.03030303
0.03212291,0.00977654,0.01396648,0.01396648,0.00837989,0.00837989,0.01955307,0.00837989,0.00558659,0.0027933,0.00558659,0.00698324,0.01675978,0.01675978,0.03212291,0.03631285,0.01955307,0.00698324,0.02374302,0.01396648,0.00139665,0.00698324,0.00558659,0.0027933,0.00139665,0.00558659,0.01396648,0.01117318,0.01117318,0.01256983,0.02793296,0.01536313,0.01675978,0.01396648,0.01815642,0.03212291,0.03212291,0.00837989,0.02513966,0.01256983,0.01117318,0.00837989,0.01536313,0.02094972,0.02653631,0.00558659,0.03351955,0.03072626,0.,0.01675978,0.00139665,0.02234637,0.01117318,0.00837989,0.01117318,0.01955307,0.,0.00418994,0.00698324,0.01675978,0.01815642,0.01536313,0.02653631,0.09217877
0.02857143,0.,0.05714286,0.02857143,0.,0.,0.,0.,0.,0.,0.,0.,0.02857143,0.,0.,0.,0.,0.,0.,0.02857143,0.02857143,0.,0.02857143,0.,0.,0.02857143,0.,0.02857143,0.,0.,0.,0.08571429,0.,0.05714286,0.,0.,0.02857143,0.,0.05714286,0.02857143,0.02857143,0.,0.02857143,0.,0.,0.,0.08571429,0.05714286,0.,0.,0.,0.02857143,0.,0.,0.,0.02857143,0.02857143,0.02857143,0.02857143,0.,0.02857143,0.02857143,0.02857143,0.02857143
0.01079137,0.00359712,0.01438849,0.01798561,0.01438849,0.02158273,0.01438849,0.00719424,0.00719424,0.01079137,0.01079137,0.01438849,0.00359712,0.00719424,0.02158273,0.02517986,0.01438849,0.01438849,0.02158273,0.02158273,0.01079137,0.01079137,0.02517986,0.01079137,0.00359712,0.0323741,0.02158273,0.03597122,0.,0.02158273,0.02158273,0.01438849,0.02158273,0.02517986,0.02517986,0.02877698,0.03956835,0.01438849,0.04316547,0.01438849,0.02158273,0.00719424,0.02158273,0.02517986,0.01079137,0.00719424,0.0323741,0.01438849,0.00359712,0.01079137,0.,0.01438849,0.00719424,0.,0.01079137,0.00359712,0.,0.01079137,0.00359712,0.02877698,0.00719424,0.01079137,0.0323741,0.01798561
0.,0.03508772,0.10526316,0.01754386,0.,0.01754386,0.01754386,0.03508772,0.05263158,0.,0.03508772,0.,0.01754386,0.,0.01754386,0.01754386,0.,0.,0.03508772,0.01754386,0.,0.,0.,0.01754386,0.01754386,0.,0.01754386,0.07017544,0.,0.03508772,0.01754386,0.03508772,0.01754386,0.,0.07017544,0.,0.01754386,0.,0.05263158,0.,0.01754386,0.,0.,0.,0.,0.,0.03508772,0.01754386,0.,0.01754386,0.01754386,0.01754386,0.01754386,0.,0.,0.,0.,0.03508772,0.,0.01754386,0.,0.,0.,0.01754386
0.01104972,0.01104972,0.03867403,0.02209945,0.,0.00552486,0.04972376,0.,0.,0.00552486,0.01104972,0.,0.,0.01657459,0.02209945,0.00552486,0.,0.,0.01657459,0.00552486,0.,0.00552486,0.00552486,0.01104972,0.01104972,0.02762431,0.00552486,0.01657459,0.01104972,0.00552486,0.03314917,0.02209945,0.02209945,0.01657459,0.04972376,0.02762431,0.03314917,0.02209945,0.03867403,0.02762431,0.01657459,0.00552486,0.01657459,0.02209945,0.02762431,0.01104972,0.08839779,0.01657459,0.,0.,0.00552486,0.02762431,0.,0.02762431,0.02762431,0.01104972,0.,0.00552486,0.,0.,0.01104972,0.02209945,0.01657459,0.02762431
0.02547771,0.01273885,0.03821656,0.00636943,0.00636943,0.00636943,0.01910828,0.01910828,0.,0.01273885,0.01910828,0.00636943,0.,0.01273885,0.05095541,0.03184713,0.00636943,0.01910828,0.01273885,0.,0.,0.,0.02547771,0.01910828,0.01910828,0.03184713,0.04458599,0.03184713,0.,0.,0.00636943,0.02547771,0.01910828,0.00636943,0.05732484,0.01910828,0.04458599,0.01273885,0.03821656,0.01273885,0.00636943,0.00636943,0.01273885,0.04458599,0.01273885,0.,0.04458599,0.01273885,0.,0.01273885,0.00636943,0.01910828,0.,0.,0.02547771,0.00636943,0.,0.,0.01273885,0.01273885,0.01273885,0.00636943,0.00636943,0.01910828
0.002849,0.01424501,0.04558405,0.01994302,0.00854701,0.00569801,0.01139601,0.00854701,0.00569801,0.002849,0.002849,0.01424501,0.00569801,0.01709402,0.03133903,0.00854701,0.002849,0.002849,0.03988604,0.01424501,0.,0.01709402,0.00569801,0.01139601,0.,0.01424501,0.01709402,0.02279202,0.,0.00854701,0.02564103,0.01139601,0.00854701,0.03133903,0.05982906,0.03133903,0.01424501,0.01139601,0.05128205,0.03418803,0.01424501,0.002849,0.02279202,0.03133903,0.01139601,0.01139601,0.05982906,0.03703704,0.,0.01709402,0.002849,0.02849003,0.002849,0.00854701,0.01424501,0.02279202,0.,0.002849,0.01424501,0.,0.,0.01994302,0.01709402,0.01709402
0.025,0.01153846,0.03269231,0.02692308,0.00961538,0.00769231,0.03076923,0.00961538,0.00576923,0.,0.00769231,0.01538462,0.00576923,0.02884615,0.02884615,0.03461538,0.00961538,0.00769231,0.02115385,0.00576923,0.00769231,0.00384615,0.01153846,0.01538462,0.00576923,0.02307692,0.00961538,0.03461538,0.00384615,0.01153846,0.025,0.01346154,0.04423077,0.02307692,0.04615385,0.03461538,0.01730769,0.01538462,0.01730769,0.01153846,0.01730769,0.00961538,0.01730769,0.02307692,0.01730769,0.01346154,0.03461538,0.01923077,0.,0.00576923,0.,0.00961538,0.01153846,0.00961538,0.00769231,0.02115385,0.00192308,0.00384615,0.00192308,0.00192308,0.00576923,0.01538462,0.02884615,0.02307692
0.01960784,0.01470588,0.03921569,0.00490196,0.,0.00980392,0.0245098,0.,0.,0.,0.00980392,0.01470588,0.,0.01960784,0.05392157,0.03431373,0.00980392,0.,0.01470588,0.00980392,0.00980392,0.01960784,0.04411765,0.01960784,0.,0.0245098,0.00490196,0.01470588,0.00980392,0.00980392,0.01960784,0.01960784,0.02941176,0.01960784,0.09313725,0.01960784,0.00980392,0.00980392,0.0245098,0.0245098,0.00490196,0.01960784,0.01960784,0.01470588,0.00980392,0.0245098,0.0245098,0.01960784,0.,0.01470588,0.00490196,0.01470588,0.,0.00490196,0.01470588,0.01470588,0.,0.00980392,0.00490196,0.01960784,0.,0.01470588,0.00980392,0.02941176
0.02739726,0.,0.01369863,0.01369863,0.00913242,0.01369863,0.02739726,0.,0.00456621,0.00913242,0.00456621,0.,0.00913242,0.02739726,0.01826484,0.02739726,0.00913242,0.02739726,0.02739726,0.00456621,0.,0.00913242,0.,0.00456621,0.,0.02283105,0.01826484,0.02739726,0.,0.01369863,0.00913242,0.00456621,0.03652968,0.01369863,0.05022831,0.02283105,0.02739726,0.02283105,0.0913242,0.00456621,0.01369863,0.01826484,0.02739726,0.02283105,0.01826484,0.01826484,0.05022831,0.00913242,0.,0.00456621,0.00456621,0.01369863,0.00456621,0.01369863,0.00913242,0.00913242,0.,0.02739726,0.,0.02283105,0.01369863,0.00456621,0.01369863,0.02739726
0.01449275,0.01035197,0.00828157,0.01035197,0.02277433,0.00828157,0.01449275,0.00828157,0.00621118,0.01035197,0.00621118,0.01449275,0.00828157,0.01035197,0.01656315,0.0310559,0.00621118,0.00828157,0.03312629,0.01863354,0.01242236,0.01035197,0.00621118,0.01863354,0.00414079,0.02898551,0.00828157,0.03933747,0.00414079,0.01656315,0.01449275,0.02277433,0.03519669,0.00828157,0.02898551,0.01863354,0.0310559,0.01656315,0.0310559,0.02898551,0.01035197,0.01449275,0.00828157,0.02484472,0.02070393,0.01449275,0.02898551,0.02277433,0.,0.00621118,0.,0.01863354,0.01035197,0.00828157,0.01656315,0.02070393,0.00207039,0.01035197,0.00207039,0.01656315,0.01449275,0.00414079,0.03312629,0.03933747
0.,0.01197605,0.01197605,0.00598802,0.01796407,0.02994012,0.0239521,0.01197605,0.,0.,0.,0.01197605,0.01197605,0.0239521,0.02994012,0.01796407,0.0239521,0.0239521,0.03592814,0.03592814,0.,0.00598802,0.01796407,0.00598802,0.01197605,0.03592814,0.,0.02994012,0.01197605,0.0239521,0.01796407,0.01197605,0.0239521,0.01197605,0.04790419,0.01796407,0.05988024,0.01796407,0.0239521,0.01197605,0.01796407,0.03592814,0.01197605,0.01197605,0.00598802,0.01197605,0.0239521,0.01796407,0.,0.01796407,0.00598802,0.01796407,0.00598802,0.,0.,0.,0.,0.04191617,0.00598802,0.0239521,0.,0.,0.01197605,0.01197605
0.01274623,0.00926999,0.03707995,0.01274623,0.00463499,0.00811124,0.02549247,0.00347625,0.00695249,0.01042874,0.01042874,0.00811124,0.00347625,0.01969873,0.01853998,0.01853998,0.00811124,0.00579374,0.02433372,0.01042874,0.00347625,0.0023175,0.01738123,0.01622248,0.0023175,0.02317497,0.02085747,0.02896871,0.00463499,0.00926999,0.01506373,0.01738123,0.02549247,0.02665122,0.05561993,0.03128621,0.01738123,0.00926999,0.04634994,0.01506373,0.01158749,0.01390498,0.03939745,0.02201622,0.01506373,0.01042874,0.04519119,0.03592121,0.,0.00695249,0.,0.01506373,0.00347625,0.00926999,0.01274623,0.01969873,0.00115875,0.00695249,0.01042874,0.01158749,0.00347625,0.01622248,0.01969873,0.02317497
0.01363636,0.00454545,0.00454545,0.,0.01363636,0.,0.01363636,0.00909091,0.00454545,0.01818182,0.00454545,0.01363636,0.,0.00909091,0.01818182,0.01818182,0.00454545,0.,0.03181818,0.01818182,0.00454545,0.01363636,0.01818182,0.01363636,0.00454545,0.01818182,0.00454545,0.02727273,0.,0.,0.01818182,0.02272727,0.01818182,0.00909091,0.03181818,0.03636364,0.04090909,0.03181818,0.06363636,0.04090909,0.00909091,0.01363636,0.02272727,0.00909091,0.00454545,0.00909091,0.05909091,0.03636364,0.,0.02272727,0.00454545,0.01363636,0.00454545,0.,0.00909091,0.,0.,0.01818182,0.,0.03181818,0.01818182,0.02272727,0.02727273,0.04545455
0.01869159,0.00186916,0.02429907,0.01308411,0.00560748,0.01495327,0.01869159,0.00747664,0.00373832,0.00373832,0.00560748,0.00934579,0.01682243,0.00560748,0.01869159,0.01869159,0.01121495,0.01121495,0.01869159,0.02990654,0.00934579,0.00934579,0.00373832,0.02616822,0.01495327,0.01495327,0.00747664,0.01495327,0.,0.01121495,0.01495327,0.01682243,0.02242991,0.01869159,0.0317757,0.03738318,0.03551402,0.00747664,0.03551402,0.02242991,0.01495327,0.01121495,0.01308411,0.02803738,0.02056075,0.00934579,0.03738318,0.0317757,0.,0.01495327,0.,0.01308411,0.00747664,0.00560748,0.00934579,0.02056075,0.00186916,0.00747664,0.01308411,0.02056075,0.01682243,0.00560748,0.02056075,0.0635514
0.02369668,0.00947867,0.02843602,0.03317536,0.00947867,0.007109,0.01895735,0.01184834,0.00473934,0.01184834,0.,0.01895735,0.007109,0.02132701,0.01895735,0.03554502,0.01184834,0.02606635,0.01895735,0.01658768,0.007109,0.00473934,0.00947867,0.007109,0.00473934,0.02369668,0.01658768,0.02132701,0.007109,0.01421801,0.00473934,0.02132701,0.02843602,0.02369668,0.02606635,0.03791469,0.01895735,0.007109,0.04265403,0.007109,0.01658768,0.01421801,0.01895735,0.01421801,0.01421801,0.01184834,0.03791469,0.01421801,0.,0.007109,0.00236967,0.02369668,0.007109,0.007109,0.01184834,0.00947867,0.,0.,0.00236967,0.01658768,0.01421801,0.01658768,0.03317536,0.03791469
0.01333333,0.,0.01333333,0.,0.02666667,0.01333333,0.01333333,0.,0.,0.01333333,0.02666667,0.,0.01333333,0.,0.05333333,0.01333333,0.,0.04,0.,0.02666667,0.,0.,0.04,0.01333333,0.,0.06666667,0.,0.02666667,0.,0.01333333,0.01333333,0.01333333,0.,0.02666667,0.02666667,0.01333333,0.02666667,0.,0.09333333,0.01333333,0.,0.05333333,0.02666667,0.04,0.,0.02666667,0.02666667,0.01333333,0.,0.01333333,0.,0.,0.02666667,0.,0.02666667,0.01333333,0.01333333,0.01333333,0.01333333,0.01333333,0.,0.01333333,0.01333333,0.
0.02115385,0.025,0.01730769,0.01153846,0.01057692,0.02019231,0.01826923,0.00769231,0.00384615,0.025,0.00480769,0.00288462,0.01153846,0.0125,0.025,0.01153846,0.00865385,0.02115385,0.025,0.00865385,0.00769231,0.02115385,0.01826923,0.01057692,0.00673077,0.02403846,0.01442308,0.0125,0.00480769,0.02211538,0.03076923,0.00769231,0.02115385,0.03557692,0.03173077,0.00961538,0.02692308,0.02596154,0.02211538,0.00769231,0.01153846,0.02403846,0.02884615,0.01730769,0.00769231,0.00961538,0.03846154,0.01826923,0.,0.02980769,0.00096154,0.01346154,0.00769231,0.01346154,0.0125,0.01057692,0.,0.0125,0.0125,0.00384615,0.00576923,0.02980769,0.00961538,0.02788462
0.00732601,0.,0.01098901,0.00732601,0.003663,0.00732601,0.02197802,0.01831502,0.003663,0.003663,0.003663,0.,0.003663,0.01098901,0.01465201,0.00732601,0.00732601,0.02197802,0.02930403,0.01465201,0.,0.003663,0.01465201,0.01831502,0.01098901,0.04029304,0.02197802,0.01831502,0.,0.02564103,0.02564103,0.01098901,0.02197802,0.02564103,0.01831502,0.04761905,0.04395604,0.01831502,0.05494505,0.01465201,0.00732601,0.01465201,0.01098901,0.01098901,0.01098901,0.01465201,0.07326007,0.02564103,0.003663,0.01831502,0.,0.01465201,0.00732601,0.003663,0.02197802,0.01098901,0.,0.003663,0.01098901,0.01465201,0.003663,0.01465201,0.04029304,0.02930403
0.,0.,0.04081633,0.,0.,0.06122449,0.04081633,0.,0.,0.02040816,0.,0.,0.02040816,0.02040816,0.,0.02040816,0.,0.04081633,0.04081633,0.,0.,0.02040816,0.04081633,0.,0.,0.06122449,0.,0.,0.,0.,0.04081633,0.,0.,0.04081633,0.,0.,0.,0.,0.04081633,0.04081633,0.,0.04081633,0.04081633,0.,0.02040816,0.02040816,0.04081633,0.02040816,0.,0.,0.02040816,0.04081633,0.,0.,0.02040816,0.,0.,0.,0.02040816,0.,0.,0.04081633,0.02040816,0.06122449
0.,0.,0.,0.01923077,0.,0.,0.,0.,0.,0.,0.01923077,0.,0.,0.,0.03846154,0.01923077,0.,0.,0.01923077,0.,0.,0.03846154,0.01923077,0.05769231,0.,0.01923077,0.01923077,0.03846154,0.,0.,0.,0.,0.,0.01923077,0.,0.01923077,0.,0.01923077,0.05769231,0.,0.,0.03846154,0.05769231,0.01923077,0.,0.01923077,0.07692308,0.03846154,0.,0.03846154,0.01923077,0.,0.03846154,0.,0.,0.11538462,0.,0.,0.,0.03846154,0.,0.01923077,0.03846154,0.01923077
0.00707786,0.01314459,0.01516684,0.01617796,0.01011122,0.01213347,0.03538928,0.00202224,0.00101112,0.00606673,0.00404449,0.01314459,0.01011122,0.0091001,0.01011122,0.01718908,0.00505561,0.01516684,0.04347826,0.00606673,0.00404449,0.00404449,0.02426694,0.00707786,0.00202224,0.02527806,0.01213347,0.01718908,0.00202224,0.01213347,0.03538928,0.02123357,0.01718908,0.02123357,0.03235592,0.03842265,0.02022245,0.01921132,0.04347826,0.01112235,0.02325581,0.01011122,0.03336704,0.01617796,0.01516684,0.00808898,0.04752275,0.0182002,0.,0.01516684,0.,0.01415571,0.01617796,0.00707786,0.02123357,0.01617796,0.00101112,0.00202224,0.01415571,0.00808898,0.00505561,0.00606673,0.02325581,0.05662285
0.04006678,0.02003339,0.01836394,0.02838063,0.01669449,0.01836394,0.01669449,0.00834725,0.0066778,0.0066778,0.0033389,0.00500835,0.01001669,0.02838063,0.02504174,0.04507513,0.01335559,0.01001669,0.02504174,0.01168614,0.00834725,0.01001669,0.01168614,0.01168614,0.00166945,0.02337229,0.00834725,0.01669449,0.01001669,0.03005008,0.01168614,0.02170284,0.05175292,0.02671119,0.02170284,0.02170284,0.03505843,0.0066778,0.01836394,0.01335559,0.01001669,0.01168614,0.01502504,0.01335559,0.01502504,0.01001669,0.02170284,0.01335559,0.00166945,0.01502504,0.,0.01502504,0.0066778,0.01502504,0.01001669,0.01335559,0.,0.0066778,0.00500835,0.0033389,0.01836394,0.02170284,0.01502504,0.02504174
0.01104972,0.01104972,0.,0.00552486,0.,0.01104972,0.02209945,0.02209945,0.01104972,0.02762431,0.,0.,0.01104972,0.00552486,0.01104972,0.01104972,0.,0.03867403,0.,0.00552486,0.01104972,0.02209945,0.01104972,0.01657459,0.,0.03314917,0.01657459,0.00552486,0.01104972,0.03314917,0.04972376,0.02762431,0.02762431,0.,0.01657459,0.00552486,0.04972376,0.03867403,0.05524862,0.0441989,0.01104972,0.02209945,0.01657459,0.,0.03867403,0.01104972,0.00552486,0.00552486,0.,0.01657459,0.00552486,0.01104972,0.01104972,0.02762431,0.,0.00552486,0.,0.02762431,0.00552486,0.01657459,0.01104972,0.01657459,0.00552486,0.04972376
0.03462322,0.0101833,0.00407332,0.01221996,0.02647658,0.0101833,0.02240326,0.00814664,0.00814664,0.01832994,0.00407332,0.01221996,0.0305499,0.01425662,0.01832994,0.03462322,0.01629328,0.0305499,0.01629328,0.02240326,0.01629328,0.0101833,0.01221996,0.0203666,0.00814664,0.0203666,0.00407332,0.01425662,0.01221996,0.01629328,0.01221996,0.0203666,0.0305499,0.0101833,0.01425662,0.01832994,0.0509165,0.01629328,0.0407332,0.01425662,0.01629328,0.01425662,0.00203666,0.00814664,0.0101833,0.00407332,0.01629328,0.01629328,0.00203666,0.01832994,0.,0.01221996,0.01221996,0.01221996,0.,0.01832994,0.,0.01425662,0.00814664,0.0101833,0.0203666,0.0203666,0.00203666,0.04480652
0.01098901,0.00274725,0.,0.01648352,0.01098901,0.00549451,0.01923077,0.,0.,0.00549451,0.00549451,0.01098901,0.00274725,0.00549451,0.03846154,0.02747253,0.00824176,0.01373626,0.01648352,0.01098901,0.00274725,0.00824176,0.01648352,0.00824176,0.,0.01098901,0.00824176,0.02472527,0.00549451,0.00824176,0.04395604,0.02472527,0.00274725,0.01648352,0.00549451,0.01648352,0.02472527,0.00824176,0.0521978,0.,0.01923077,0.00824176,0.0467033,0.02197802,0.00549451,0.00549451,0.07967033,0.00824176,0.,0.01373626,0.00274725,0.02747253,0.00549451,0.00549451,0.01648352,0.00824176,0.,0.01098901,0.02472527,0.00274725,0.01373626,0.01648352,0.07417582,0.08241758
0.01864802,0.00699301,0.01165501,0.01864802,0.002331,0.01165501,0.01165501,0.01165501,0.002331,0.004662,0.00699301,0.01165501,0.002331,0.01864802,0.00932401,0.02097902,0.004662,0.01864802,0.02331002,0.01631702,0.004662,0.00699301,0.01165501,0.01165501,0.,0.02564103,0.02797203,0.03030303,0.004662,0.01165501,0.02564103,0.03030303,0.03263403,0.00932401,0.03729604,0.03962704,0.03030303,0.02097902,0.06759907,0.02564103,0.01165501,0.01398601,0.01864802,0.02331002,0.02097902,0.02331002,0.04428904,0.02097902,0.,0.01398601,0.,0.01165501,0.01165501,0.004662,0.002331,0.01165501,0.002331,0.00699301,0.002331,0.01165501,0.,0.002331,0.02797203,0.02564103
0.046875,0.015625,0.015625,0.0078125,0.0234375,0.0078125,0.03125,0.015625,0.03125,0.0234375,0.,0.015625,0.03125,0.,0.0078125,0.0078125,0.03125,0.0390625,0.0234375,0.0078125,0.015625,0.,0.03125,0.,0.0078125,0.03125,0.0078125,0.,0.015625,0.0078125,0.015625,0.,0.015625,0.015625,0.0234375,0.0078125,0.0234375,0.0234375,0.,0.,0.0078125,0.015625,0.015625,0.0078125,0.0078125,0.,0.015625,0.,0.,0.015625,0.,0.03125,0.0234375,0.0390625,0.0078125,0.03125,0.0078125,0.03125,0.0078125,0.015625,0.0234375,0.0234375,0.0234375,0.0234375
0.03389831,0.06779661,0.05084746,0.01694915,0.,0.,0.01694915,0.01694915,0.,0.01694915,0.03389831,0.,0.,0.01694915,0.03389831,0.01694915,0.,0.,0.01694915,0.,0.,0.,0.03389831,0.01694915,0.,0.01694915,0.01694915,0.06779661,0.,0.,0.01694915,0.,0.,0.01694915,0.05084746,0.01694915,0.,0.01694915,0.05084746,0.03389831,0.03389831,0.,0.01694915,0.01694915,0.,0.,0.05084746,0.03389831,0.,0.,0.01694915,0.,0.,0.,0.01694915,0.01694915,0.,0.03389831,0.,0.03389831,0.,0.,0.,0.03389831
0.00645161,0.01935484,0.04516129,0.01290323,0.,0.02580645,0.03870968,0.01290323,0.,0.,0.,0.01935484,0.00645161,0.03870968,0.04516129,0.01935484,0.,0.00645161,0.00645161,0.,0.,0.00645161,0.01935484,0.01290323,0.,0.00645161,0.00645161,0.01935484,0.,0.01935484,0.02580645,0.02580645,0.02580645,0.02580645,0.06451613,0.03225806,0.01935484,0.01935484,0.07096774,0.00645161,0.00645161,0.00645161,0.03225806,0.01290323,0.02580645,0.,0.03225806,0.03870968,0.00645161,0.00645161,0.,0.01290323,0.,0.,0.00645161,0.02580645,0.,0.00645161,0.,0.,0.01290323,0.01290323,0.01935484,0.02580645
0.02158273,0.01438849,0.01438849,0.01438849,0.02158273,0.00719424,0.,0.00719424,0.00719424,0.02877698,0.,0.,0.00719424,0.,0.00719424,0.,0.02877698,0.01438849,0.02158273,0.00719424,0.02877698,0.02877698,0.00719424,0.00719424,0.00719424,0.00719424,0.00719424,0.00719424,0.02877698,0.01438849,0.02158273,0.,0.04316547,0.13669065,0.04316547,0.0647482,0.02158273,0.00719424,0.00719424,0.01438849,0.,0.02158273,0.00719424,0.,0.,0.02158273,0.01438849,0.01438849,0.,0.02158273,0.00719424,0.02158273,0.,0.01438849,0.00719424,0.00719424,0.,0.02158273,0.,0.,0.01438849,0.03597122,0.,0.04316547
0.01428571,0.02857143,0.01428571,0.,0.01428571,0.01428571,0.01428571,0.01428571,0.01428571,0.04285714,0.04285714,0.,0.02857143,0.04285714,0.02857143,0.,0.,0.,0.,0.,0.01428571,0.,0.01428571,0.01428571,0.,0.,0.01428571,0.,0.,0.02857143,0.01428571,0.01428571,0.,0.01428571,0.01428571,0.,0.1,0.01428571,0.01428571,0.02857143,0.,0.,0.,0.01428571,0.02857143,0.01428571,0.02857143,0.01428571,0.,0.01428571,0.,0.,0.01428571,0.04285714,0.02857143,0.04285714,0.01428571,0.02857143,0.01428571,0.,0.02857143,0.,0.,0.05714286
0.01482702,0.00329489,0.00988468,0.00494234,0.01976936,0.01482702,0.01976936,0.01812191,0.00494234,0.01976936,0.,0.00494234,0.00329489,0.01976936,0.00988468,0.01812191,0.01976936,0.01812191,0.03789127,0.01317957,0.01317957,0.01153213,0.01976936,0.01976936,0.00823723,0.04283361,0.01153213,0.01812191,0.00823723,0.02965404,0.0247117,0.0214168,0.03624382,0.0247117,0.01647446,0.01976936,0.04448105,0.01482702,0.0247117,0.00988468,0.01812191,0.01153213,0.00988468,0.01482702,0.02800659,0.00329489,0.03789127,0.01647446,0.00164745,0.01812191,0.,0.00988468,0.00823723,0.01153213,0.00823723,0.00823723,0.,0.00823723,0.01482702,0.01317957,0.01647446,0.01153213,0.01812191,0.01647446
0.016,0.,0.064,0.008,0.,0.,0.016,0.,0.016,0.008,0.008,0.008,0.008,0.032,0.024,0.04,0.024,0.04,0.024,0.008,0.,0.008,0.008,0.024,0.008,0.024,0.016,0.056,0.,0.008,0.032,0.,0.032,0.016,0.048,0.008,0.016,0.008,0.064,0.016,0.008,0.,0.032,0.,0.008,0.,0.064,0.008,0.,0.008,0.,0.008,0.,0.016,0.016,0.024,0.008,0.,0.008,0.008,0.008,0.008,0.016,0.016
0.01670644,0.02147971,0.03341289,0.02625298,0.01431981,0.02863962,0.02863962,0.,0.00954654,0.01193317,0.01193317,0.02147971,0.01193317,0.02147971,0.03579952,0.03579952,0.00954654,0.0071599,0.01670644,0.00238663,0.0071599,0.00238663,0.01670644,0.01431981,0.00238663,0.01193317,0.00477327,0.0071599,0.00238663,0.0071599,0.01670644,0.01431981,0.04295943,0.0071599,0.02386635,0.04057279,0.03818616,0.01193317,0.03102625,0.02386635,0.02147971,0.02625298,0.01670644,0.04057279,0.01909308,0.01193317,0.03579952,0.02147971,0.,0.00477327,0.,0.0071599,0.00954654,0.00238663,0.01193317,0.01431981,0.00238663,0.0071599,0.00238663,0.,0.00954654,0.00477327,0.02386635,0.01431981
0.01677852,0.0033557,0.01006711,0.02013423,0.01006711,0.01677852,0.01006711,0.0033557,0.00671141,0.,0.00671141,0.02348993,0.01006711,0.0033557,0.01677852,0.01342282,0.01342282,0.02013423,0.04026846,0.02348993,0.00671141,0.00671141,0.01342282,0.01006711,0.01342282,0.03020134,0.03691275,0.02348993,0.,0.0033557,0.01677852,0.03020134,0.01006711,0.01342282,0.02013423,0.02013423,0.01342282,0.01006711,0.07718121,0.01342282,0.02348993,0.,0.0033557,0.01342282,0.00671141,0.,0.05704698,0.02013423,0.,0.01342282,0.0033557,0.02684564,0.01677852,0.00671141,0.00671141,0.02684564,0.,0.01006711,0.01006711,0.01006711,0.01677852,0.,0.03691275,0.05369128
0.02832861,0.00849858,0.04532578,0.01983003,0.01416431,0.00849858,0.01416431,0.00566572,0.00566572,0.00566572,0.00283286,0.01133144,0.01416431,0.02832861,0.03399433,0.04249292,0.01983003,0.00566572,0.02549575,0.00283286,0.00283286,0.00566572,0.00849858,0.00566572,0.00283286,0.01133144,0.02549575,0.01416431,0.00283286,0.01983003,0.01416431,0.01983003,0.07365439,0.01983003,0.04532578,0.05665722,0.03116147,0.01699717,0.01699717,0.00849858,0.01699717,0.,0.00849858,0.01133144,0.00849858,0.01416431,0.03116147,0.02832861,0.00283286,0.00849858,0.,0.00283286,0.01133144,0.01133144,0.00566572,0.02266289,0.,0.,0.,0.,0.00566572,0.00566572,0.0368272,0.02266289
0.00666667,0.02,0.,0.04,0.01333333,0.02666667,0.02666667,0.01333333,0.,0.03333333,0.,0.00666667,0.00666667,0.01333333,0.02666667,0.00666667,0.00666667,0.06,0.02,0.01333333,0.01333333,0.00666667,0.,0.,0.,0.02666667,0.,0.03333333,0.,0.00666667,0.03333333,0.01333333,0.02,0.02666667,0.02,0.01333333,0.02666667,0.00666667,0.01333333,0.02,0.00666667,0.00666667,0.00666667,0.00666667,0.02666667,0.01333333,0.04,0.00666667,0.,0.02,0.,0.,0.,0.00666667,0.01333333,0.04,0.00666667,0.02666667,0.,0.01333333,0.01333333,0.05333333,0.,0.07333333
0.01369863,0.00856164,0.02054795,0.01541096,0.00342466,0.01883562,0.01712329,0.00856164,0.00513699,0.01541096,0.00684932,0.01883562,0.0119863,0.0119863,0.01883562,0.02568493,0.01027397,0.00684932,0.0239726,0.00856164,0.,0.00342466,0.0119863,0.0119863,0.00171233,0.02910959,0.0119863,0.02568493,0.,0.01712329,0.02910959,0.04452055,0.0239726,0.01541096,0.03424658,0.03082192,0.0239726,0.0119863,0.05479452,0.02568493,0.0119863,0.0119863,0.02568493,0.0239726,0.00856164,0.01712329,0.04109589,0.02910959,0.,0.01027397,0.,0.01369863,0.00856164,0.00856164,0.01027397,0.01541096,0.00171233,0.00342466,0.0119863,0.00342466,0.00684932,0.01369863,0.01541096,0.02910959
0.01685393,0.00561798,0.03932584,0.00561798,0.,0.00561798,0.01685393,0.,0.,0.01685393,0.0505618,0.01123596,0.00561798,0.03370787,0.02247191,0.,0.00561798,0.01685393,0.01123596,0.01123596,0.01123596,0.,0.00561798,0.,0.01685393,0.02808989,0.01123596,0.00561798,0.00561798,0.,0.02247191,0.,0.06179775,0.,0.02247191,0.02247191,0.01123596,0.,0.06741573,0.01123596,0.02247191,0.03932584,0.0505618,0.04494382,0.03370787,0.02808989,0.03932584,0.00561798,0.,0.00561798,0.,0.00561798,0.,0.01123596,0.01123596,0.,0.00561798,0.01685393,0.02808989,0.02247191,0.,0.02247191,0.01685393,0.01123596
0.,0.,0.,0.,0.01315789,0.,0.01315789,0.,0.,0.01315789,0.,0.,0.01315789,0.,0.02631579,0.02631579,0.,0.01315789,0.06578947,0.01315789,0.,0.,0.03947368,0.02631579,0.,0.01315789,0.01315789,0.05263158,0.,0.,0.,0.02631579,0.01315789,0.02631579,0.02631579,0.02631579,0.,0.,0.11842105,0.02631579,0.01315789,0.02631579,0.01315789,0.02631579,0.01315789,0.,0.06578947,0.02631579,0.,0.02631579,0.,0.02631579,0.01315789,0.,0.01315789,0.,0.01315789,0.01315789,0.01315789,0.01315789,0.,0.01315789,0.03947368,0.02631579
0.,0.,0.,0.,0.,0.,0.01149425,0.01149425,0.01149425,0.,0.01149425,0.,0.,0.,0.,0.,0.,0.,0.02298851,0.,0.,0.01149425,0.02298851,0.02298851,0.02298851,0.03448276,0.01149425,0.06896552,0.,0.01149425,0.01149425,0.03448276,0.03448276,0.03448276,0.04597701,0.03448276,0.,0.01149425,0.10344828,0.02298851,0.02298851,0.01149425,0.01149425,0.,0.02298851,0.01149425,0.04597701,0.03448276,0.,0.01149425,0.01149425,0.,0.,0.01149425,0.02298851,0.01149425,0.,0.,0.02298851,0.04597701,0.02298851,0.01149425,0.02298851,0.03448276
0.0070922,0.0070922,0.02836879,0.0212766,0.0070922,0.,0.0212766,0.0141844,0.,0.0070922,0.,0.,0.,0.02836879,0.03546099,0.02836879,0.0070922,0.,0.0212766,0.,0.,0.0212766,0.0070922,0.,0.,0.0070922,0.0070922,0.,0.0141844,0.0141844,0.0212766,0.03546099,0.0141844,0.0070922,0.0070922,0.0070922,0.0212766,0.04255319,0.07801418,0.03546099,0.0212766,0.02836879,0.03546099,0.05673759,0.,0.,0.02836879,0.0212766,0.,0.0070922,0.0070922,0.0212766,0.,0.,0.0141844,0.03546099,0.,0.0141844,0.0141844,0.0141844,0.,0.,0.04964539,0.05673759
0.03821656,0.01273885,0.06369427,0.,0.01273885,0.00636943,0.03184713,0.01273885,0.,0.00636943,0.,0.00636943,0.00636943,0.01273885,0.02547771,0.00636943,0.01273885,0.01273885,0.,0.,0.,0.00636943,0.02547771,0.02547771,0.,0.01910828,0.00636943,0.00636943,0.00636943,0.01910828,0.01910828,0.03184713,0.01910828,0.01273885,0.05095541,0.01910828,0.01910828,0.02547771,0.05732484,0.01273885,0.03821656,0.01910828,0.00636943,0.03184713,0.01910828,0.01910828,0.02547771,0.01273885,0.,0.01910828,0.00636943,0.00636943,0.00636943,0.01273885,0.03184713,0.01273885,0.,0.02547771,0.00636943,0.01273885,0.,0.01273885,0.01273885,0.01273885
0.01041667,0.00260417,0.01041667,0.00520833,0.00520833,0.015625,0.015625,0.00520833,0.00260417,0.01302083,0.0078125,0.00520833,0.00260417,0.02083333,0.01822917,0.02083333,0.01041667,0.0234375,0.03125,0.00520833,0.0078125,0.0078125,0.015625,0.0390625,0.00260417,0.01822917,0.01041667,0.02864583,0.00260417,0.015625,0.01822917,0.05729167,0.0390625,0.01822917,0.02864583,0.01822917,0.0390625,0.01822917,0.0546875,0.015625,0.01041667,0.0234375,0.0078125,0.01302083,0.015625,0.015625,0.04947917,0.00520833,0.,0.01822917,0.,0.,0.,0.015625,0.0078125,0.02604167,0.00260417,0.0078125,0.01041667,0.01302083,0.00260417,0.00260417,0.03385417,0.03125
0.01428571,0.0047619,0.,0.00952381,0.,0.01428571,0.01904762,0.0047619,0.0047619,0.00952381,0.0047619,0.00952381,0.0047619,0.01428571,0.00952381,0.,0.00952381,0.00952381,0.0047619,0.00952381,0.,0.0047619,0.02380952,0.0047619,0.0047619,0.01904762,0.01428571,0.04285714,0.,0.02857143,0.01428571,0.03809524,0.02857143,0.00952381,0.04285714,0.02857143,0.03809524,0.02857143,0.09047619,0.01428571,0.02380952,0.00952381,0.03333333,0.01428571,0.01428571,0.00952381,0.06190476,0.03809524,0.,0.0047619,0.,0.01428571,0.0047619,0.0047619,0.0047619,0.01904762,0.0047619,0.01904762,0.0047619,0.02857143,0.0047619,0.00952381,0.01904762,0.01904762
0.02339181,0.00438596,0.01461988,0.01023392,0.01023392,0.01754386,0.01461988,0.01169591,0.00438596,0.00438596,0.00292398,0.00877193,0.01023392,0.01754386,0.03508772,0.0380117,0.01023392,0.01023392,0.03654971,0.01608187,0.00877193,0.00146199,0.01461988,0.01169591,0.00730994,0.01461988,0.01608187,0.02923977,0.00146199,0.00584795,0.01315789,0.01754386,0.04093567,0.01169591,0.04093567,0.0380117,0.03216374,0.00438596,0.02777778,0.01608187,0.01608187,0.01169591,0.02192982,0.03070175,0.03508772,0.00584795,0.04532164,0.01754386,0.00146199,0.00877193,0.,0.01461988,0.00730994,0.00438596,0.01608187,0.01754386,0.,0.00584795,0.00730994,0.01315789,0.00877193,0.00584795,0.01900585,0.03070175
0.01791045,0.00895522,0.03283582,0.01791045,0.00895522,0.02089552,0.02089552,0.00895522,0.,0.00895522,0.00895522,0.00597015,0.0119403,0.00895522,0.0119403,0.01791045,0.00895522,0.02089552,0.01492537,0.01492537,0.,0.01791045,0.01492537,0.00895522,0.,0.04477612,0.0238806,0.01791045,0.01492537,0.00597015,0.0238806,0.03283582,0.0358209,0.02686567,0.04179104,0.02686567,0.02089552,0.00597015,0.04179104,0.00895522,0.01791045,0.0119403,0.01492537,0.00597015,0.00895522,0.00298507,0.0358209,0.0238806,0.,0.02985075,0.,0.02089552,0.00597015,0.00895522,0.00298507,0.02686567,0.00298507,0.00298507,0.02089552,0.00298507,0.00298507,0.01492537,0.01791045,0.02985075
0.00423729,0.02966102,0.02966102,0.01271186,0.,0.02118644,0.02118644,0.00847458,0.00423729,0.00847458,0.00847458,0.00847458,0.00423729,0.00847458,0.01271186,0.00423729,0.00423729,0.02542373,0.02542373,0.01694915,0.,0.01271186,0.01271186,0.01694915,0.00423729,0.02966102,0.01694915,0.02118644,0.00423729,0.02118644,0.03389831,0.02542373,0.01694915,0.00423729,0.04237288,0.01694915,0.00847458,0.02542373,0.08050847,0.01694915,0.02542373,0.00423729,0.03813559,0.02542373,0.,0.,0.02542373,0.01271186,0.,0.01694915,0.00423729,0.02542373,0.00423729,0.00423729,0.01694915,0.00423729,0.,0.02118644,0.01694915,0.01271186,0.00847458,0.00423729,0.03389831,0.02542373
0.0137457,0.,0.00343643,0.00687285,0.01718213,0.01718213,0.02749141,0.01718213,0.,0.00343643,0.,0.01030928,0.,0.,0.02061856,0.01030928,0.0137457,0.02749141,0.03092784,0.00687285,0.0137457,0.02061856,0.01718213,0.02749141,0.01030928,0.05154639,0.,0.00687285,0.0137457,0.00687285,0.04467354,0.02061856,0.02061856,0.03436426,0.03092784,0.00343643,0.04123711,0.01030928,0.03092784,0.01030928,0.01718213,0.0137457,0.0137457,0.00343643,0.02405498,0.01030928,0.03780069,0.01718213,0.,0.03092784,0.,0.02061856,0.00687285,0.02061856,0.00687285,0.02061856,0.00343643,0.00687285,0.01718213,0.0137457,0.0137457,0.00687285,0.01030928,0.04123711
0.01621622,0.01351351,0.05945946,0.00540541,0.0027027,0.00810811,0.0027027,0.00810811,0.0027027,0.,0.,0.0027027,0.0027027,0.00540541,0.01081081,0.,0.02432432,0.02432432,0.03783784,0.00540541,0.01081081,0.00540541,0.00810811,0.00540541,0.0027027,0.07027027,0.04864865,0.00810811,0.00540541,0.02432432,0.01351351,0.01891892,0.06486486,0.01081081,0.11891892,0.00540541,0.03243243,0.07297297,0.07567568,0.00810811,0.01081081,0.,0.0027027,0.0027027,0.00810811,0.0027027,0.00810811,0.0027027,0.0027027,0.02972973,0.,0.01351351,0.00540541,0.02162162,0.0027027,0.,0.,0.00540541,0.00540541,0.,0.00540541,0.00810811,0.00540541,0.01351351
0.0130597,0.01492537,0.01865672,0.01679104,0.01492537,0.01679104,0.02425373,0.00186567,0.00373134,0.00559701,0.00373134,0.0130597,0.01119403,0.00932836,0.00932836,0.01865672,0.0261194,0.0261194,0.03358209,0.01119403,0.01119403,0.00373134,0.02052239,0.00373134,0.00186567,0.0261194,0.00746269,0.0130597,0.00932836,0.02425373,0.02052239,0.0391791,0.03171642,0.02052239,0.02425373,0.01865672,0.05410448,0.01492537,0.0391791,0.0130597,0.0261194,0.01679104,0.02052239,0.01865672,0.0130597,0.0130597,0.03358209,0.00746269,0.,0.02238806,0.00186567,0.01119403,0.00746269,0.01119403,0.00932836,0.00932836,0.,0.00373134,0.00559701,0.00932836,0.00559701,0.01865672,0.01679104,0.02798507
0.01226994,0.02453988,0.,0.00613497,0.00613497,0.,0.01840491,0.00613497,0.,0.00613497,0.00613497,0.00613497,0.00613497,0.,0.00613497,0.03680982,0.00613497,0.01226994,0.,0.01840491,0.00613497,0.01840491,0.01840491,0.01840491,0.,0.02453988,0.03067485,0.01226994,0.01226994,0.06134969,0.07361963,0.02453988,0.,0.00613497,0.00613497,0.01226994,0.03680982,0.03680982,0.06134969,0.00613497,0.,0.01226994,0.00613497,0.02453988,0.00613497,0.02453988,0.02453988,0.00613497,0.00613497,0.03680982,0.,0.01226994,0.,0.01226994,0.01226994,0.00613497,0.,0.03067485,0.01840491,0.00613497,0.00613497,0.01840491,0.03067485,0.05521472
0.02764228,0.02439024,0.02926829,0.01626016,0.01138211,0.02113821,0.01788618,0.00487805,0.00487805,0.01788618,0.00162602,0.00813008,0.00650407,0.04227642,0.02926829,0.02601626,0.0097561,0.00813008,0.02113821,0.00162602,0.00487805,0.0097561,0.0097561,0.0097561,0.00162602,0.02113821,0.00650407,0.00813008,0.00650407,0.02926829,0.02113821,0.02601626,0.03739837,0.03089431,0.02276423,0.01138211,0.02439024,0.02926829,0.02926829,0.02113821,0.02113821,0.03089431,0.0097561,0.0097561,0.01300813,0.01788618,0.02764228,0.01788618,0.00162602,0.01788618,0.,0.00487805,0.00813008,0.02439024,0.00650407,0.01463415,0.,0.00650407,0.01138211,0.00325203,0.00325203,0.03089431,0.00487805,0.02276423
0.,0.,0.01587302,0.,0.01587302,0.,0.01587302,0.01587302,0.,0.03174603,0.,0.03174603,0.,0.01587302,0.04761905,0.,0.,0.,0.01587302,0.01587302,0.,0.,0.01587302,0.,0.,0.07936508,0.01587302,0.03174603,0.,0.01587302,0.04761905,0.03174603,0.04761905,0.,0.11111111,0.03174603,0.01587302,0.,0.06349206,0.01587302,0.,0.,0.01587302,0.03174603,0.,0.01587302,0.,0.03174603,0.,0.,0.01587302,0.01587302,0.,0.,0.,0.,0.,0.,0.,0.03174603,0.,0.01587302,0.01587302,0.06349206
0.02,0.04,0.,0.,0.,0.,0.,0.02,0.,0.06,0.02,0.,0.02,0.,0.02,0.02,0.02,0.,0.,0.,0.,0.04,0.02,0.,0.,0.04,0.,0.,0.02,0.04,0.02,0.06,0.,0.,0.02,0.,0.02,0.04,0.04,0.02,0.,0.04,0.,0.02,0.02,0.02,0.06,0.,0.,0.02,0.02,0.,0.02,0.,0.,0.04,0.,0.02,0.,0.02,0.02,0.,0.02,0.04
0.0352,0.024,0.0192,0.0192,0.0128,0.0112,0.0096,0.0128,0.0048,0.,0.0064,0.0128,0.0096,0.0224,0.0288,0.0352,0.0128,0.0112,0.0176,0.0192,0.0048,0.0112,0.0144,0.024,0.008,0.0176,0.0176,0.0208,0.0016,0.0208,0.024,0.016,0.0304,0.0144,0.0352,0.032,0.0304,0.0048,0.0208,0.0096,0.0176,0.0128,0.0176,0.0112,0.0176,0.0208,0.0288,0.0224,0.,0.0224,0.,0.0208,0.008,0.0064,0.024,0.008,0.0016,0.,0.016,0.0064,0.0064,0.0128,0.008,0.0272
0.01797753,0.01348315,0.00449438,0.00674157,0.01797753,0.02247191,0.01573034,0.01573034,0.00224719,0.00449438,0.00224719,0.01797753,0.00224719,0.01797753,0.02022472,0.0247191,0.00898876,0.01573034,0.01123596,0.00449438,0.00449438,0.02247191,0.00898876,0.02247191,0.00449438,0.03146067,0.00674157,0.0247191,0.00674157,0.03146067,0.01123596,0.0247191,0.0247191,0.02696629,0.03146067,0.02247191,0.04269663,0.01123596,0.03146067,0.02247191,0.02022472,0.0247191,0.00898876,0.02696629,0.02247191,0.01573034,0.02696629,0.01797753,0.,0.01123596,0.00224719,0.00674157,0.01123596,0.01573034,0.01123596,0.01348315,0.,0.01123596,0.00449438,0.00674157,0.01123596,0.01573034,0.01348315,0.04044944
