0.0210728,0.02490421,0.01340996,0.01340996,0.01149425,0.05747126,0.01340996,0.00766284,0.00574713,0.01532567,0.00191571,0.00574713,0.00766284,0.04597701,0.01532567,0.01149425,0.02681992,0.01149425,0.01532567,0.01149425,0.00957854,0.01340996,0.01149425,0.00766284,0.01340996,0.0210728,0.00957854,0.02681992,0.02490421,0.03256705,0.01149425,0.01532567,0.05938697,0.04597701,0.01724138,0.01724138,0.02490421,0.03639847,0.01915709,0.00957854,0.01149425,0.0210728,0.00766284,0.00957854,0.00766284,0.02873563,0.00766284,0.00766284,0.,0.01915709,0.,0.00383142,0.00766284,0.00957854,0.01340996,0.00766284,0.00191571,0.00191571,0.00766284,0.00191571,0.00574713,0.03065134,0.01149425,0.01149425
0.0104,0.0168,0.0176,0.0192,0.004,0.0176,0.0136,0.0224,0.0008,0.0104,0.0016,0.004,0.0096,0.0312,0.0216,0.0256,0.0144,0.008,0.024,0.016,0.008,0.004,0.0144,0.0064,0.0072,0.0224,0.024,0.0248,0.0056,0.0064,0.0192,0.0112,0.0248,0.0384,0.0328,0.0344,0.0128,0.0216,0.016,0.0256,0.0144,0.024,0.0128,0.032,0.0104,0.0304,0.0248,0.028,0.0008,0.016,0.,0.016,0.012,0.0056,0.0136,0.0136,0.,0.0064,0.0072,0.004,0.0096,0.0192,0.0376,0.0128
0.01092896,0.03825137,0.02185792,0.01639344,0.01639344,0.04371585,0.02185792,0.02185792,0.,0.00546448,0.,0.,0.,0.02185792,0.01639344,0.03278689,0.01639344,0.03278689,0.0273224,0.00546448,0.01639344,0.01092896,0.01639344,0.02185792,0.00546448,0.00546448,0.01639344,0.00546448,0.00546448,0.,0.02185792,0.01092896,0.01639344,0.03278689,0.01639344,0.03278689,0.00546448,0.03278689,0.03278689,0.00546448,0.00546448,0.06010929,0.02185792,0.03278689,0.00546448,0.02185792,0.0273224,0.01639344,0.,0.01639344,0.00546448,0.00546448,0.00546448,0.00546448,0.02185792,0.01092896,0.,0.,0.,0.00546448,0.00546448,0.04918033,0.,0.01639344
0.01123596,0.02889246,0.02086677,0.01284109,0.00321027,0.035313,0.01605136,0.00963082,0.,0.01123596,0.,0.00802568,0.,0.04494382,0.01444623,0.0176565,0.02407705,0.01123596,0.02247191,0.00802568,0.02247191,0.01284109,0.02247191,0.01284109,0.00321027,0.03210273,0.01284109,0.00481541,0.00642055,0.00802568,0.02728732,0.00321027,0.02086677,0.04494382,0.02247191,0.02728732,0.02086677,0.04173355,0.02728732,0.01284109,0.01123596,0.035313,0.00642055,0.02728732,0.00802568,0.04173355,0.03370787,0.01284109,0.,0.01444623,0.00160514,0.00642055,0.00481541,0.02407705,0.02086677,0.00802568,0.,0.00160514,0.00481541,0.00321027,0.00802568,0.02247191,0.01123596,0.00481541
0.00641026,0.01282051,0.01282051,0.00641026,0.01923077,0.03846154,0.01923077,0.01923077,0.,0.01282051,0.00641026,0.,0.,0.03846154,0.02564103,0.00641026,0.01923077,0.01282051,0.01923077,0.,0.00641026,0.,0.02564103,0.,0.01282051,0.05128205,0.03205128,0.00641026,0.02564103,0.00641026,0.04487179,0.01923077,0.01282051,0.03205128,0.01282051,0.01282051,0.01923077,0.01282051,0.03205128,0.01923077,0.02564103,0.01923077,0.01923077,0.01282051,0.02564103,0.01923077,0.02564103,0.01282051,0.,0.01282051,0.,0.01923077,0.00641026,0.00641026,0.02564103,0.01282051,0.00641026,0.,0.01923077,0.,0.01282051,0.,0.04487179,0.01282051
0.00471698,0.00943396,0.00943396,0.00943396,0.01886792,0.05660377,0.01415094,0.01415094,0.02358491,0.02358491,0.00471698,0.00943396,0.01415094,0.00943396,0.01415094,0.00943396,0.03301887,0.01886792,0.02358491,0.00943396,0.03773585,0.01415094,0.02358491,0.00943396,0.01886792,0.04716981,0.01415094,0.02358491,0.00471698,0.01886792,0.02358491,0.00471698,0.02358491,0.00943396,0.,0.02358491,0.00943396,0.03301887,0.01415094,0.03773585,0.02358491,0.04716981,0.01886792,0.02358491,0.01415094,0.00943396,0.,0.00471698,0.,0.,0.01415094,0.00943396,0.01415094,0.01415094,0.,0.00943396,0.02830189,0.,0.00943396,0.01415094,0.00471698,0.00471698,0.00943396,0.00471698
0.01075269,0.03942652,0.01792115,0.00716846,0.01075269,0.04659498,0.01433692,0.01792115,0.,0.01075269,0.00358423,0.,0.00358423,0.03225806,0.01075269,0.00716846,0.01433692,0.01075269,0.03225806,0.00358423,0.02867384,0.03584229,0.03942652,0.01075269,0.,0.00716846,0.01075269,0.01075269,0.00716846,0.01433692,0.02867384,0.00358423,0.01075269,0.02867384,0.00358423,0.01433692,0.03225806,0.04659498,0.03225806,0.02508961,0.00716846,0.02867384,0.01433692,0.02150538,0.00716846,0.02867384,0.03584229,0.02150538,0.,0.01433692,0.00358423,0.00358423,0.02150538,0.01433692,0.01792115,0.01075269,0.,0.,0.01075269,0.,0.00716846,0.03225806,0.01075269,0.00358423
0.01197605,0.01796407,0.01197605,0.00598802,0.,0.03592814,0.01796407,0.01796407,0.,0.02994012,0.,0.00598802,0.00598802,0.0239521,0.00598802,0.00598802,0.00598802,0.02994012,0.01197605,0.,0.01197605,0.00598802,0.0239521,0.0239521,0.00598802,0.0239521,0.01796407,0.01197605,0.00598802,0.03592814,0.02994012,0.00598802,0.02994012,0.01796407,0.01796407,0.04790419,0.01197605,0.0239521,0.00598802,0.00598802,0.01197605,0.01796407,0.00598802,0.0239521,0.02994012,0.00598802,0.06586826,0.04790419,0.00598802,0.00598802,0.00598802,0.01197605,0.01796407,0.00598802,0.01197605,0.0239521,0.,0.0239521,0.,0.01796407,0.01197605,0.0239521,0.01197605,0.
0.00223714,0.03355705,0.01118568,0.01342282,0.01789709,0.02237136,0.02013423,0.00447427,0.00447427,0.01342282,0.00223714,0.00894855,0.01342282,0.04250559,0.01565996,0.01342282,0.01789709,0.01118568,0.01565996,0.00447427,0.01565996,0.02237136,0.04474273,0.01789709,0.00447427,0.01342282,0.00671141,0.00671141,0.00671141,0.00894855,0.02908277,0.00671141,0.01565996,0.0246085,0.01118568,0.02684564,0.01565996,0.02684564,0.06263982,0.02684564,0.01118568,0.04474273,0.02013423,0.0246085,0.01118568,0.03131991,0.04474273,0.01118568,0.,0.00894855,0.,0.00671141,0.01118568,0.00671141,0.01789709,0.00223714,0.00223714,0.00894855,0.01118568,0.,0.00223714,0.01118568,0.02013423,0.00894855
0.00847458,0.00847458,0.00847458,0.00847458,0.00847458,0.02542373,0.00847458,0.01694915,0.00847458,0.,0.01694915,0.02542373,0.01694915,0.03389831,0.01694915,0.,0.03389831,0.01694915,0.02542373,0.00847458,0.04237288,0.00847458,0.04237288,0.01694915,0.03389831,0.01694915,0.03389831,0.,0.,0.00847458,0.04237288,0.00847458,0.,0.,0.00847458,0.05932203,0.02542373,0.02542373,0.02542373,0.01694915,0.00847458,0.02542373,0.,0.02542373,0.00847458,0.01694915,0.01694915,0.,0.00847458,0.00847458,0.01694915,0.01694915,0.,0.00847458,0.02542373,0.01694915,0.01694915,0.,0.01694915,0.00847458,0.00847458,0.01694915,0.01694915,0.
0.,0.01980198,0.01650165,0.00990099,0.01650165,0.04950495,0.03630363,0.00660066,0.00330033,0.02310231,0.00330033,0.00990099,0.00990099,0.02310231,0.04290429,0.01980198,0.02970297,0.01320132,0.04620462,0.00660066,0.01650165,0.01650165,0.04290429,0.00990099,0.00330033,0.00990099,0.00660066,0.,0.00660066,0.00330033,0.0330033,0.01650165,0.01980198,0.00990099,0.02310231,0.00990099,0.02640264,0.04290429,0.04950495,0.01980198,0.00990099,0.01980198,0.00990099,0.01320132,0.,0.00990099,0.01980198,0.00660066,0.,0.00990099,0.,0.00330033,0.01650165,0.02310231,0.01320132,0.00660066,0.00330033,0.00660066,0.01980198,0.00660066,0.00330033,0.01980198,0.01320132,0.01320132
0.00588235,0.04117647,0.02352941,0.02352941,0.01764706,0.02352941,0.01764706,0.01764706,0.01176471,0.02352941,0.,0.,0.01176471,0.00588235,0.01176471,0.00588235,0.02352941,0.01176471,0.02352941,0.,0.00588235,0.01764706,0.01176471,0.,0.00588235,0.00588235,0.01764706,0.,0.02941176,0.03529412,0.02352941,0.01764706,0.04705882,0.03529412,0.05882353,0.02352941,0.02941176,0.02941176,0.01764706,0.02352941,0.00588235,0.03529412,0.01176471,0.00588235,0.00588235,0.02352941,0.02941176,0.00588235,0.,0.01764706,0.,0.00588235,0.,0.01176471,0.02352941,0.00588235,0.00588235,0.00588235,0.,0.00588235,0.,0.02352941,0.02352941,0.01176471
0.00981675,0.02094241,0.02094241,0.0104712,0.0052356,0.02421466,0.0104712,0.0104712,0.00196335,0.00850785,0.00327225,0.00719895,0.0052356,0.02486911,0.02945026,0.01570681,0.00589005,0.01374346,0.02683246,0.01636126,0.0078534,0.01112565,0.02552356,0.0052356,0.0078534,0.02552356,0.01767016,0.01112565,0.0052356,0.01374346,0.03272251,0.00981675,0.02617801,0.03403141,0.03534031,0.02421466,0.01308901,0.02748691,0.03730366,0.02486911,0.0091623,0.03926702,0.01505236,0.03141361,0.01112565,0.02814136,0.03272251,0.01505236,0.,0.02225131,0.,0.0065445,0.00196335,0.01701571,0.01636126,0.00589005,0.00065445,0.0039267,0.00981675,0.0039267,0.0078534,0.02552356,0.01963351,0.0091623
0.01265823,0.01265823,0.01265823,0.01898734,0.00632911,0.03164557,0.00632911,0.00632911,0.,0.01265823,0.,0.02531646,0.,0.05063291,0.,0.01265823,0.,0.01898734,0.02531646,0.,0.01265823,0.,0.01265823,0.,0.00632911,0.03164557,0.00632911,0.00632911,0.01898734,0.01898734,0.02531646,0.00632911,0.01898734,0.06962025,0.01265823,0.00632911,0.01898734,0.05063291,0.01898734,0.,0.01265823,0.06329114,0.01265823,0.0443038,0.01265823,0.08227848,0.0443038,0.00632911,0.00632911,0.00632911,0.,0.,0.00632911,0.01898734,0.01265823,0.,0.,0.01265823,0.00632911,0.00632911,0.,0.02531646,0.01265823,0.01265823
0.01123596,0.,0.,0.,0.02247191,0.03370787,0.00561798,0.00561798,0.,0.01123596,0.,0.,0.00561798,0.02808989,0.03370787,0.00561798,0.,0.01123596,0.01685393,0.01685393,0.02247191,0.02247191,0.03370787,0.02247191,0.01123596,0.01123596,0.00561798,0.00561798,0.01123596,0.,0.0505618,0.00561798,0.04494382,0.01123596,0.02808989,0.02247191,0.0505618,0.02247191,0.01123596,0.02808989,0.02808989,0.03370787,0.02247191,0.02247191,0.,0.03370787,0.03370787,0.01123596,0.00561798,0.,0.,0.01123596,0.02808989,0.00561798,0.01685393,0.00561798,0.,0.00561798,0.01685393,0.00561798,0.00561798,0.02247191,0.0505618,0.00561798
0.01219512,0.01219512,0.01219512,0.,0.01219512,0.,0.02439024,0.02439024,0.01219512,0.02439024,0.,0.,0.01219512,0.03658537,0.01219512,0.,0.01219512,0.02439024,0.03658537,0.01219512,0.02439024,0.,0.02439024,0.01219512,0.01219512,0.01219512,0.03658537,0.01219512,0.03658537,0.03658537,0.03658537,0.01219512,0.,0.06097561,0.01219512,0.,0.02439024,0.02439024,0.02439024,0.01219512,0.01219512,0.06097561,0.01219512,0.03658537,0.01219512,0.,0.04878049,0.,0.,0.01219512,0.,0.01219512,0.,0.,0.04878049,0.,0.,0.01219512,0.,0.,0.,0.01219512,0.01219512,0.01219512
0.00886918,0.03325942,0.02217295,0.01330377,0.00886918,0.04878049,0.01552106,0.00443459,0.00443459,0.02882483,0.,0.00886918,0.00886918,0.03547672,0.01995565,0.00665188,0.01552106,0.01773836,0.03325942,0.00221729,0.01108647,0.03547672,0.04656319,0.01552106,0.01108647,0.02217295,0.00886918,0.00665188,0.01330377,0.01108647,0.03991131,0.00886918,0.01773836,0.02439024,0.02439024,0.02217295,0.01773836,0.0421286,0.02660754,0.01552106,0.00665188,0.03547672,0.01330377,0.01773836,0.00221729,0.02439024,0.01773836,0.01108647,0.,0.00886918,0.,0.00443459,0.00665188,0.01108647,0.00886918,0.00665188,0.00221729,0.01552106,0.01773836,0.00221729,0.00443459,0.01552106,0.00665188,0.00221729
0.00409836,0.01229508,0.00819672,0.,0.00819672,0.0204918,0.02868852,0.01639344,0.01639344,0.03278689,0.00409836,0.00409836,0.00409836,0.01639344,0.01639344,0.02868852,0.0204918,0.00819672,0.01639344,0.01229508,0.02459016,0.,0.03688525,0.0204918,0.00819672,0.01229508,0.02868852,0.01639344,0.00819672,0.00409836,0.03278689,0.,0.,0.02868852,0.0204918,0.0204918,0.03278689,0.02459016,0.02459016,0.01639344,0.00819672,0.0204918,0.02459016,0.00409836,0.0204918,0.02459016,0.03278689,0.00819672,0.,0.01639344,0.01639344,0.01639344,0.01639344,0.,0.0204918,0.00819672,0.01229508,0.0204918,0.0204918,0.02459016,0.00409836,0.00819672,0.01639344,0.01639344
0.01687764,0.02531646,0.00843882,0.01265823,0.02953586,0.0464135,0.02109705,0.00843882,0.00421941,0.03375527,0.,0.00843882,0.01687764,0.02953586,0.01265823,0.00843882,0.00421941,0.00421941,0.02953586,0.,0.02109705,0.02531646,0.05063291,0.01687764,0.00843882,0.00421941,0.,0.,0.02531646,0.00843882,0.04219409,0.01265823,0.01265823,0.03375527,0.01265823,0.01687764,0.02109705,0.03797468,0.02953586,0.,0.01265823,0.05907173,0.00421941,0.02953586,0.01687764,0.02109705,0.02953586,0.00843882,0.,0.00421941,0.00421941,0.01265823,0.01687764,0.00421941,0.02531646,0.,0.,0.01265823,0.,0.00421941,0.,0.01265823,0.02109705,0.
0.00461538,0.02307692,0.00461538,0.00615385,0.00307692,0.02153846,0.00307692,0.00615385,0.,0.01692308,0.00461538,0.00615385,0.00153846,0.02307692,0.03230769,0.01230769,0.01230769,0.01076923,0.02615385,0.00615385,0.01230769,0.01230769,0.03384615,0.01076923,0.00769231,0.01076923,0.03076923,0.00769231,0.00769231,0.01230769,0.06153846,0.01692308,0.00461538,0.02769231,0.01384615,0.00769231,0.01384615,0.02769231,0.04461538,0.01692308,0.00615385,0.02923077,0.02461538,0.03076923,0.01384615,0.02615385,0.04769231,0.01384615,0.,0.02,0.,0.01384615,0.00461538,0.01230769,0.01384615,0.00615385,0.00153846,0.00307692,0.03692308,0.00615385,0.00153846,0.02153846,0.04461538,0.01538462
0.00784314,0.01568627,0.02352941,0.00560224,0.00392157,0.02352941,0.0140056,0.00952381,0.00168067,0.01120448,0.0022409,0.00504202,0.00168067,0.04201681,0.01960784,0.01288515,0.00896359,0.01288515,0.02745098,0.00952381,0.00504202,0.01792717,0.02913165,0.00784314,0.00504202,0.01960784,0.01848739,0.01344538,0.00448179,0.00952381,0.03361345,0.00784314,0.02352941,0.04705882,0.0487395,0.02408964,0.01736695,0.03921569,0.04201681,0.02408964,0.00952381,0.03641457,0.00896359,0.02633053,0.01176471,0.01792717,0.04201681,0.01176471,0.,0.01736695,0.,0.00952381,0.00448179,0.01232493,0.02352941,0.00336134,0.00056022,0.0022409,0.01176471,0.00112045,0.00336134,0.02016807,0.02128852,0.00728291
0.00560224,0.02427638,0.01213819,0.00560224,0.01027077,0.03734827,0.01213819,0.00933707,0.00280112,0.02240896,0.,0.00653595,0.00653595,0.02521008,0.01774043,0.01213819,0.00840336,0.00840336,0.02427638,0.00653595,0.01867414,0.01680672,0.02987862,0.00280112,0.01213819,0.02614379,0.01213819,0.00466853,0.01774043,0.0140056,0.04481793,0.00933707,0.01213819,0.02614379,0.0140056,0.01213819,0.03267974,0.05788982,0.02987862,0.00933707,0.0140056,0.03548086,0.02054155,0.0130719,0.00840336,0.03081232,0.03828198,0.00746965,0.,0.01680672,0.00093371,0.00373483,0.00746965,0.01493931,0.01027077,0.00466853,0.,0.00373483,0.03174603,0.00373483,0.00653595,0.03454715,0.0280112,0.00373483
0.01785714,0.07142857,0.,0.01785714,0.01785714,0.,0.03571429,0.,0.,0.03571429,0.,0.,0.03571429,0.,0.01785714,0.,0.01785714,0.03571429,0.01785714,0.,0.01785714,0.01785714,0.,0.,0.,0.01785714,0.03571429,0.,0.01785714,0.03571429,0.03571429,0.01785714,0.03571429,0.03571429,0.05357143,0.05357143,0.01785714,0.01785714,0.03571429,0.01785714,0.01785714,0.01785714,0.,0.,0.,0.07142857,0.01785714,0.01785714,0.,0.,0.,0.,0.,0.01785714,0.01785714,0.01785714,0.,0.,0.01785714,0.,0.,0.,0.,0.
0.00916031,0.01832061,0.00305344,0.00610687,0.00916031,0.04427481,0.01832061,0.01068702,0.00152672,0.01984733,0.,0.00458015,0.01221374,0.02900763,0.01984733,0.01679389,0.01221374,0.01526718,0.00916031,0.01068702,0.00763359,0.01374046,0.02748092,0.00458015,0.00916031,0.02137405,0.00916031,0.00610687,0.01374046,0.01068702,0.05648855,0.01374046,0.00916031,0.01984733,0.00610687,0.00763359,0.0259542,0.0519084,0.05038168,0.01526718,0.01221374,0.03206107,0.01221374,0.00916031,0.01068702,0.0351145,0.05038168,0.00763359,0.,0.02900763,0.00152672,0.00610687,0.00610687,0.00763359,0.01984733,0.,0.,0.00458015,0.0351145,0.,0.00610687,0.03206107,0.02137405,0.01068702
0.02222222,0.06666667,0.06666667,0.,0.01111111,0.01111111,0.03333333,0.,0.01111111,0.02222222,0.,0.02222222,0.02222222,0.01111111,0.03333333,0.01111111,0.,0.03333333,0.02222222,0.01111111,0.,0.,0.01111111,0.01111111,0.01111111,0.,0.,0.,0.,0.02222222,0.04444444,0.,0.01111111,0.05555556,0.03333333,0.01111111,0.01111111,0.04444444,0.02222222,0.02222222,0.01111111,0.03333333,0.01111111,0.01111111,0.01111111,0.,0.01111111,0.01111111,0.01111111,0.,0.,0.,0.01111111,0.02222222,0.04444444,0.,0.,0.01111111,0.02222222,0.02222222,0.,0.03333333,0.,0.
0.00729927,0.01824818,0.02554745,0.02189781,0.,0.01094891,0.00729927,0.01094891,0.00729927,0.00729927,0.,0.00729927,0.00364964,0.02919708,0.01094891,0.02189781,0.,0.02554745,0.02919708,0.01094891,0.00729927,0.01094891,0.01459854,0.00729927,0.00364964,0.03649635,0.01824818,0.01459854,0.00364964,0.02554745,0.02554745,0.01459854,0.01094891,0.04379562,0.03284672,0.03284672,0.00729927,0.05474453,0.04014599,0.02554745,0.01459854,0.01459854,0.01824818,0.,0.00364964,0.03284672,0.01459854,0.02189781,0.,0.02554745,0.,0.01459854,0.01459854,0.00729927,0.02554745,0.00729927,0.00364964,0.00729927,0.02919708,0.00729927,0.00729927,0.01094891,0.00729927,0.02554745
0.0156658,0.02349869,0.0156658,0.00522193,0.01044386,0.01305483,0.01044386,0.0156658,0.00261097,0.00261097,0.00261097,0.01305483,0.00261097,0.02610966,0.01827676,0.01305483,0.01305483,0.01044386,0.00522193,0.01305483,0.0156658,0.01044386,0.02088773,0.01827676,0.00261097,0.02088773,0.0156658,0.02610966,0.01305483,0.02088773,0.03394256,0.0156658,0.02610966,0.02349869,0.02349869,0.02872063,0.0156658,0.03133159,0.04438642,0.03655352,0.02088773,0.02610966,0.01827676,0.02088773,0.0156658,0.02349869,0.03133159,0.03655352,0.,0.01044386,0.,0.01305483,0.0078329,0.00522193,0.01305483,0.00522193,0.00261097,0.00261097,0.02349869,0.00261097,0.,0.01305483,0.01827676,0.01305483
0.02136752,0.03418803,0.03418803,0.01709402,0.00854701,0.04273504,0.02991453,0.00854701,0.0042735,0.01709402,0.,0.02136752,0.,0.02991453,0.01282051,0.01709402,0.00854701,0.0042735,0.04273504,0.01282051,0.0042735,0.01282051,0.01709402,0.01282051,0.0042735,0.,0.00854701,0.,0.00854701,0.02564103,0.02564103,0.01282051,0.0042735,0.05555556,0.01709402,0.01282051,0.0042735,0.02136752,0.02991453,0.01282051,0.00854701,0.02136752,0.01709402,0.02136752,0.00854701,0.03418803,0.04700855,0.01282051,0.,0.,0.0042735,0.0042735,0.01282051,0.03418803,0.03418803,0.01709402,0.,0.00854701,0.01709402,0.0042735,0.0042735,0.0042735,0.02136752,0.0042735
0.01176471,0.02352941,0.01176471,0.01176471,0.02352941,0.02352941,0.01176471,0.02352941,0.,0.04705882,0.02352941,0.02352941,0.,0.01176471,0.05882353,0.02352941,0.01176471,0.04705882,0.,0.01176471,0.02352941,0.01176471,0.04705882,0.01176471,0.,0.01176471,0.04705882,0.02352941,0.,0.03529412,0.01176471,0.,0.01176471,0.02352941,0.01176471,0.01176471,0.,0.01176471,0.01176471,0.01176471,0.01176471,0.07058824,0.01176471,0.,0.01176471,0.04705882,0.01176471,0.01176471,0.,0.03529412,0.,0.,0.01176471,0.01176471,0.,0.,0.01176471,0.,0.,0.,0.,0.02352941,0.01176471,0.
0.,0.05405405,0.,0.,0.,0.05405405,0.02702703,0.05405405,0.05405405,0.02702703,0.,0.,0.,0.02702703,0.02702703,0.02702703,0.,0.,0.,0.02702703,0.02702703,0.02702703,0.,0.,0.,0.,0.,0.,0.,0.02702703,0.02702703,0.,0.05405405,0.,0.,0.,0.,0.02702703,0.02702703,0.,0.02702703,0.,0.,0.,0.,0.02702703,0.08108108,0.05405405,0.02702703,0.,0.,0.,0.,0.,0.05405405,0.,0.,0.02702703,0.08108108,0.,0.,0.,0.,0.02702703
0.,0.01886792,0.03773585,0.,0.00943396,0.00943396,0.00943396,0.01886792,0.02830189,0.00943396,0.,0.00943396,0.00943396,0.03773585,0.03773585,0.00943396,0.,0.01886792,0.01886792,0.01886792,0.01886792,0.00943396,0.00943396,0.00943396,0.00943396,0.03773585,0.02830189,0.00943396,0.,0.02830189,0.03773585,0.00943396,0.04716981,0.02830189,0.08490566,0.01886792,0.00943396,0.00943396,0.03773585,0.01886792,0.,0.04716981,0.00943396,0.01886792,0.03773585,0.01886792,0.00943396,0.,0.00943396,0.,0.,0.00943396,0.,0.00943396,0.,0.00943396,0.,0.,0.,0.,0.03773585,0.,0.01886792,0.
0.02325581,0.0166113,0.02990033,0.00996678,0.00664452,0.04318937,0.01328904,0.03322259,0.,0.00664452,0.,0.00332226,0.00664452,0.07641196,0.01993355,0.02990033,0.00664452,0.00996678,0.01328904,0.00664452,0.00664452,0.01328904,0.02990033,0.,0.,0.01328904,0.00664452,0.00332226,0.,0.01328904,0.0166113,0.,0.02990033,0.02990033,0.03322259,0.00996678,0.02325581,0.04983389,0.02325581,0.01993355,0.01993355,0.05315615,0.00664452,0.03986711,0.00996678,0.03986711,0.03322259,0.00996678,0.00332226,0.01328904,0.,0.00332226,0.,0.00664452,0.02325581,0.00332226,0.,0.00664452,0.00332226,0.,0.00332226,0.01993355,0.01328904,0.00996678
0.01704545,0.02272727,0.01136364,0.00378788,0.00378788,0.02651515,0.01515152,0.00757576,0.00189394,0.01515152,0.,0.01136364,0.00757576,0.01893939,0.01704545,0.01893939,0.00568182,0.01704545,0.03219697,0.0094697,0.00757576,0.01515152,0.02083333,0.00757576,0.01136364,0.01515152,0.00757576,0.01515152,0.00568182,0.00378788,0.02083333,0.02083333,0.01893939,0.04356061,0.02840909,0.0094697,0.03219697,0.06628788,0.04734848,0.01325758,0.01893939,0.03030303,0.01893939,0.01893939,0.00568182,0.03787879,0.03219697,0.02272727,0.,0.01704545,0.00189394,0.00378788,0.00378788,0.01325758,0.01893939,0.00189394,0.,0.0094697,0.01136364,0.00378788,0.,0.01704545,0.02651515,0.01136364
0.00695652,0.0173913,0.0226087,0.0173913,0.0173913,0.01565217,0.02782609,0.01043478,0.01913043,0.02086957,0.01217391,0.01565217,0.00521739,0.02434783,0.01565217,0.00869565,0.01217391,0.02086957,0.02434783,0.01043478,0.02782609,0.01043478,0.02434783,0.01043478,0.02434783,0.01565217,0.02782609,0.00695652,0.00695652,0.01565217,0.02434783,0.00695652,0.0173913,0.01565217,0.01043478,0.01217391,0.01391304,0.0173913,0.0226087,0.02608696,0.00521739,0.01913043,0.01391304,0.01913043,0.00869565,0.00521739,0.01217391,0.01913043,0.01043478,0.01391304,0.00347826,0.01043478,0.01043478,0.01565217,0.03478261,0.00695652,0.01043478,0.03304348,0.01913043,0.01391304,0.00521739,0.01391304,0.0173913,0.01565217
0.01219512,0.01219512,0.02439024,0.0203252,0.02439024,0.02845528,0.,0.01626016,0.0203252,0.01626016,0.01219512,0.00813008,0.01626016,0.01219512,0.00406504,0.01626016,0.0203252,0.01626016,0.03658537,0.0203252,0.00406504,0.00813008,0.,0.,0.0203252,0.0203252,0.01626016,0.01219512,0.01626016,0.03252033,0.02439024,0.00813008,0.01219512,0.02439024,0.01626016,0.04065041,0.00813008,0.00813008,0.01626016,0.02439024,0.01219512,0.01219512,0.01626016,0.01626016,0.01219512,0.01626016,0.0203252,0.01626016,0.00406504,0.02439024,0.00406504,0.01626016,0.01626016,0.01219512,0.0203252,0.01219512,0.00813008,0.01219512,0.02439024,0.01219512,0.01219512,0.0203252,0.02439024,0.00406504
0.0156658,0.02349869,0.0156658,0.0078329,0.0078329,0.03394256,0.02088773,0.01044386,0.,0.02088773,0.00261097,0.0156658,0.00261097,0.02349869,0.01827676,0.01827676,0.0078329,0.00261097,0.02872063,0.00261097,0.00261097,0.01827676,0.02872063,0.00522193,0.,0.0156658,0.01305483,0.00522193,0.00261097,0.0078329,0.02872063,0.00522193,0.0078329,0.02610966,0.01044386,0.02610966,0.01305483,0.04438642,0.05483029,0.03133159,0.0078329,0.06005222,0.0156658,0.05744125,0.01044386,0.04699739,0.04960836,0.03133159,0.00261097,0.,0.,0.00261097,0.00261097,0.0156658,0.02872063,0.0078329,0.,0.,0.,0.,0.00261097,0.01044386,0.02088773,0.
0.00505051,0.02020202,0.01515152,0.,0.,0.03535354,0.02020202,0.00505051,0.,0.02525253,0.,0.00505051,0.,0.01010101,0.02020202,0.01515152,0.01010101,0.02020202,0.00505051,0.01010101,0.02525253,0.02020202,0.03030303,0.00505051,0.02020202,0.01010101,0.04040404,0.01010101,0.00505051,0.02020202,0.08080808,0.01010101,0.01010101,0.02525253,0.06565657,0.02525253,0.01515152,0.04545455,0.03030303,0.01010101,0.02020202,0.03535354,0.01010101,0.01515152,0.02020202,0.02020202,0.03030303,0.01515152,0.00505051,0.01515152,0.,0.,0.,0.01010101,0.01010101,0.,0.,0.00505051,0.01010101,0.,0.03030303,0.00505051,0.01515152,0.
0.,0.01052632,0.,0.01052632,0.,0.01052632,0.,0.02105263,0.02105263,0.02105263,0.,0.02105263,0.,0.03157895,0.02105263,0.01052632,0.05263158,0.01052632,0.02105263,0.06315789,0.02105263,0.01052632,0.01052632,0.,0.01052632,0.05263158,0.03157895,0.03157895,0.,0.01052632,0.,0.,0.03157895,0.,0.02105263,0.01052632,0.03157895,0.01052632,0.04210526,0.01052632,0.02105263,0.03157895,0.,0.02105263,0.01052632,0.03157895,0.,0.01052632,0.,0.01052632,0.,0.01052632,0.01052632,0.04210526,0.04210526,0.01052632,0.,0.01052632,0.01052632,0.03157895,0.,0.01052632,0.01052632,0.01052632
0.01179941,0.00589971,0.00589971,0.00294985,0.00884956,0.01474926,0.02654867,0.01474926,0.00884956,0.00589971,0.00884956,0.00884956,0.00884956,0.02359882,0.02064897,0.00884956,0.01474926,0.01769912,0.01474926,0.02654867,0.00294985,0.01474926,0.01179941,0.00589971,0.02064897,0.00589971,0.01179941,0.01769912,0.02064897,0.00884956,0.02949853,0.01769912,0.02064897,0.02949853,0.00589971,0.01179941,0.00589971,0.02359882,0.02949853,0.02359882,0.02064897,0.03244838,0.00884956,0.02654867,0.00589971,0.02359882,0.0560472,0.02949853,0.01179941,0.00589971,0.00884956,0.01179941,0.00294985,0.00884956,0.00294985,0.02064897,0.01474926,0.02949853,0.01474926,0.03539823,0.00294985,0.01769912,0.01474926,0.01474926
0.01612903,0.0483871,0.,0.01612903,0.01612903,0.03225806,0.0483871,0.03225806,0.,0.01612903,0.,0.,0.01612903,0.01612903,0.03225806,0.,0.0483871,0.0483871,0.,0.,0.01612903,0.01612903,0.03225806,0.,0.01612903,0.01612903,0.01612903,0.,0.01612903,0.01612903,0.0483871,0.03225806,0.,0.01612903,0.01612903,0.,0.01612903,0.0483871,0.06451613,0.,0.03225806,0.,0.,0.01612903,0.01612903,0.,0.03225806,0.,0.,0.,0.,0.,0.,0.,0.0483871,0.01612903,0.,0.,0.01612903,0.01612903,0.03225806,0.,0.,0.
0.01129944,0.02071563,0.00188324,0.00188324,0.00376648,0.03578154,0.,0.0094162,0.,0.01694915,0.00564972,0.00564972,0.00564972,0.04519774,0.01318267,0.00376648,0.00564972,0.01129944,0.02824859,0.0094162,0.01129944,0.01506591,0.01883239,0.00564972,0.01318267,0.02824859,0.01506591,0.0094162,0.0094162,0.02259887,0.07156309,0.00753296,0.01883239,0.02824859,0.03578154,0.0094162,0.03954802,0.05649718,0.03013183,0.0094162,0.0094162,0.04143126,0.01506591,0.01694915,0.00564972,0.03013183,0.05649718,0.0094162,0.,0.01129944,0.,0.00188324,0.00188324,0.01129944,0.01318267,0.00376648,0.00188324,0.00188324,0.01694915,0.,0.00376648,0.03578154,0.01883239,0.00188324
0.00547945,0.0109589,0.00547945,0.00547945,0.0109589,0.00821918,0.00821918,0.0109589,0.00273973,0.02191781,0.00547945,0.01917808,0.,0.01917808,0.00547945,0.0109589,0.00821918,0.01917808,0.00547945,0.00821918,0.00821918,0.0109589,0.01917808,0.0109589,0.01369863,0.03013699,0.03287671,0.01643836,0.01917808,0.01369863,0.03835616,0.00821918,0.00273973,0.03561644,0.01643836,0.01643836,0.02739726,0.02739726,0.02465753,0.03287671,0.0109589,0.03287671,0.03013699,0.04109589,0.01369863,0.01369863,0.02191781,0.03013699,0.00547945,0.00547945,0.00273973,0.0109589,0.0109589,0.01643836,0.01643836,0.00821918,0.00821918,0.02739726,0.01917808,0.01917808,0.00547945,0.01917808,0.00821918,0.02465753
0.004329,0.01731602,0.01731602,0.01082251,0.01298701,0.04545455,0.01731602,0.01082251,0.,0.01948052,0.004329,0.00865801,0.0021645,0.02813853,0.01948052,0.004329,0.00865801,0.004329,0.02813853,0.0021645,0.004329,0.00865801,0.03679654,0.01298701,0.0021645,0.01515152,0.02813853,0.01298701,0.,0.01082251,0.03896104,0.004329,0.01082251,0.03246753,0.00865801,0.02380952,0.01731602,0.04761905,0.06277056,0.03463203,0.00865801,0.03679654,0.02380952,0.01948052,0.01082251,0.03030303,0.03679654,0.01515152,0.,0.004329,0.,0.0021645,0.00649351,0.00865801,0.02380952,0.01082251,0.0021645,0.00649351,0.01298701,0.,0.00865801,0.01082251,0.03463203,0.00649351
0.03164557,0.03797468,0.01265823,0.03164557,0.05063291,0.07594937,0.01898734,0.01265823,0.00632911,0.01265823,0.,0.,0.01265823,0.01898734,0.01898734,0.,0.05063291,0.02531646,0.03164557,0.01265823,0.01898734,0.03164557,0.02531646,0.01265823,0.,0.01898734,0.01265823,0.00632911,0.,0.03164557,0.00632911,0.01265823,0.03164557,0.00632911,0.00632911,0.,0.03164557,0.00632911,0.00632911,0.01265823,0.01898734,0.01898734,0.,0.01265823,0.01265823,0.01265823,0.,0.,0.,0.03164557,0.00632911,0.,0.01265823,0.01898734,0.,0.00632911,0.01265823,0.03164557,0.01265823,0.01265823,0.01898734,0.01265823,0.00632911,0.
0.00340136,0.0170068,0.01020408,0.00680272,0.00680272,0.03741497,0.02721088,0.01360544,0.00680272,0.01360544,0.01020408,0.00340136,0.0170068,0.02040816,0.01020408,0.02040816,0.02040816,0.02380952,0.01360544,0.02040816,0.02380952,0.01360544,0.03401361,0.01020408,0.02380952,0.02380952,0.01360544,0.0170068,0.01360544,0.00340136,0.02040816,0.01360544,0.0170068,0.02380952,0.01360544,0.02380952,0.04421769,0.02040816,0.00680272,0.02380952,0.03061224,0.01360544,0.00680272,0.0170068,0.01020408,0.00680272,0.02040816,0.01360544,0.00680272,0.02380952,0.00340136,0.00340136,0.01020408,0.00680272,0.02721088,0.00680272,0.01020408,0.00340136,0.02040816,0.01020408,0.00680272,0.0170068,0.01020408,0.02721088
0.01041667,0.015625,0.01041667,0.01041667,0.00520833,0.02604167,0.02604167,0.01041667,0.00520833,0.00520833,0.,0.01041667,0.00520833,0.01041667,0.01041667,0.00520833,0.00520833,0.,0.02604167,0.01041667,0.00520833,0.,0.046875,0.,0.,0.015625,0.06770833,0.00520833,0.,0.02083333,0.06770833,0.,0.01041667,0.03645833,0.04166667,0.02604167,0.01041667,0.02083333,0.046875,0.03645833,0.015625,0.01041667,0.01041667,0.03125,0.01041667,0.05729167,0.03645833,0.01041667,0.,0.,0.,0.015625,0.01041667,0.01041667,0.02083333,0.01041667,0.00520833,0.01041667,0.02604167,0.00520833,0.,0.01041667,0.02604167,0.
0.00699301,0.01398601,0.01398601,0.01398601,0.,0.04195804,0.01398601,0.,0.,0.,0.,0.,0.00699301,0.04895105,0.02797203,0.03496503,0.,0.02097902,0.02097902,0.02097902,0.00699301,0.01398601,0.02097902,0.,0.,0.00699301,0.03496503,0.00699301,0.01398601,0.00699301,0.03496503,0.01398601,0.02097902,0.02797203,0.02097902,0.05594406,0.01398601,0.04195804,0.03496503,0.03496503,0.00699301,0.04895105,0.00699301,0.03496503,0.00699301,0.03496503,0.02797203,0.02097902,0.00699301,0.00699301,0.,0.02797203,0.,0.01398601,0.00699301,0.01398601,0.,0.,0.,0.,0.00699301,0.00699301,0.01398601,0.00699301
0.00954654,0.01193317,0.00477327,0.0071599,0.01431981,0.03818616,0.01193317,0.00238663,0.00238663,0.00477327,0.0071599,0.00238663,0.00954654,0.02625298,0.0071599,0.00954654,0.01431981,0.0071599,0.01193317,0.00477327,0.00954654,0.01909308,0.03579952,0.01193317,0.01431981,0.01431981,0.00954654,0.01909308,0.01909308,0.00954654,0.04057279,0.00954654,0.00954654,0.03818616,0.03102625,0.01670644,0.0477327,0.05727924,0.03579952,0.01670644,0.01431981,0.04295943,0.01909308,0.01431981,0.01909308,0.02147971,0.04534606,0.0071599,0.,0.00954654,0.00238663,0.00477327,0.00477327,0.01670644,0.01670644,0.00238663,0.,0.01193317,0.02863962,0.0071599,0.0071599,0.01670644,0.01193317,0.00238663
0.00651466,0.0228013,0.01628664,0.01302932,0.00651466,0.00977199,0.0228013,0.01954397,0.00325733,0.00977199,0.00651466,0.01302932,0.00325733,0.01954397,0.00651466,0.00977199,0.00325733,0.00651466,0.01628664,0.00651466,0.00977199,0.00325733,0.02931596,0.00977199,0.01628664,0.02605863,0.03908795,0.02605863,0.00651466,0.01628664,0.03583062,0.00977199,0.01954397,0.03908795,0.03257329,0.01628664,0.00651466,0.03583062,0.03583062,0.01954397,0.00651466,0.02605863,0.00325733,0.01954397,0.01302932,0.0228013,0.04234528,0.03257329,0.,0.00977199,0.,0.00325733,0.00651466,0.01628664,0.01628664,0.01954397,0.00325733,0.00977199,0.01302932,0.00651466,0.00977199,0.03257329,0.0228013,0.00977199
0.01826484,0.03652968,0.02283105,0.00456621,0.01369863,0.05022831,0.02739726,0.00456621,0.,0.02739726,0.01369863,0.00913242,0.00913242,0.06392694,0.00913242,0.00456621,0.03196347,0.00913242,0.02739726,0.00456621,0.01826484,0.02739726,0.04109589,0.00913242,0.00913242,0.00913242,0.,0.00456621,0.00456621,0.02739726,0.04109589,0.,0.00456621,0.03196347,0.02283105,0.00913242,0.02283105,0.02739726,0.02283105,0.00913242,0.00456621,0.02739726,0.01826484,0.01369863,0.00913242,0.03196347,0.01369863,0.00913242,0.00456621,0.01369863,0.,0.01826484,0.00456621,0.01369863,0.02283105,0.00913242,0.,0.00456621,0.00913242,0.,0.00456621,0.01826484,0.00913242,0.00913242
0.00727273,0.01090909,0.00727273,0.00727273,0.01090909,0.02545455,0.01818182,0.00363636,0.,0.03272727,0.00727273,0.01818182,0.,0.02181818,0.01454545,0.02181818,0.01818182,0.02545455,0.02545455,0.02181818,0.02181818,0.01454545,0.02545455,0.01090909,0.01454545,0.02181818,0.02181818,0.01090909,0.01818182,0.,0.03272727,0.00363636,0.01818182,0.02545455,0.01818182,0.02181818,0.01818182,0.02181818,0.02909091,0.01818182,0.,0.03636364,0.01818182,0.01090909,0.01454545,0.02545455,0.01090909,0.00363636,0.00727273,0.02181818,0.00363636,0.00727273,0.00727273,0.02181818,0.02181818,0.01090909,0.01818182,0.01454545,0.02545455,0.02181818,0.01090909,0.00363636,0.00363636,0.01454545
0.02192982,0.01315789,0.01754386,0.00438596,0.01315789,0.02192982,0.01754386,0.02192982,0.00438596,0.,0.,0.,0.00438596,0.01754386,0.01315789,0.01315789,0.01754386,0.01315789,0.03508772,0.00877193,0.01754386,0.00877193,0.04824561,0.01315789,0.00438596,0.04385965,0.03070175,0.01754386,0.01754386,0.01754386,0.02192982,0.00438596,0.01754386,0.01315789,0.02192982,0.02192982,0.01754386,0.04824561,0.04385965,0.02192982,0.00438596,0.01754386,0.01315789,0.03070175,0.00438596,0.01315789,0.02631579,0.01754386,0.,0.01315789,0.,0.,0.00438596,0.05263158,0.03947368,0.,0.00438596,0.,0.00877193,0.00438596,0.,0.00438596,0.01315789,0.01754386
0.00480769,0.03846154,0.01442308,0.01442308,0.01923077,0.03365385,0.01923077,0.00961538,0.00480769,0.02884615,0.01442308,0.00961538,0.,0.01442308,0.01442308,0.00480769,0.01442308,0.01923077,0.00961538,0.01923077,0.03846154,0.01442308,0.02884615,0.00961538,0.02884615,0.02884615,0.00961538,0.01442308,0.02403846,0.01923077,0.01923077,0.01923077,0.01923077,0.02403846,0.00480769,0.01923077,0.01923077,0.02884615,0.02403846,0.00961538,0.02403846,0.01442308,0.00480769,0.01442308,0.00961538,0.03365385,0.00961538,0.00480769,0.01442308,0.01923077,0.00961538,0.01923077,0.00480769,0.00480769,0.02403846,0.00961538,0.01923077,0.01442308,0.,0.00961538,0.,0.00480769,0.01442308,0.00480769
0.01239669,0.00826446,0.,0.00413223,0.01239669,0.00826446,0.01239669,0.02066116,0.02066116,0.01239669,0.,0.00826446,0.01239669,0.01239669,0.01239669,0.02066116,0.01652893,0.01239669,0.01652893,0.01652893,0.02892562,0.01652893,0.02479339,0.01239669,0.04958678,0.01239669,0.01239669,0.01652893,0.02066116,0.00826446,0.01652893,0.02479339,0.00413223,0.00826446,0.00826446,0.02066116,0.02479339,0.00826446,0.02479339,0.02479339,0.01652893,0.02066116,0.03305785,0.01652893,0.01239669,0.02066116,0.02479339,0.02066116,0.01652893,0.00826446,0.01239669,0.03719008,0.00413223,0.01239669,0.03719008,0.00413223,0.00826446,0.01239669,0.02066116,0.02892562,0.,0.00826446,0.00413223,0.01239669
0.00806452,0.,0.,0.00806452,0.,0.0483871,0.02419355,0.01612903,0.,0.00806452,0.00806452,0.00806452,0.,0.01612903,0.01612903,0.00806452,0.00806452,0.,0.00806452,0.00806452,0.,0.01612903,0.00806452,0.,0.,0.03225806,0.01612903,0.02419355,0.00806452,0.01612903,0.03225806,0.01612903,0.00806452,0.01612903,0.00806452,0.,0.04032258,0.01612903,0.04032258,0.06451613,0.00806452,0.01612903,0.02419355,0.03225806,0.00806452,0.07258065,0.05645161,0.03225806,0.,0.,0.00806452,0.,0.00806452,0.00806452,0.01612903,0.00806452,0.,0.02419355,0.0483871,0.,0.,0.02419355,0.04032258,0.00806452
0.,0.03378378,0.01351351,0.02027027,0.01351351,0.02702703,0.01351351,0.,0.,0.00675676,0.,0.01351351,0.00675676,0.02702703,0.02702703,0.,0.,0.02027027,0.02702703,0.00675676,0.02702703,0.01351351,0.02702703,0.,0.,0.02702703,0.02027027,0.02702703,0.,0.00675676,0.02702703,0.02027027,0.04054054,0.02702703,0.03378378,0.02702703,0.03378378,0.00675676,0.02027027,0.02027027,0.01351351,0.03378378,0.02027027,0.02702703,0.00675676,0.02027027,0.0472973,0.00675676,0.,0.01351351,0.,0.00675676,0.00675676,0.,0.01351351,0.02027027,0.00675676,0.,0.03378378,0.00675676,0.,0.02702703,0.02702703,0.
0.,0.01304348,0.,0.,0.,0.04347826,0.02608696,0.00869565,0.,0.01304348,0.01304348,0.,0.00869565,0.03043478,0.00869565,0.00869565,0.00869565,0.00869565,0.00869565,0.00434783,0.,0.00869565,0.04347826,0.,0.04782609,0.03913043,0.04347826,0.01304348,0.00869565,0.00869565,0.04347826,0.00869565,0.00434783,0.06521739,0.0173913,0.0173913,0.0173913,0.03478261,0.03913043,0.00869565,0.00434783,0.06956522,0.00869565,0.02173913,0.0173913,0.03478261,0.03913043,0.01304348,0.00434783,0.0173913,0.,0.00869565,0.,0.0173913,0.00869565,0.,0.,0.,0.02173913,0.,0.00869565,0.00869565,0.0173913,0.00434783
0.01156069,0.02890173,0.06647399,0.00578035,0.00289017,0.01734104,0.01156069,0.02023121,0.00578035,0.00289017,0.00289017,0.01156069,0.00867052,0.04046243,0.02023121,0.00578035,0.00578035,0.02312139,0.00867052,0.,0.00289017,0.00578035,0.02312139,0.00867052,0.,0.01156069,0.00578035,0.00578035,0.00578035,0.00867052,0.03757225,0.00867052,0.02601156,0.03757225,0.03757225,0.02890173,0.01734104,0.04913295,0.03757225,0.02312139,0.00578035,0.05202312,0.00289017,0.03468208,0.00578035,0.01445087,0.04913295,0.00867052,0.,0.02023121,0.,0.01445087,0.00578035,0.01156069,0.02023121,0.00867052,0.00289017,0.00289017,0.00289017,0.00867052,0.00289017,0.02312139,0.00578035,0.01445087
0.02290076,0.03816794,0.00763359,0.01526718,0.05343511,0.03053435,0.02290076,0.00763359,0.,0.01526718,0.00763359,0.00763359,0.00763359,0.02290076,0.02290076,0.,0.01526718,0.00763359,0.00763359,0.02290076,0.01526718,0.01526718,0.02290076,0.02290076,0.01526718,0.02290076,0.02290076,0.02290076,0.,0.02290076,0.01526718,0.01526718,0.00763359,0.02290076,0.03053435,0.03053435,0.03053435,0.02290076,0.,0.02290076,0.,0.01526718,0.00763359,0.,0.01526718,0.00763359,0.03816794,0.03816794,0.,0.00763359,0.00763359,0.,0.01526718,0.00763359,0.05343511,0.00763359,0.,0.,0.00763359,0.,0.,0.02290076,0.00763359,0.02290076
0.,0.02222222,0.02222222,0.04444444,0.02222222,0.06666667,0.,0.,0.,0.04444444,0.02222222,0.,0.04444444,0.,0.,0.02222222,0.,0.06666667,0.04444444,0.02222222,0.,0.,0.,0.02222222,0.,0.02222222,0.,0.,0.,0.02222222,0.,0.,0.02222222,0.,0.,0.02222222,0.02222222,0.04444444,0.04444444,0.,0.02222222,0.04444444,0.06666667,0.,0.,0.02222222,0.04444444,0.02222222,0.,0.,0.,0.02222222,0.,0.,0.,0.02222222,0.,0.04444444,0.02222222,0.,0.,0.,0.,0.
0.00480769,0.01442308,0.00480769,0.01442308,0.00961538,0.01923077,0.00480769,0.,0.01442308,0.02884615,0.01923077,0.01923077,0.00961538,0.,0.00961538,0.,0.01442308,0.01442308,0.01442308,0.02403846,0.02884615,0.02403846,0.04326923,0.00961538,0.03846154,0.01923077,0.02403846,0.00480769,0.01923077,0.00480769,0.01923077,0.,0.00961538,0.01923077,0.00961538,0.00961538,0.02884615,0.01442308,0.01923077,0.01442308,0.02884615,0.00480769,0.01442308,0.01923077,0.01442308,0.00480769,0.01923077,0.01442308,0.00480769,0.02884615,0.00961538,0.00961538,0.01923077,0.01442308,0.02884615,0.01442308,0.02403846,0.03365385,0.03846154,0.,0.00480769,0.,0.02884615,0.01923077
0.01181102,0.00393701,0.00393701,0.01181102,0.00787402,0.01181102,0.03149606,0.00787402,0.02362205,0.01181102,0.02362205,0.00787402,0.00393701,0.00787402,0.01574803,0.00787402,0.01181102,0.00787402,0.01574803,0.00787402,0.02362205,0.00787402,0.00787402,0.00787402,0.03543307,0.01574803,0.03149606,0.01968504,0.01968504,0.00787402,0.03149606,0.00393701,0.00393701,0.04330709,0.01181102,0.03937008,0.01181102,0.02362205,0.04330709,0.03937008,0.01181102,0.02362205,0.01968504,0.04724409,0.00393701,0.03149606,0.01181102,0.01968504,0.,0.00393701,0.00787402,0.,0.00393701,0.01181102,0.02362205,0.00393701,0.00393701,0.03149606,0.01181102,0.01574803,0.00393701,0.00393701,0.03149606,0.00787402
0.,0.00819672,0.00819672,0.,0.01229508,0.02868852,0.00819672,0.00819672,0.00819672,0.0204918,0.,0.00409836,0.00409836,0.04508197,0.01229508,0.,0.00819672,0.0204918,0.0204918,0.00409836,0.0204918,0.0204918,0.02868852,0.00409836,0.00819672,0.03688525,0.0204918,0.01639344,0.01229508,0.00409836,0.05737705,0.,0.0204918,0.02868852,0.0204918,0.00819672,0.02868852,0.07377049,0.00819672,0.01639344,0.02868852,0.04508197,0.00409836,0.01639344,0.01229508,0.03688525,0.06967213,0.00819672,0.,0.01229508,0.,0.00409836,0.,0.01639344,0.0204918,0.00819672,0.00409836,0.00819672,0.00409836,0.00409836,0.,0.01229508,0.01639344,0.01229508
0.00497512,0.00995025,0.00995025,0.,0.,0.02487562,0.00497512,0.01492537,0.00497512,0.,0.,0.00995025,0.00995025,0.0199005,0.0199005,0.00995025,0.01492537,0.00995025,0.00497512,0.00497512,0.,0.00995025,0.0199005,0.00995025,0.0199005,0.03482587,0.01492537,0.00995025,0.,0.0199005,0.05472637,0.,0.01492537,0.04975124,0.02985075,0.0199005,0.00995025,0.03482587,0.09950249,0.02487562,0.0199005,0.03482587,0.01492537,0.02985075,0.00995025,0.04477612,0.0199005,0.02487562,0.,0.0199005,0.00497512,0.01492537,0.00497512,0.00497512,0.0199005,0.00497512,0.,0.00497512,0.00497512,0.00497512,0.,0.00995025,0.03482587,0.00995025
0.00826446,0.00413223,0.02066116,0.00413223,0.00826446,0.03719008,0.00826446,0.01239669,0.,0.,0.00413223,0.,0.00413223,0.00826446,0.00826446,0.01652893,0.00826446,0.00413223,0.03719008,0.02066116,0.01652893,0.01239669,0.02066116,0.00413223,0.,0.01239669,0.03305785,0.01652893,0.01652893,0.00413223,0.04132231,0.02892562,0.01652893,0.02479339,0.00826446,0.03305785,0.02066116,0.05785124,0.05371901,0.03719008,0.00413223,0.04545455,0.02066116,0.01239669,0.00413223,0.03305785,0.06198347,0.04132231,0.,0.,0.,0.00413223,0.00413223,0.00826446,0.00826446,0.00826446,0.00413223,0.00413223,0.00826446,0.00826446,0.00413223,0.01239669,0.02066116,0.00826446
0.02173913,0.01086957,0.02173913,0.0326087,0.01086957,0.0326087,0.,0.01086957,0.,0.02173913,0.0326087,0.,0.01086957,0.02173913,0.01086957,0.0326087,0.0326087,0.,0.0326087,0.02173913,0.0326087,0.01086957,0.02173913,0.,0.02173913,0.01086957,0.01086957,0.01086957,0.01086957,0.,0.0326087,0.,0.,0.02173913,0.,0.,0.,0.02173913,0.,0.01086957,0.02173913,0.0326087,0.01086957,0.01086957,0.02173913,0.01086957,0.02173913,0.0326087,0.,0.01086957,0.01086957,0.06521739,0.0326087,0.01086957,0.01086957,0.01086957,0.0326087,0.01086957,0.02173913,0.01086957,0.01086957,0.,0.01086957,0.01086957
0.00248756,0.00746269,0.00248756,0.01492537,0.00995025,0.04726368,0.01243781,0.0199005,0.00497512,0.01492537,0.01243781,0.00995025,0.00995025,0.0199005,0.00995025,0.00746269,0.00746269,0.00995025,0.00497512,0.01741294,0.0199005,0.00995025,0.02985075,0.00995025,0.02238806,0.03482587,0.02985075,0.0199005,0.01492537,0.00995025,0.06218905,0.01243781,0.00248756,0.01492537,0.00995025,0.01741294,0.01243781,0.03731343,0.03233831,0.02238806,0.00248756,0.0199005,0.01243781,0.02736318,0.00995025,0.02238806,0.03233831,0.01492537,0.,0.01243781,0.00497512,0.00746269,0.01243781,0.00497512,0.02985075,0.00248756,0.00497512,0.02487562,0.01243781,0.01243781,0.00746269,0.0199005,0.0199005,0.00995025
0.,0.02173913,0.01811594,0.00724638,0.00362319,0.02173913,0.02898551,0.00362319,0.00724638,0.00362319,0.00362319,0.00724638,0.00362319,0.03985507,0.00724638,0.00362319,0.01449275,0.01086957,0.02536232,0.00362319,0.00724638,0.00362319,0.02536232,0.00724638,0.02173913,0.04347826,0.02173913,0.01086957,0.01086957,0.02536232,0.07246377,0.01449275,0.01811594,0.03623188,0.03623188,0.02898551,0.00724638,0.02898551,0.0326087,0.01449275,0.01086957,0.0615942,0.00362319,0.00724638,0.01811594,0.0326087,0.04347826,0.01811594,0.,0.01086957,0.,0.00724638,0.00362319,0.00724638,0.02536232,0.,0.00362319,0.00362319,0.00724638,0.,0.00362319,0.01086957,0.01449275,0.00362319
0.01829268,0.03658537,0.01829268,0.,0.01829268,0.07317073,0.01829268,0.0304878,0.,0.01219512,0.,0.01219512,0.00609756,0.03658537,0.03658537,0.,0.01219512,0.0304878,0.0304878,0.00609756,0.02439024,0.01219512,0.01829268,0.01219512,0.00609756,0.,0.01219512,0.01219512,0.00609756,0.01829268,0.0304878,0.,0.01219512,0.01829268,0.00609756,0.00609756,0.00609756,0.01219512,0.0304878,0.01219512,0.01829268,0.01829268,0.,0.02439024,0.01219512,0.03658537,0.01829268,0.01219512,0.01219512,0.01219512,0.,0.00609756,0.01829268,0.01829268,0.0304878,0.01219512,0.01829268,0.01829268,0.01219512,0.,0.00609756,0.00609756,0.01829268,0.01829268
0.02919708,0.02189781,0.00729927,0.01459854,0.,0.00729927,0.01459854,0.02189781,0.01459854,0.02919708,0.,0.02189781,0.01459854,0.,0.02189781,0.01459854,0.01459854,0.02919708,0.01459854,0.01459854,0.02919708,0.00729927,0.01459854,0.00729927,0.05109489,0.03649635,0.01459854,0.01459854,0.02189781,0.00729927,0.01459854,0.01459854,0.00729927,0.01459854,0.,0.01459854,0.00729927,0.02189781,0.02189781,0.03649635,0.,0.00729927,0.00729927,0.01459854,0.02189781,0.04379562,0.,0.02189781,0.00729927,0.00729927,0.01459854,0.01459854,0.01459854,0.00729927,0.02189781,0.,0.02189781,0.01459854,0.00729927,0.00729927,0.01459854,0.01459854,0.02189781,0.02919708
0.03686636,0.05529954,0.02304147,0.,0.02304147,0.01382488,0.00921659,0.00460829,0.01382488,0.01843318,0.02764977,0.,0.01843318,0.01382488,0.01843318,0.01382488,0.04147465,0.02764977,0.00921659,0.02304147,0.00921659,0.01382488,0.02304147,0.01382488,0.02764977,0.03225806,0.01843318,0.00921659,0.01382488,0.01382488,0.01843318,0.,0.00460829,0.02764977,0.01843318,0.03225806,0.01843318,0.01843318,0.01843318,0.01843318,0.00921659,0.01843318,0.00460829,0.01382488,0.,0.02764977,0.01382488,0.00460829,0.00921659,0.00921659,0.00460829,0.01382488,0.00921659,0.01843318,0.00460829,0.00921659,0.01843318,0.00921659,0.00921659,0.00921659,0.00921659,0.01843318,0.00460829,0.00921659
0.01650165,0.00330033,0.00990099,0.01320132,0.01980198,0.02970297,0.00990099,0.01650165,0.00990099,0.03630363,0.02310231,0.01320132,0.00660066,0.01320132,0.00660066,0.00660066,0.00660066,0.02310231,0.02310231,0.01980198,0.02310231,0.01320132,0.01650165,0.00660066,0.01980198,0.0330033,0.01320132,0.02640264,0.00990099,0.02640264,0.02310231,0.01320132,0.00330033,0.04290429,0.02310231,0.01320132,0.01320132,0.01650165,0.02310231,0.02640264,0.00660066,0.01650165,0.01650165,0.04290429,0.01320132,0.01320132,0.00990099,0.01320132,0.00660066,0.00990099,0.,0.00990099,0.00330033,0.01320132,0.00660066,0.01320132,0.01650165,0.02310231,0.02310231,0.01650165,0.00990099,0.00990099,0.00660066,0.00660066
0.00740741,0.0037037,0.0037037,0.01481481,0.0037037,0.01111111,0.00740741,0.03333333,0.,0.00740741,0.00740741,0.0037037,0.01481481,0.03703704,0.01481481,0.02962963,0.01851852,0.00740741,0.01111111,0.0037037,0.01111111,0.0037037,0.02222222,0.01111111,0.00740741,0.01481481,0.04074074,0.01481481,0.00740741,0.01481481,0.02592593,0.00740741,0.00740741,0.02222222,0.01481481,0.01111111,0.01111111,0.01481481,0.04074074,0.01481481,0.00740741,0.02592593,0.01111111,0.04074074,0.0037037,0.02962963,0.02962963,0.02222222,0.,0.02962963,0.01111111,0.01851852,0.0037037,0.01851852,0.02962963,0.00740741,0.01111111,0.01851852,0.01851852,0.01851852,0.01111111,0.03703704,0.02962963,0.00740741
0.00646552,0.01939655,0.00215517,0.01077586,0.00646552,0.02586207,0.01077586,0.01508621,0.00215517,0.00862069,0.,0.00646552,0.00431034,0.04094828,0.03017241,0.00215517,0.00431034,0.01293103,0.01077586,0.00646552,0.,0.01077586,0.01939655,0.00862069,0.01293103,0.02155172,0.02155172,0.01724138,0.00646552,0.01508621,0.02801724,0.01077586,0.02155172,0.05387931,0.02801724,0.01724138,0.01939655,0.05172414,0.05387931,0.02586207,0.01293103,0.04741379,0.01939655,0.03017241,0.00215517,0.04094828,0.04525862,0.01293103,0.,0.00431034,0.,0.00646552,0.00862069,0.00862069,0.01724138,0.00646552,0.00215517,0.00646552,0.00215517,0.00431034,0.00862069,0.00646552,0.03448276,0.00215517
0.00958466,0.01916933,0.01916933,0.00638978,0.00479233,0.02715655,0.01118211,0.01118211,0.,0.00958466,0.00159744,0.00159744,0.,0.03833866,0.01757188,0.01118211,0.00159744,0.014377,0.03035144,0.01597444,0.00159744,0.01757188,0.014377,0.00479233,0.00638978,0.03354633,0.014377,0.00958466,0.00638978,0.01597444,0.04792332,0.01118211,0.02555911,0.03674121,0.04472843,0.01916933,0.00319489,0.05111821,0.0399361,0.03035144,0.01118211,0.03833866,0.01597444,0.01916933,0.01118211,0.03354633,0.04472843,0.00958466,0.00159744,0.02555911,0.,0.00479233,0.00319489,0.014377,0.01597444,0.00159744,0.,0.00798722,0.00479233,0.00159744,0.00159744,0.02236422,0.01916933,0.00638978
0.00898204,0.01197605,0.01796407,0.00299401,0.00598802,0.0239521,0.01197605,0.,0.00299401,0.02095808,0.00898204,0.00299401,0.00898204,0.02095808,0.02694611,0.01497006,0.00898204,0.01796407,0.01796407,0.01197605,0.00898204,0.00299401,0.01796407,0.00898204,0.0239521,0.0239521,0.03592814,0.01197605,0.00299401,0.01497006,0.06287425,0.00898204,0.03592814,0.02994012,0.00598802,0.02694611,0.01197605,0.02994012,0.03892216,0.01197605,0.0239521,0.03892216,0.00898204,0.01197605,0.00598802,0.03592814,0.02694611,0.01497006,0.,0.00598802,0.,0.01497006,0.00598802,0.01796407,0.01497006,0.00598802,0.00299401,0.00898204,0.01197605,0.00299401,0.00898204,0.01796407,0.03293413,0.01497006
0.00557621,0.01858736,0.05390335,0.00557621,0.00371747,0.03531599,0.02230483,0.00929368,0.00185874,0.01486989,0.,0.00185874,0.00185874,0.02788104,0.01486989,0.00557621,0.00185874,0.00929368,0.0204461,0.00743494,0.,0.00557621,0.0204461,0.00185874,0.00557621,0.01858736,0.00557621,0.00743494,0.00557621,0.0204461,0.05204461,0.00743494,0.0260223,0.05762082,0.0464684,0.01115242,0.01115242,0.05390335,0.05204461,0.01301115,0.00557621,0.05204461,0.01486989,0.0260223,0.00743494,0.05390335,0.05018587,0.01672862,0.00185874,0.00371747,0.,0.00371747,0.00557621,0.00557621,0.02230483,0.00371747,0.,0.00185874,0.00371747,0.,0.,0.0204461,0.01486989,0.00185874
0.,0.01449275,0.00724638,0.,0.00724638,0.,0.00724638,0.00724638,0.,0.,0.,0.,0.,0.00724638,0.00724638,0.01449275,0.03623188,0.03623188,0.01449275,0.00724638,0.02173913,0.02173913,0.05072464,0.,0.,0.02173913,0.01449275,0.02898551,0.02898551,0.00724638,0.05072464,0.00724638,0.02173913,0.10869565,0.02898551,0.03623188,0.02173913,0.04347826,0.04347826,0.00724638,0.02173913,0.01449275,0.,0.01449275,0.00724638,0.02173913,0.02173913,0.00724638,0.,0.02898551,0.,0.02173913,0.00724638,0.00724638,0.01449275,0.,0.00724638,0.02173913,0.01449275,0.01449275,0.,0.,0.01449275,0.00724638
0.00892857,0.03571429,0.01785714,0.00892857,0.00892857,0.00892857,0.01785714,0.03571429,0.00892857,0.00892857,0.,0.,0.00892857,0.03571429,0.00892857,0.00892857,0.00892857,0.00892857,0.00892857,0.,0.00892857,0.01785714,0.02678571,0.00892857,0.01785714,0.04464286,0.03571429,0.01785714,0.00892857,0.,0.01785714,0.,0.,0.03571429,0.02678571,0.03571429,0.02678571,0.04464286,0.01785714,0.,0.01785714,0.02678571,0.01785714,0.01785714,0.00892857,0.00892857,0.03571429,0.02678571,0.,0.,0.,0.00892857,0.,0.,0.03571429,0.01785714,0.01785714,0.02678571,0.03571429,0.,0.00892857,0.00892857,0.00892857,0.02678571
0.01891892,0.03243243,0.03783784,0.00810811,0.01351351,0.02702703,0.0027027,0.00540541,0.0027027,0.00540541,0.0027027,0.0027027,0.0027027,0.05135135,0.01891892,0.00810811,0.01081081,0.01351351,0.02432432,0.00540541,0.01891892,0.01351351,0.02432432,0.,0.00540541,0.01621622,0.01351351,0.00810811,0.00810811,0.01621622,0.02972973,0.0027027,0.02162162,0.07297297,0.02702703,0.01081081,0.01351351,0.04864865,0.02702703,0.00540541,0.00540541,0.03513514,0.01081081,0.01891892,0.02972973,0.02162162,0.05945946,0.00810811,0.0027027,0.02432432,0.,0.0027027,0.01621622,0.01891892,0.01351351,0.,0.,0.00540541,0.01081081,0.,0.,0.03243243,0.0027027,0.0027027
0.,0.01986755,0.,0.01986755,0.01986755,0.01324503,0.01986755,0.01324503,0.00662252,0.01986755,0.00662252,0.00662252,0.01324503,0.01324503,0.03311258,0.02649007,0.01324503,0.04635762,0.02649007,0.02649007,0.,0.01324503,0.01324503,0.01324503,0.03311258,0.0397351,0.01324503,0.,0.01324503,0.01324503,0.01324503,0.00662252,0.03311258,0.02649007,0.01986755,0.00662252,0.03311258,0.03311258,0.05960265,0.03311258,0.01324503,0.0397351,0.,0.01986755,0.01986755,0.02649007,0.00662252,0.02649007,0.,0.01324503,0.,0.01324503,0.,0.00662252,0.00662252,0.00662252,0.00662252,0.01324503,0.,0.00662252,0.,0.01324503,0.,0.
0.00934579,0.02803738,0.00934579,0.01869159,0.,0.00934579,0.02803738,0.00934579,0.,0.00934579,0.00934579,0.01869159,0.01869159,0.00934579,0.03738318,0.00934579,0.00934579,0.01869159,0.01869159,0.02803738,0.,0.,0.,0.,0.02803738,0.,0.,0.,0.,0.01869159,0.01869159,0.00934579,0.02803738,0.03738318,0.02803738,0.02803738,0.00934579,0.07476636,0.03738318,0.03738318,0.01869159,0.03738318,0.,0.01869159,0.,0.01869159,0.,0.02803738,0.,0.00934579,0.,0.01869159,0.01869159,0.03738318,0.03738318,0.,0.00934579,0.00934579,0.,0.02803738,0.00934579,0.00934579,0.02803738,0.00934579
0.00733496,0.01711491,0.00244499,0.01711491,0.01222494,0.01711491,0.03422983,0.00977995,0.00488998,0.03178484,0.,0.03178484,0.01711491,0.00733496,0.03667482,0.01222494,0.00977995,0.00977995,0.03422983,0.00244499,0.00488998,0.00244499,0.02200489,0.00977995,0.00244499,0.00244499,0.00977995,0.00733496,0.00244499,0.00977995,0.02933985,0.01222494,0.03422983,0.01711491,0.02444988,0.02444988,0.02689487,0.02933985,0.0391198,0.03422983,0.01222494,0.02444988,0.01466993,0.01466993,0.00733496,0.02444988,0.04889976,0.01711491,0.,0.00977995,0.,0.00977995,0.00977995,0.01222494,0.0391198,0.02444988,0.00244499,0.00733496,0.01466993,0.00244499,0.00488998,0.01222494,0.01222494,0.01466993
0.00408163,0.01360544,0.01360544,0.00272109,0.01088435,0.01496599,0.01904762,0.00544218,0.00408163,0.02312925,0.01632653,0.01496599,0.00408163,0.00544218,0.01088435,0.00952381,0.00680272,0.01632653,0.0122449,0.00680272,0.00680272,0.01360544,0.03265306,0.01088435,0.01768707,0.02993197,0.0244898,0.01360544,0.00680272,0.00952381,0.02993197,0.00816327,0.01768707,0.02312925,0.02040816,0.02040816,0.01360544,0.02312925,0.02993197,0.0244898,0.01360544,0.02585034,0.02721088,0.02585034,0.00816327,0.02312925,0.04081633,0.01632653,0.00816327,0.00544218,0.00952381,0.01632653,0.01632653,0.0122449,0.02721088,0.01088435,0.01088435,0.02176871,0.02176871,0.02040816,0.00544218,0.01360544,0.01496599,0.0122449
0.00763359,0.03053435,0.01526718,0.00763359,0.,0.,0.00763359,0.,0.,0.01526718,0.,0.00763359,0.,0.02290076,0.04580153,0.00763359,0.01526718,0.,0.01526718,0.00763359,0.03053435,0.,0.01526718,0.,0.02290076,0.03816794,0.02290076,0.02290076,0.,0.,0.03816794,0.00763359,0.00763359,0.00763359,0.00763359,0.00763359,0.,0.00763359,0.01526718,0.02290076,0.00763359,0.02290076,0.01526718,0.03053435,0.01526718,0.02290076,0.04580153,0.01526718,0.,0.03053435,0.,0.01526718,0.01526718,0.02290076,0.0610687,0.00763359,0.00763359,0.01526718,0.0610687,0.01526718,0.00763359,0.02290076,0.04580153,0.01526718
0.00493827,0.05432099,0.02716049,0.01728395,0.00987654,0.03209877,0.01728395,0.02222222,0.,0.01234568,0.00740741,0.00740741,0.00493827,0.02469136,0.02716049,0.01728395,0.00493827,0.00987654,0.01728395,0.00987654,0.00493827,0.01975309,0.02716049,0.00493827,0.00246914,0.01728395,0.00987654,0.00493827,0.00740741,0.00740741,0.02222222,0.00246914,0.00740741,0.0345679,0.02716049,0.01975309,0.00493827,0.01975309,0.04197531,0.01975309,0.00740741,0.0345679,0.02716049,0.03950617,0.00987654,0.0345679,0.03950617,0.0345679,0.,0.01728395,0.,0.00493827,0.,0.00493827,0.01975309,0.00493827,0.00246914,0.00493827,0.02716049,0.00246914,0.00740741,0.02469136,0.00987654,0.00740741
0.01538462,0.01153846,0.01153846,0.00769231,0.01538462,0.04230769,0.03076923,0.01923077,0.,0.01153846,0.,0.01538462,0.01923077,0.03076923,0.01538462,0.00384615,0.03846154,0.01538462,0.01923077,0.00769231,0.05384615,0.04230769,0.05,0.,0.00769231,0.00769231,0.00769231,0.,0.01538462,0.01153846,0.01923077,0.00384615,0.00384615,0.01923077,0.02307692,0.01153846,0.01153846,0.03846154,0.03076923,0.00769231,0.01538462,0.04230769,0.01538462,0.,0.01538462,0.04615385,0.01538462,0.01538462,0.00384615,0.01538462,0.,0.01153846,0.01538462,0.01153846,0.01153846,0.01538462,0.,0.00769231,0.02307692,0.,0.,0.00384615,0.01538462,0.00384615
0.00189036,0.00756144,0.01890359,0.01512287,0.00567108,0.01512287,0.01512287,0.01512287,0.01323251,0.02268431,0.02079395,0.00378072,0.00756144,0.01134216,0.01323251,0.01323251,0.02268431,0.01890359,0.00567108,0.02268431,0.00756144,0.01701323,0.02457467,0.01323251,0.01890359,0.01512287,0.03024575,0.01890359,0.00567108,0.00378072,0.02646503,0.00756144,0.01323251,0.02268431,0.01323251,0.01323251,0.01134216,0.02079395,0.02646503,0.02079395,0.01323251,0.02646503,0.00756144,0.02457467,0.01890359,0.01323251,0.03591682,0.00756144,0.00756144,0.01323251,0.00189036,0.0094518,0.00756144,0.01134216,0.03213611,0.00756144,0.01512287,0.03213611,0.03024575,0.02457467,0.00378072,0.02268431,0.02079395,0.01134216
0.00913242,0.01826484,0.00913242,0.00456621,0.01369863,0.00456621,0.01826484,0.00913242,0.00456621,0.02739726,0.02283105,0.03652968,0.01369863,0.00456621,0.01826484,0.00913242,0.00913242,0.01826484,0.00456621,0.00913242,0.00913242,0.01369863,0.02283105,0.00913242,0.03196347,0.03196347,0.03196347,0.00913242,0.00456621,0.01826484,0.02739726,0.01369863,0.01826484,0.01826484,0.00913242,0.03196347,0.02283105,0.01369863,0.,0.01826484,0.01826484,0.03652968,0.00456621,0.03196347,0.00456621,0.01369863,0.02283105,0.02283105,0.00456621,0.01826484,0.00913242,0.,0.01826484,0.00456621,0.02283105,0.02283105,0.00913242,0.02283105,0.02283105,0.02739726,0.00456621,0.00913242,0.00913242,0.01826484
0.02027027,0.02702703,0.01351351,0.02027027,0.02702703,0.02027027,0.02027027,0.02027027,0.00675676,0.01351351,0.02027027,0.00675676,0.02027027,0.03378378,0.00675676,0.02702703,0.,0.,0.02027027,0.00675676,0.03378378,0.02027027,0.01351351,0.00675676,0.,0.02027027,0.02702703,0.02027027,0.00675676,0.01351351,0.05405405,0.02027027,0.00675676,0.00675676,0.,0.01351351,0.02702703,0.04054054,0.03378378,0.00675676,0.02027027,0.03378378,0.,0.01351351,0.00675676,0.02702703,0.01351351,0.00675676,0.01351351,0.01351351,0.,0.,0.01351351,0.,0.02027027,0.00675676,0.,0.03378378,0.04054054,0.00675676,0.00675676,0.02027027,0.,0.
0.,0.02571429,0.,0.00571429,0.00857143,0.04571429,0.01142857,0.00285714,0.00285714,0.00571429,0.01142857,0.,0.,0.02,0.00857143,0.01142857,0.00857143,0.02,0.01142857,0.00857143,0.00857143,0.00857143,0.02,0.00571429,0.01428571,0.02857143,0.03714286,0.00571429,0.00857143,0.01714286,0.04857143,0.00285714,0.03714286,0.02857143,0.03142857,0.01714286,0.02285714,0.04571429,0.06857143,0.01714286,0.00857143,0.03714286,0.00857143,0.01714286,0.00571429,0.01714286,0.04857143,0.00571429,0.,0.01428571,0.,0.00857143,0.00285714,0.00285714,0.02571429,0.00571429,0.00285714,0.01142857,0.02,0.00285714,0.01142857,0.01142857,0.04285714,0.00571429
0.01280228,0.01564723,0.0227596,0.00426743,0.0056899,0.03129445,0.00853485,0.00853485,0.00142248,0.01280228,0.,0.0056899,0.00284495,0.02987198,0.01849218,0.0170697,0.0113798,0.02418208,0.0227596,0.00853485,0.0170697,0.01422475,0.02133713,0.00995733,0.0056899,0.0341394,0.02133713,0.00995733,0.0056899,0.01564723,0.02987198,0.00853485,0.03271693,0.04836415,0.04409673,0.02133713,0.00995733,0.04125178,0.02560455,0.00853485,0.00853485,0.03271693,0.01849218,0.01991465,0.01280228,0.0284495,0.02133713,0.0113798,0.,0.0227596,0.,0.00711238,0.00142248,0.00995733,0.01849218,0.00711238,0.00142248,0.0056899,0.01422475,0.00284495,0.00853485,0.03556188,0.0113798,0.00995733
0.00869565,0.00869565,0.0173913,0.0173913,0.,0.02608696,0.02608696,0.00869565,0.00869565,0.,0.0173913,0.0173913,0.00869565,0.03478261,0.00869565,0.00869565,0.02608696,0.0173913,0.0173913,0.,0.02608696,0.00869565,0.0173913,0.00869565,0.0173913,0.04347826,0.02608696,0.,0.00869565,0.0173913,0.03478261,0.,0.00869565,0.04347826,0.00869565,0.02608696,0.04347826,0.03478261,0.02608696,0.00869565,0.,0.0173913,0.00869565,0.0173913,0.,0.0173913,0.0173913,0.0173913,0.00869565,0.0173913,0.0173913,0.00869565,0.0173913,0.0173913,0.03478261,0.00869565,0.,0.03478261,0.00869565,0.,0.,0.00869565,0.02608696,0.00869565
0.00662252,0.01655629,0.00993377,0.01655629,0.00331126,0.01655629,0.01986755,0.01324503,0.00662252,0.01655629,0.,0.00993377,0.00331126,0.01655629,0.02317881,0.01986755,0.,0.00993377,0.02649007,0.01324503,0.00662252,0.00662252,0.02317881,0.00993377,0.01986755,0.02317881,0.01655629,0.00993377,0.00331126,0.02980132,0.03311258,0.00993377,0.02649007,0.02980132,0.01655629,0.03311258,0.01324503,0.05960265,0.04304636,0.02980132,0.01986755,0.01986755,0.01324503,0.01324503,0.02649007,0.01655629,0.02980132,0.00993377,0.,0.00993377,0.,0.01655629,0.00662252,0.00993377,0.01324503,0.00331126,0.00331126,0.00331126,0.02649007,0.,0.00662252,0.01655629,0.02649007,0.01655629
0.00938967,0.00469484,0.00469484,0.00938967,0.00469484,0.01877934,0.00469484,0.00938967,0.,0.00469484,0.00938967,0.01408451,0.00469484,0.01408451,0.01877934,0.01877934,0.01408451,0.01877934,0.01408451,0.01408451,0.00469484,0.00469484,0.00938967,0.02347418,0.00938967,0.01877934,0.01877934,0.01408451,0.01877934,0.01408451,0.03755869,0.01877934,0.02347418,0.00938967,0.00469484,0.03286385,0.02347418,0.01408451,0.01877934,0.04225352,0.01877934,0.05164319,0.00938967,0.03755869,0.00469484,0.03286385,0.03755869,0.04225352,0.00469484,0.00938967,0.00469484,0.02347418,0.,0.01408451,0.01877934,0.01877934,0.,0.02347418,0.00938967,0.01408451,0.00938967,0.00469484,0.00938967,0.02816901
0.00916031,0.01832061,0.00916031,0.00152672,0.02442748,0.0351145,0.02290076,0.01679389,0.00763359,0.02137405,0.00763359,0.00152672,0.00305344,0.02290076,0.01374046,0.00458015,0.02137405,0.03053435,0.01679389,0.02137405,0.01679389,0.02748092,0.02442748,0.01374046,0.02137405,0.02137405,0.0259542,0.01526718,0.01374046,0.00305344,0.02748092,0.00916031,0.01221374,0.01374046,0.01221374,0.01526718,0.0259542,0.03664122,0.01526718,0.01832061,0.00763359,0.02900763,0.00763359,0.02900763,0.01221374,0.01679389,0.01679389,0.00916031,0.01068702,0.00458015,0.00458015,0.00916031,0.02290076,0.00916031,0.01374046,0.01374046,0.01221374,0.02442748,0.01526718,0.01068702,0.00610687,0.00763359,0.01679389,0.01068702
0.01058201,0.00529101,0.02116402,0.01587302,0.01058201,0.02645503,0.01587302,0.,0.01587302,0.01058201,0.,0.00529101,0.,0.03174603,0.03703704,0.,0.02116402,0.01587302,0.01587302,0.02116402,0.01587302,0.00529101,0.02116402,0.,0.,0.02645503,0.03174603,0.00529101,0.,0.,0.02645503,0.00529101,0.02645503,0.02116402,0.01058201,0.03174603,0.03174603,0.07407407,0.06349206,0.01587302,0.,0.02645503,0.01587302,0.02645503,0.01587302,0.03703704,0.03703704,0.04232804,0.,0.,0.,0.00529101,0.,0.00529101,0.01058201,0.01058201,0.00529101,0.01587302,0.01058201,0.,0.,0.00529101,0.03174603,0.00529101
0.,0.00869565,0.00869565,0.00869565,0.,0.03478261,0.00869565,0.0173913,0.00869565,0.00869565,0.,0.00869565,0.,0.02608696,0.05217391,0.03478261,0.0173913,0.00869565,0.0173913,0.,0.0173913,0.,0.0173913,0.,0.00869565,0.00869565,0.0173913,0.0173913,0.0173913,0.02608696,0.04347826,0.00869565,0.02608696,0.05217391,0.04347826,0.05217391,0.,0.02608696,0.03478261,0.,0.,0.03478261,0.02608696,0.00869565,0.00869565,0.03478261,0.0173913,0.00869565,0.00869565,0.0173913,0.,0.00869565,0.,0.02608696,0.02608696,0.,0.,0.00869565,0.00869565,0.,0.0173913,0.03478261,0.00869565,0.00869565
0.01269036,0.00888325,0.02664975,0.00507614,0.00507614,0.03045685,0.01649746,0.00634518,0.00126904,0.00507614,0.00380711,0.00888325,0.00507614,0.02664975,0.02284264,0.0177665,0.01269036,0.01522843,0.02284264,0.01649746,0.00761421,0.01142132,0.01903553,0.00888325,0.00634518,0.02791878,0.02918782,0.02030457,0.00761421,0.00888325,0.03807107,0.00507614,0.02538071,0.03553299,0.04822335,0.01903553,0.01903553,0.04187817,0.03045685,0.0177665,0.00634518,0.02411168,0.01395939,0.0215736,0.00888325,0.02791878,0.04822335,0.01395939,0.,0.01395939,0.,0.01015228,0.00126904,0.00888325,0.0215736,0.00761421,0.00126904,0.00761421,0.01142132,0.,0.00126904,0.01395939,0.02791878,0.01015228
0.,0.01041667,0.00520833,0.01041667,0.00520833,0.03125,0.015625,0.00520833,0.00520833,0.015625,0.01041667,0.,0.01041667,0.02083333,0.015625,0.00520833,0.01041667,0.015625,0.02604167,0.01041667,0.01041667,0.01041667,0.02604167,0.,0.,0.02604167,0.02083333,0.02083333,0.00520833,0.01041667,0.05729167,0.00520833,0.015625,0.015625,0.02083333,0.03125,0.015625,0.02083333,0.03125,0.03645833,0.015625,0.02604167,0.015625,0.03125,0.01041667,0.03125,0.02083333,0.01041667,0.,0.02604167,0.,0.01041667,0.00520833,0.00520833,0.04166667,0.015625,0.01041667,0.00520833,0.015625,0.02083333,0.01041667,0.02083333,0.03125,0.01041667
0.01016949,0.01016949,0.01694915,0.00508475,0.01016949,0.02033898,0.00847458,0.00847458,0.,0.01525424,0.,0.00169492,0.00847458,0.02881356,0.01694915,0.01525424,0.00338983,0.01355932,0.02711864,0.00677966,0.00169492,0.01694915,0.03559322,0.00677966,0.00338983,0.03559322,0.02372881,0.01864407,0.00338983,0.01186441,0.03050847,0.00508475,0.0220339,0.03898305,0.05762712,0.02711864,0.01016949,0.04915254,0.03559322,0.01864407,0.00677966,0.03898305,0.01525424,0.02711864,0.00847458,0.01864407,0.03050847,0.01355932,0.,0.01186441,0.00169492,0.00677966,0.00338983,0.01186441,0.01525424,0.00677966,0.,0.00847458,0.01355932,0.00169492,0.00508475,0.04067797,0.0220339,0.01186441
