0.05555556,0.02,0.02666667,0.03777778,0.02444444,0.00666667,0.02,0.00666667,0.00222222,0.01555556,0.00444444,0.00222222,0.00222222,0.02444444,0.02,0.05777778,0.02222222,0.00666667,0.01333333,0.02222222,0.02222222,0.,0.01333333,0.01333333,0.00888889,0.02,0.00666667,0.00444444,0.01555556,0.01555556,0.00666667,0.01555556,0.05111111,0.02222222,0.02666667,0.04888889,0.02888889,0.01333333,0.02,0.01555556,0.02,0.00888889,0.,0.00666667,0.00222222,0.02222222,0.01333333,0.01111111,0.,0.00666667,0.00222222,0.02,0.01555556,0.00666667,0.00444444,0.00888889,0.,0.,0.00888889,0.,0.01555556,0.02222222,0.02222222,0.02222222
0.03448276,0.01097179,0.02351097,0.02194357,0.01253918,0.01253918,0.03134796,0.00626959,0.0015674,0.01410658,0.00626959,0.00470219,0.0031348,0.02821317,0.02037618,0.05015674,0.02351097,0.01410658,0.01253918,0.02037618,0.01567398,0.,0.00940439,0.00626959,0.00626959,0.01880878,0.00783699,0.02507837,0.00470219,0.00940439,0.00470219,0.01724138,0.05485893,0.02507837,0.03291536,0.03761755,0.01567398,0.01253918,0.01410658,0.02664577,0.02821317,0.01724138,0.02194357,0.02351097,0.02037618,0.01880878,0.00940439,0.01567398,0.0015674,0.01410658,0.,0.01880878,0.00940439,0.00470219,0.01253918,0.00470219,0.,0.,0.0031348,0.0031348,0.02664577,0.01567398,0.01253918,0.02037618
0.08053691,0.00671141,0.04026846,0.,0.00671141,0.02013423,0.00671141,0.,0.,0.00671141,0.,0.00671141,0.00671141,0.00671141,0.04026846,0.02684564,0.04026846,0.,0.01342282,0.03355705,0.01342282,0.,0.01342282,0.01342282,0.02013423,0.01342282,0.,0.01342282,0.00671141,0.01342282,0.,0.,0.0738255,0.02684564,0.02684564,0.04697987,0.02013423,0.01342282,0.00671141,0.00671141,0.02013423,0.00671141,0.01342282,0.02013423,0.01342282,0.01342282,0.02013423,0.02013423,0.00671141,0.00671141,0.,0.02684564,0.02013423,0.,0.01342282,0.,0.,0.,0.00671141,0.00671141,0.02684564,0.02684564,0.01342282,0.04697987
0.02826855,0.02473498,0.01060071,0.03180212,0.02473498,0.01413428,0.02826855,0.,0.03180212,0.00706714,0.01060071,0.02120141,0.01060071,0.01766784,0.01413428,0.02826855,0.03533569,0.00353357,0.00706714,0.01413428,0.00706714,0.01413428,0.00353357,0.01413428,0.02120141,0.00353357,0.00706714,0.02120141,0.01413428,0.01060071,0.01060071,0.01413428,0.0565371,0.02473498,0.03533569,0.02473498,0.01060071,0.01413428,0.00706714,0.01766784,0.02473498,0.02473498,0.01413428,0.02473498,0.01766784,0.,0.01413428,0.01413428,0.,0.01060071,0.,0.02120141,0.01060071,0.00353357,0.01060071,0.00353357,0.00353357,0.,0.01766784,0.,0.02120141,0.01060071,0.02120141,0.03533569
0.02696629,0.02247191,0.01348315,0.0247191,0.02247191,0.00898876,0.02696629,0.01123596,0.00674157,0.00449438,0.,0.00898876,0.00224719,0.01348315,0.03146067,0.02921348,0.01348315,0.00449438,0.01348315,0.00674157,0.02022472,0.,0.00449438,0.00674157,0.00898876,0.00898876,0.00674157,0.00449438,0.00898876,0.0247191,0.,0.01797753,0.08539326,0.01123596,0.0247191,0.04044944,0.03146067,0.02696629,0.01797753,0.02247191,0.02247191,0.01573034,0.01797753,0.02247191,0.01123596,0.00898876,0.02022472,0.02696629,0.00224719,0.00449438,0.,0.03146067,0.02022472,0.02022472,0.,0.01573034,0.,0.00224719,0.01573034,0.,0.02921348,0.01123596,0.00898876,0.02696629
0.03271028,0.02959502,0.00778816,0.01557632,0.01869159,0.01869159,0.03271028,0.00934579,0.00155763,0.00623053,0.00155763,0.0046729,0.00623053,0.02647975,0.01713396,0.02959502,0.02492212,0.01246106,0.01246106,0.01090343,0.01713396,0.00623053,0.00311526,0.01090343,0.00778816,0.0046729,0.00934579,0.01090343,0.00778816,0.01713396,0.00311526,0.04361371,0.05140187,0.02336449,0.03582555,0.03894081,0.02180685,0.02024922,0.01401869,0.03426791,0.01713396,0.02803738,0.01713396,0.01713396,0.01401869,0.01246106,0.02647975,0.02336449,0.00155763,0.00934579,0.,0.02180685,0.00934579,0.01090343,0.00311526,0.00934579,0.,0.00155763,0.00155763,0.,0.02647975,0.01090343,0.00934579,0.02803738
0.02597403,0.02226345,0.00742115,0.0148423,0.03525046,0.00185529,0.01669759,0.01113173,0.00185529,0.00742115,0.00185529,0.00185529,0.,0.01855288,0.01855288,0.02782931,0.03153989,0.01113173,0.00185529,0.0148423,0.03153989,0.,0.00742115,0.00556586,0.00185529,0.00742115,0.,0.02040816,0.01855288,0.00556586,0.,0.03525046,0.06122449,0.04081633,0.0296846,0.06493506,0.02411874,0.00742115,0.0296846,0.02040816,0.02226345,0.00742115,0.00556586,0.03525046,0.02040816,0.0148423,0.01669759,0.03153989,0.00185529,0.02411874,0.,0.01113173,0.00371058,0.00185529,0.,0.03710575,0.,0.,0.01298701,0.00185529,0.02411874,0.01298701,0.01113173,0.01855288
0.05025126,0.01005025,0.03015075,0.00502513,0.01507538,0.01507538,0.02512563,0.,0.,0.00502513,0.00502513,0.,0.01507538,0.0201005,0.03517588,0.05527638,0.01507538,0.01005025,0.00502513,0.01507538,0.01507538,0.,0.0201005,0.0201005,0.01507538,0.01005025,0.01005025,0.01005025,0.,0.01005025,0.01507538,0.0201005,0.06532663,0.00502513,0.0201005,0.07035176,0.01005025,0.01005025,0.02512563,0.02512563,0.01507538,0.01005025,0.0201005,0.0201005,0.01005025,0.0201005,0.03517588,0.0201005,0.,0.01507538,0.00502513,0.01507538,0.,0.00502513,0.0201005,0.00502513,0.,0.01507538,0.,0.01005025,0.00502513,0.,0.02512563,0.0201005
0.03933747,0.,0.00828157,0.01242236,0.02277433,0.01449275,0.02277433,0.00207039,0.00828157,0.00621118,0.00621118,0.00414079,0.00621118,0.01863354,0.02070393,0.02484472,0.03726708,0.00828157,0.02277433,0.02484472,0.01863354,0.01035197,0.01656315,0.01449275,0.00828157,0.00621118,0.00621118,0.00828157,0.01863354,0.01242236,0.00207039,0.0310559,0.0310559,0.00621118,0.03933747,0.04140787,0.03312629,0.02277433,0.01449275,0.01656315,0.01656315,0.01035197,0.03519669,0.00828157,0.01656315,0.01449275,0.01449275,0.02277433,0.,0.00828157,0.,0.02070393,0.01449275,0.01449275,0.02484472,0.00414079,0.00207039,0.00621118,0.00414079,0.00414079,0.03312629,0.,0.02484472,0.0310559
0.03418803,0.01709402,0.02564103,0.04273504,0.00854701,0.,0.02564103,0.00854701,0.,0.00854701,0.00854701,0.00854701,0.,0.01709402,0.,0.02564103,0.05128205,0.00854701,0.,0.03418803,0.,0.,0.00854701,0.00854701,0.00854701,0.,0.01709402,0.02564103,0.02564103,0.,0.03418803,0.03418803,0.08547009,0.00854701,0.09401709,0.01709402,0.,0.00854701,0.00854701,0.00854701,0.03418803,0.00854701,0.00854701,0.02564103,0.,0.00854701,0.02564103,0.,0.00854701,0.01709402,0.,0.01709402,0.00854701,0.,0.,0.,0.,0.02564103,0.,0.,0.03418803,0.,0.00854701,0.05128205
0.0408805,0.00943396,0.01572327,0.00943396,0.01886792,0.00314465,0.02201258,0.00943396,0.00314465,0.00943396,0.01886792,0.01257862,0.00628931,0.01572327,0.03773585,0.0408805,0.01886792,0.00943396,0.01886792,0.00943396,0.00314465,0.,0.00628931,0.02830189,0.01886792,0.00314465,0.00943396,0.00943396,0.01886792,0.01572327,0.00628931,0.03144654,0.05031447,0.01257862,0.05031447,0.05660377,0.01257862,0.01257862,0.00943396,0.02830189,0.00943396,0.00628931,0.01886792,0.01257862,0.00943396,0.01886792,0.01257862,0.01572327,0.00314465,0.00628931,0.,0.02201258,0.02515723,0.00628931,0.01572327,0.00943396,0.,0.,0.01257862,0.,0.0408805,0.00943396,0.01257862,0.01886792
0.05376344,0.01075269,0.02150538,0.02150538,0.02150538,0.00537634,0.01075269,0.,0.00537634,0.,0.01075269,0.00537634,0.01075269,0.02688172,0.02150538,0.05376344,0.02688172,0.00537634,0.01075269,0.01075269,0.,0.00537634,0.01075269,0.01612903,0.02688172,0.02150538,0.01612903,0.00537634,0.00537634,0.01612903,0.00537634,0.00537634,0.03225806,0.01075269,0.06451613,0.05376344,0.04301075,0.0483871,0.02150538,0.01075269,0.02688172,0.01075269,0.02150538,0.01612903,0.00537634,0.01612903,0.01612903,0.02150538,0.,0.,0.,0.01612903,0.01075269,0.,0.00537634,0.,0.00537634,0.00537634,0.,0.,0.02150538,0.00537634,0.02688172,0.01612903
0.02430556,0.01736111,0.02083333,0.01388889,0.02777778,0.00694444,0.00347222,0.00347222,0.00347222,0.00694444,0.00694444,0.00694444,0.01388889,0.02430556,0.01736111,0.03472222,0.01388889,0.01388889,0.00694444,0.01736111,0.02430556,0.00694444,0.01041667,0.,0.01388889,0.00694444,0.01736111,0.00694444,0.01388889,0.01736111,0.00347222,0.01736111,0.04513889,0.01736111,0.00694444,0.04861111,0.01388889,0.02430556,0.02777778,0.02777778,0.02083333,0.02083333,0.03125,0.02083333,0.03125,0.02083333,0.01388889,0.02777778,0.,0.01388889,0.,0.01736111,0.00694444,0.00694444,0.02083333,0.02083333,0.00347222,0.00347222,0.00694444,0.01041667,0.03472222,0.,0.01041667,0.02083333
0.04416404,0.01892744,0.01892744,0.02208202,0.03154574,0.00630915,0.00630915,0.0126183,0.00630915,0.00946372,0.,0.00315457,0.00315457,0.02523659,0.02523659,0.07570978,0.0126183,0.00630915,0.00630915,0.01892744,0.00630915,0.00315457,0.02208202,0.0126183,0.00946372,0.00946372,0.00315457,0.02208202,0.00630915,0.0126183,0.00315457,0.0126183,0.04416404,0.01577287,0.02839117,0.04100946,0.03785489,0.01577287,0.03154574,0.01892744,0.01577287,0.0126183,0.01577287,0.0126183,0.0126183,0.02523659,0.03154574,0.02523659,0.00315457,0.00630915,0.,0.0126183,0.0126183,0.00315457,0.00630915,0.00946372,0.,0.00630915,0.,0.00315457,0.03470032,0.00630915,0.01577287,0.01892744
0.01310861,0.01685393,0.01123596,0.0093633,0.01685393,0.01123596,0.01872659,0.00187266,0.0093633,0.00561798,0.00374532,0.01498127,0.00561798,0.03370787,0.03932584,0.03558052,0.02059925,0.00374532,0.01310861,0.01123596,0.00749064,0.00187266,0.01498127,0.00561798,0.00561798,0.00749064,0.01123596,0.0093633,0.0093633,0.02621723,0.0093633,0.02808989,0.01685393,0.00187266,0.01685393,0.01123596,0.03370787,0.01498127,0.03932584,0.02808989,0.02247191,0.01310861,0.02808989,0.01685393,0.02059925,0.02996255,0.02808989,0.03183521,0.00187266,0.01310861,0.,0.02434457,0.00749064,0.0093633,0.00749064,0.01310861,0.,0.00561798,0.01310861,0.00374532,0.02247191,0.01685393,0.03370787,0.0411985
0.05511811,0.00787402,0.03149606,0.01574803,0.00787402,0.00787402,0.01574803,0.,0.00787402,0.,0.00787402,0.,0.01574803,0.01574803,0.03937008,0.04724409,0.08661417,0.,0.01574803,0.01574803,0.01574803,0.,0.,0.00787402,0.01574803,0.00787402,0.00787402,0.02362205,0.02362205,0.01574803,0.,0.03149606,0.09448819,0.02362205,0.02362205,0.02362205,0.01574803,0.02362205,0.01574803,0.,0.00787402,0.,0.00787402,0.00787402,0.00787402,0.00787402,0.01574803,0.01574803,0.,0.01574803,0.,0.01574803,0.02362205,0.00787402,0.00787402,0.00787402,0.00787402,0.,0.,0.00787402,0.,0.,0.03149606,0.03937008
0.01190476,0.01587302,0.00793651,0.02380952,0.01587302,0.01587302,0.01190476,0.01587302,0.00793651,0.00793651,0.,0.,0.00396825,0.01587302,0.0515873,0.04761905,0.02777778,0.00793651,0.00396825,0.00396825,0.00396825,0.,0.00793651,0.01190476,0.00793651,0.00793651,0.01190476,0.00396825,0.00396825,0.01190476,0.00793651,0.03571429,0.04365079,0.00793651,0.01587302,0.03571429,0.02777778,0.02777778,0.03968254,0.01984127,0.03571429,0.01587302,0.02380952,0.01587302,0.00793651,0.01984127,0.03174603,0.03174603,0.00396825,0.,0.,0.01587302,0.01190476,0.01587302,0.01190476,0.,0.,0.00396825,0.,0.00396825,0.03571429,0.01190476,0.02380952,0.04761905
0.03921569,0.,0.03137255,0.03137255,0.03137255,0.01176471,0.01568627,0.01176471,0.,0.00392157,0.00392157,0.00784314,0.01176471,0.02352941,0.03529412,0.0627451,0.03921569,0.,0.00392157,0.01960784,0.01176471,0.,0.01176471,0.01568627,0.00784314,0.00392157,0.00784314,0.00392157,0.00784314,0.00784314,0.,0.00784314,0.02745098,0.01176471,0.02352941,0.03921569,0.03529412,0.00784314,0.01960784,0.00784314,0.03137255,0.01176471,0.02745098,0.01176471,0.00784314,0.04313725,0.01960784,0.02745098,0.,0.01568627,0.,0.03137255,0.01568627,0.00392157,0.01176471,0.00784314,0.00392157,0.00784314,0.00392157,0.,0.03529412,0.00392157,0.01176471,0.02352941
0.02512563,0.01507538,0.0201005,0.0201005,0.01005025,0.01507538,0.02512563,0.00502513,0.,0.01005025,0.,0.,0.,0.0201005,0.04020101,0.06030151,0.02512563,0.01507538,0.00502513,0.02512563,0.01507538,0.,0.0201005,0.01005025,0.00502513,0.01005025,0.01005025,0.02512563,0.,0.01005025,0.00502513,0.01507538,0.04020101,0.01005025,0.05025126,0.04020101,0.02512563,0.00502513,0.03015075,0.01005025,0.00502513,0.0201005,0.03015075,0.0201005,0.01507538,0.00502513,0.03015075,0.0201005,0.00502513,0.01507538,0.,0.01005025,0.0201005,0.,0.0201005,0.00502513,0.,0.00502513,0.,0.01005025,0.02512563,0.01005025,0.01507538,0.04020101
0.01351351,0.02702703,0.04054054,0.02702703,0.04054054,0.,0.01351351,0.01351351,0.01351351,0.,0.,0.,0.02702703,0.,0.01351351,0.02702703,0.02702703,0.,0.04054054,0.,0.,0.,0.01351351,0.01351351,0.05405405,0.,0.01351351,0.02702703,0.01351351,0.,0.,0.01351351,0.08108108,0.01351351,0.04054054,0.,0.,0.01351351,0.02702703,0.,0.04054054,0.04054054,0.,0.,0.01351351,0.01351351,0.02702703,0.04054054,0.,0.,0.01351351,0.01351351,0.01351351,0.02702703,0.01351351,0.,0.,0.,0.01351351,0.,0.04054054,0.,0.01351351,0.02702703
0.0505618,0.,0.03370787,0.01123596,0.02808989,0.00561798,0.00561798,0.00561798,0.01685393,0.01685393,0.,0.01123596,0.00561798,0.01685393,0.00561798,0.03932584,0.06741573,0.01123596,0.01685393,0.02808989,0.00561798,0.,0.02247191,0.01685393,0.02247191,0.01685393,0.00561798,0.01685393,0.01685393,0.00561798,0.,0.03370787,0.06741573,0.01123596,0.03370787,0.01123596,0.01685393,0.01123596,0.,0.02247191,0.02808989,0.01123596,0.02808989,0.01685393,0.01685393,0.00561798,0.01685393,0.,0.,0.00561798,0.00561798,0.00561798,0.00561798,0.01685393,0.,0.01123596,0.,0.01685393,0.,0.02808989,0.,0.00561798,0.01123596,0.0505618
0.03305785,0.01101928,0.03030303,0.02479339,0.01652893,0.0137741,0.01928375,0.00275482,0.01101928,0.01928375,0.,0.00275482,0.0137741,0.01652893,0.03030303,0.06887052,0.01928375,0.00550964,0.0137741,0.00550964,0.00275482,0.00550964,0.00550964,0.01928375,0.00550964,0.,0.00826446,0.00826446,0.01652893,0.02203857,0.00550964,0.01652893,0.04132231,0.01652893,0.02203857,0.04132231,0.00826446,0.01652893,0.01101928,0.00275482,0.02479339,0.01928375,0.01652893,0.03030303,0.0137741,0.04132231,0.03030303,0.02479339,0.,0.00275482,0.00275482,0.0137741,0.,0.00275482,0.00550964,0.00275482,0.,0.00275482,0.01101928,0.00550964,0.04407713,0.00826446,0.0137741,0.04958678
0.0385439,0.01713062,0.02141328,0.02783726,0.01070664,0.00428266,0.01070664,0.00428266,0.00642398,0.00642398,0.00214133,0.00856531,0.00856531,0.00642398,0.0235546,0.04710921,0.02141328,0.00428266,0.01070664,0.01927195,0.00856531,0.,0.01070664,0.01070664,0.0235546,0.01927195,0.00856531,0.01070664,0.01070664,0.00428266,0.00214133,0.01927195,0.06638116,0.02569593,0.0385439,0.04068522,0.02141328,0.01498929,0.01498929,0.01713062,0.01284797,0.00856531,0.03640257,0.01284797,0.00856531,0.01498929,0.01927195,0.02141328,0.00214133,0.01713062,0.,0.01713062,0.01070664,0.00428266,0.01713062,0.00642398,0.,0.00428266,0.01498929,0.00214133,0.02569593,0.01498929,0.02569593,0.03426124
0.06,0.04,0.04,0.02,0.,0.04,0.08,0.,0.,0.,0.04,0.,0.,0.,0.02,0.02,0.,0.04,0.04,0.02,0.,0.,0.,0.,0.06,0.04,0.,0.,0.,0.,0.,0.04,0.06,0.02,0.,0.,0.,0.,0.02,0.,0.02,0.,0.,0.,0.,0.02,0.02,0.,0.02,0.02,0.,0.,0.04,0.,0.,0.02,0.,0.02,0.,0.06,0.,0.,0.04,0.02
0.04216867,0.02409639,0.03614458,0.01807229,0.01204819,0.0060241,0.01204819,0.02409639,0.,0.01807229,0.,0.0060241,0.,0.02409639,0.01807229,0.02409639,0.04216867,0.0060241,0.,0.0060241,0.01807229,0.,0.,0.0060241,0.,0.02409639,0.,0.01807229,0.0060241,0.,0.,0.06626506,0.10240964,0.01807229,0.02409639,0.0060241,0.04216867,0.0060241,0.07228916,0.01807229,0.01204819,0.01807229,0.,0.01204819,0.03614458,0.01204819,0.03614458,0.02409639,0.0060241,0.,0.,0.01204819,0.0060241,0.,0.0060241,0.01204819,0.,0.,0.,0.0060241,0.01807229,0.01807229,0.01204819,0.0060241
0.03725656,0.0296359,0.01439458,0.0127011,0.0127011,0.00592718,0.0211685,0.00677392,0.00338696,0.00592718,0.,0.00592718,0.00169348,0.03048264,0.0254022,0.03979678,0.01947502,0.0084674,0.0127011,0.0084674,0.01947502,0.00084674,0.01185436,0.0127011,0.00508044,0.01862828,0.00592718,0.04064352,0.00931414,0.01016088,0.00254022,0.02624894,0.0550381,0.02794242,0.04064352,0.04318374,0.01354784,0.00931414,0.02201524,0.01185436,0.02878916,0.00592718,0.0127011,0.03302286,0.01947502,0.02032176,0.01947502,0.02370872,0.00084674,0.01439458,0.,0.01778154,0.00931414,0.00508044,0.01354784,0.01185436,0.,0.,0.00508044,0.00169348,0.0254022,0.01354784,0.01439458,0.01439458
0.03463203,0.01587302,0.02453102,0.01443001,0.03751804,0.002886,0.01154401,0.01010101,0.004329,0.002886,0.,0.001443,0.,0.02886003,0.03318903,0.02597403,0.03030303,0.01443001,0.004329,0.00865801,0.01587302,0.,0.004329,0.02020202,0.,0.00865801,0.001443,0.03463203,0.01154401,0.004329,0.,0.03607504,0.06637807,0.03174603,0.03607504,0.03030303,0.02453102,0.004329,0.02164502,0.03318903,0.02308802,0.001443,0.00577201,0.04906205,0.02164502,0.01154401,0.01154401,0.03896104,0.001443,0.02164502,0.,0.01154401,0.01010101,0.004329,0.004329,0.02597403,0.,0.,0.00577201,0.00577201,0.01298701,0.02453102,0.004329,0.01298701
0.08247423,0.04123711,0.05154639,0.,0.04123711,0.01030928,0.04123711,0.,0.,0.01030928,0.,0.,0.,0.02061856,0.03092784,0.04123711,0.01030928,0.,0.,0.,0.,0.01030928,0.,0.02061856,0.,0.02061856,0.,0.06185567,0.,0.01030928,0.,0.01030928,0.07216495,0.02061856,0.,0.05154639,0.,0.01030928,0.02061856,0.03092784,0.02061856,0.,0.,0.03092784,0.03092784,0.03092784,0.02061856,0.02061856,0.01030928,0.02061856,0.,0.01030928,0.01030928,0.,0.,0.01030928,0.,0.,0.,0.,0.,0.02061856,0.,0.04123711
0.07586207,0.0137931,0.03448276,0.00689655,0.0137931,0.,0.00689655,0.00689655,0.,0.,0.,0.,0.,0.,0.04827586,0.04137931,0.0137931,0.,0.,0.02068966,0.0137931,0.,0.,0.03448276,0.,0.02758621,0.,0.06896552,0.00689655,0.,0.,0.02068966,0.08275862,0.00689655,0.0137931,0.,0.02758621,0.00689655,0.02068966,0.03448276,0.00689655,0.02758621,0.0137931,0.06206897,0.04137931,0.00689655,0.0137931,0.02758621,0.00689655,0.02068966,0.,0.,0.,0.0137931,0.,0.02758621,0.,0.,0.02068966,0.00689655,0.00689655,0.0137931,0.0137931,0.02068966
0.08888889,0.02222222,0.02777778,0.00555556,0.03333333,0.,0.01111111,0.00555556,0.,0.,0.,0.,0.,0.03888889,0.04444444,0.02777778,0.03333333,0.,0.,0.,0.02777778,0.,0.00555556,0.00555556,0.,0.02777778,0.,0.02777778,0.01111111,0.01666667,0.,0.02777778,0.03333333,0.01111111,0.05,0.04444444,0.00555556,0.,0.03888889,0.01666667,0.01111111,0.01111111,0.,0.05,0.02222222,0.01666667,0.01111111,0.04444444,0.00555556,0.01111111,0.,0.01666667,0.01111111,0.00555556,0.00555556,0.02777778,0.,0.,0.,0.,0.01666667,0.01666667,0.00555556,0.02222222
0.05988024,0.02994012,0.0239521,0.01197605,0.00598802,0.,0.01197605,0.01796407,0.,0.,0.,0.,0.,0.04191617,0.01796407,0.01796407,0.,0.,0.01197605,0.00598802,0.01197605,0.,0.01197605,0.01796407,0.,0.03592814,0.,0.04790419,0.01197605,0.,0.01197605,0.0239521,0.06586826,0.01796407,0.01197605,0.01796407,0.01197605,0.0239521,0.02994012,0.02994012,0.04191617,0.02994012,0.01197605,0.04191617,0.05988024,0.01796407,0.01197605,0.04790419,0.00598802,0.,0.,0.,0.,0.01197605,0.,0.01197605,0.,0.,0.,0.,0.03592814,0.01197605,0.00598802,0.01197605
0.03614458,0.00803213,0.02008032,0.02409639,0.02811245,0.00803213,0.01204819,0.02008032,0.00401606,0.00401606,0.00401606,0.00401606,0.00401606,0.02409639,0.01606426,0.06425703,0.02409639,0.01606426,0.00401606,0.02811245,0.00803213,0.00803213,0.01204819,0.01606426,0.00401606,0.01204819,0.00803213,0.01204819,0.00803213,0.00401606,0.00803213,0.01606426,0.03614458,0.01606426,0.04417671,0.03212851,0.01204819,0.01606426,0.02409639,0.02409639,0.02409639,0.01204819,0.05220884,0.01606426,0.01606426,0.01204819,0.01606426,0.02008032,0.00401606,0.01204819,0.,0.03212851,0.01204819,0.02008032,0.00803213,0.00401606,0.,0.,0.00803213,0.01204819,0.01606426,0.,0.01204819,0.01606426
0.06923077,0.04615385,0.01538462,0.00769231,0.02307692,0.,0.02307692,0.03076923,0.,0.,0.,0.,0.,0.02307692,0.03846154,0.03076923,0.01538462,0.00769231,0.00769231,0.02307692,0.02307692,0.,0.00769231,0.02307692,0.,0.00769231,0.,0.08461538,0.,0.,0.,0.00769231,0.03076923,0.00769231,0.01538462,0.00769231,0.04615385,0.01538462,0.02307692,0.05384615,0.01538462,0.01538462,0.00769231,0.04615385,0.00769231,0.,0.03846154,0.03076923,0.00769231,0.,0.,0.,0.02307692,0.00769231,0.,0.03076923,0.,0.00769231,0.00769231,0.,0.01538462,0.02307692,0.,0.
0.0112782,0.0112782,0.02255639,0.0075188,0.0112782,0.01879699,0.04887218,0.0037594,0.0037594,0.0037594,0.0037594,0.0075188,0.0112782,0.02255639,0.03007519,0.04887218,0.02255639,0.0075188,0.,0.0075188,0.0112782,0.0037594,0.02255639,0.0037594,0.01879699,0.01503759,0.01503759,0.0075188,0.01879699,0.04511278,0.02631579,0.04511278,0.02631579,0.0037594,0.0112782,0.01879699,0.0075188,0.01879699,0.03007519,0.0112782,0.0112782,0.01503759,0.03007519,0.01503759,0.01879699,0.02631579,0.03007519,0.0112782,0.0037594,0.0075188,0.,0.0075188,0.0037594,0.0075188,0.01503759,0.,0.,0.0037594,0.01503759,0.,0.02255639,0.02631579,0.03007519,0.03383459
0.01709402,0.01282051,0.00854701,0.00854701,0.00854701,0.,0.02564103,0.00854701,0.00854701,0.00854701,0.,0.0042735,0.,0.04700855,0.02136752,0.07692308,0.01282051,0.,0.02136752,0.,0.02136752,0.0042735,0.02136752,0.00854701,0.00854701,0.00854701,0.01709402,0.01282051,0.00854701,0.01282051,0.00854701,0.02136752,0.02564103,0.,0.00854701,0.01709402,0.02564103,0.02136752,0.05555556,0.00854701,0.01709402,0.01282051,0.01282051,0.01282051,0.,0.01282051,0.03846154,0.01282051,0.0042735,0.01282051,0.,0.03846154,0.01709402,0.01282051,0.02564103,0.01282051,0.,0.0042735,0.01282051,0.,0.02991453,0.01282051,0.05982906,0.02991453
0.05095541,0.01273885,0.06369427,0.03821656,0.01910828,0.,0.01910828,0.,0.03184713,0.,0.01273885,0.03821656,0.01910828,0.02547771,0.03184713,0.03184713,0.03821656,0.02547771,0.00636943,0.01273885,0.02547771,0.,0.00636943,0.,0.01910828,0.,0.00636943,0.,0.01910828,0.00636943,0.01273885,0.,0.03821656,0.02547771,0.01910828,0.01910828,0.01273885,0.,0.00636943,0.01273885,0.01910828,0.01910828,0.01910828,0.00636943,0.01273885,0.,0.01910828,0.00636943,0.00636943,0.01910828,0.,0.04458599,0.,0.,0.,0.00636943,0.,0.,0.01273885,0.02547771,0.01273885,0.00636943,0.01273885,0.04458599
0.06198347,0.02066116,0.01239669,0.01652893,0.00826446,0.02892562,0.00413223,0.00413223,0.00413223,0.01652893,0.00826446,0.00826446,0.00413223,0.04958678,0.02479339,0.03719008,0.01652893,0.02066116,0.01652893,0.00413223,0.,0.00413223,0.00826446,0.,0.00826446,0.,0.00826446,0.01239669,0.01239669,0.01239669,0.00413223,0.01239669,0.07438017,0.01652893,0.02066116,0.01239669,0.02066116,0.02892562,0.03305785,0.01239669,0.00826446,0.01239669,0.02066116,0.,0.01239669,0.02892562,0.02479339,0.,0.,0.02066116,0.00413223,0.02479339,0.01652893,0.02479339,0.01652893,0.01239669,0.,0.01239669,0.,0.,0.01652893,0.00826446,0.01239669,0.05371901
0.01714286,0.03428571,0.02857143,0.01714286,0.01714286,0.00571429,0.01714286,0.01142857,0.01142857,0.01714286,0.01142857,0.00571429,0.,0.01714286,0.01714286,0.02857143,0.04571429,0.01714286,0.00571429,0.02285714,0.03428571,0.,0.,0.00571429,0.01142857,0.02285714,0.,0.00571429,0.00571429,0.01714286,0.02857143,0.01714286,0.05714286,0.01142857,0.04571429,0.02857143,0.01714286,0.01714286,0.02285714,0.,0.01142857,0.01714286,0.,0.01142857,0.01714286,0.02285714,0.,0.04,0.00571429,0.00571429,0.,0.01714286,0.00571429,0.,0.01714286,0.00571429,0.,0.00571429,0.02857143,0.,0.02857143,0.01142857,0.01142857,0.04
0.05263158,0.02105263,0.03157895,0.02105263,0.04210526,0.02105263,0.03157895,0.,0.02105263,0.,0.,0.,0.02105263,0.,0.02105263,0.06315789,0.04210526,0.,0.01052632,0.01052632,0.,0.01052632,0.,0.01052632,0.,0.,0.,0.,0.,0.01052632,0.01052632,0.04210526,0.05263158,0.02105263,0.02105263,0.02105263,0.02105263,0.04210526,0.01052632,0.03157895,0.,0.02105263,0.,0.02105263,0.,0.02105263,0.02105263,0.06315789,0.,0.,0.01052632,0.02105263,0.03157895,0.,0.01052632,0.,0.,0.,0.,0.01052632,0.,0.,0.03157895,0.02105263
0.05182927,0.02134146,0.02134146,0.02439024,0.02439024,0.,0.01829268,0.,0.00914634,0.,0.00304878,0.00609756,0.00609756,0.02439024,0.03963415,0.02439024,0.02134146,0.01219512,0.0304878,0.01219512,0.02439024,0.,0.00914634,0.00609756,0.00609756,0.00609756,0.0152439,0.0152439,0.00609756,0.0152439,0.01219512,0.02439024,0.05792683,0.00914634,0.03963415,0.03963415,0.02439024,0.00609756,0.02439024,0.02743902,0.02743902,0.,0.01219512,0.02743902,0.00914634,0.00304878,0.01829268,0.0152439,0.,0.01219512,0.00304878,0.02439024,0.00914634,0.00914634,0.00609756,0.00304878,0.,0.,0.02743902,0.00304878,0.01219512,0.01219512,0.02743902,0.01829268
0.03488372,0.00387597,0.02325581,0.01937984,0.00387597,0.01162791,0.01162791,0.01162791,0.00387597,0.00775194,0.00387597,0.00775194,0.00775194,0.01162791,0.02713178,0.05426357,0.01937984,0.00387597,0.02713178,0.01162791,0.01937984,0.,0.01162791,0.00775194,0.01937984,0.01162791,0.00387597,0.02713178,0.00775194,0.01937984,0.00775194,0.01162791,0.0503876,0.01162791,0.04651163,0.03100775,0.03100775,0.01937984,0.03100775,0.04263566,0.01937984,0.02325581,0.02325581,0.01162791,0.01937984,0.01550388,0.01937984,0.01937984,0.00387597,0.00387597,0.,0.00387597,0.00387597,0.,0.00775194,0.,0.,0.00387597,0.01550388,0.,0.02325581,0.00387597,0.01162791,0.0503876
0.04225352,0.02112676,0.00704225,0.02816901,0.01408451,0.02112676,0.00704225,0.00704225,0.00704225,0.,0.01408451,0.00704225,0.01408451,0.03521127,0.02112676,0.02112676,0.04225352,0.02112676,0.01408451,0.00704225,0.,0.00704225,0.00704225,0.03521127,0.,0.,0.00704225,0.00704225,0.,0.,0.00704225,0.00704225,0.02112676,0.01408451,0.01408451,0.02816901,0.03521127,0.02816901,0.00704225,0.03521127,0.02112676,0.00704225,0.00704225,0.02112676,0.03521127,0.03521127,0.02112676,0.04929577,0.,0.,0.00704225,0.01408451,0.01408451,0.02816901,0.02112676,0.01408451,0.,0.00704225,0.00704225,0.,0.01408451,0.00704225,0.02112676,0.03521127
0.02840909,0.01136364,0.01136364,0.01704545,0.01704545,0.00568182,0.01704545,0.01704545,0.00568182,0.,0.01704545,0.01136364,0.01704545,0.01704545,0.02272727,0.05113636,0.01704545,0.00568182,0.01136364,0.01704545,0.02272727,0.,0.00568182,0.01136364,0.02272727,0.01136364,0.,0.,0.,0.01136364,0.01136364,0.02272727,0.05681818,0.00568182,0.03409091,0.03409091,0.01704545,0.00568182,0.01136364,0.02272727,0.03977273,0.00568182,0.04545455,0.01136364,0.02272727,0.04545455,0.02272727,0.03409091,0.00568182,0.,0.,0.03409091,0.01704545,0.00568182,0.,0.01136364,0.,0.,0.,0.01704545,0.01704545,0.,0.01136364,0.02840909
0.02109705,0.01265823,0.02742616,0.01898734,0.01898734,0.00421941,0.02109705,0.01687764,0.00421941,0.00632911,0.,0.01476793,0.00421941,0.02109705,0.01265823,0.03586498,0.02320675,0.01265823,0.01476793,0.02742616,0.01687764,0.00632911,0.01265823,0.00632911,0.00421941,0.0021097,0.00843882,0.00421941,0.02109705,0.01054852,0.00843882,0.00843882,0.0443038,0.00843882,0.03586498,0.02531646,0.02320675,0.01054852,0.02109705,0.03797468,0.02742616,0.00843882,0.04219409,0.02953586,0.02320675,0.02742616,0.02531646,0.02953586,0.0021097,0.00632911,0.,0.00843882,0.01054852,0.00632911,0.00632911,0.01687764,0.,0.00421941,0.00632911,0.00421941,0.04008439,0.00421941,0.00843882,0.02742616
0.03378378,0.01351351,0.02027027,0.03378378,0.,0.,0.,0.00675676,0.02702703,0.00675676,0.,0.01351351,0.,0.01351351,0.02027027,0.02027027,0.04054054,0.,0.,0.02027027,0.01351351,0.00675676,0.00675676,0.02702703,0.02027027,0.,0.,0.00675676,0.01351351,0.,0.,0.02702703,0.0472973,0.01351351,0.03378378,0.03378378,0.03378378,0.01351351,0.01351351,0.05405405,0.03378378,0.00675676,0.02027027,0.00675676,0.03378378,0.00675676,0.02027027,0.03378378,0.,0.01351351,0.,0.01351351,0.02702703,0.00675676,0.00675676,0.00675676,0.00675676,0.,0.,0.,0.06081081,0.01351351,0.01351351,0.03378378
0.036,0.032,0.012,0.012,0.024,0.012,0.016,0.,0.008,0.028,0.,0.008,0.008,0.02,0.024,0.036,0.016,0.016,0.008,0.004,0.016,0.,0.012,0.028,0.008,0.,0.012,0.004,0.004,0.012,0.012,0.02,0.06,0.012,0.028,0.028,0.016,0.016,0.024,0.024,0.012,0.,0.02,0.02,0.008,0.02,0.028,0.036,0.004,0.008,0.,0.032,0.012,0.012,0.012,0.008,0.,0.004,0.008,0.004,0.044,0.,0.012,0.04
0.06302521,0.01680672,0.0210084,0.04201681,0.01260504,0.00840336,0.01260504,0.00420168,0.00420168,0.01260504,0.,0.00840336,0.00420168,0.03361345,0.03361345,0.04621849,0.0210084,0.,0.01260504,0.01680672,0.,0.,0.00840336,0.00420168,0.01680672,0.01260504,0.00840336,0.,0.01260504,0.04201681,0.00420168,0.05462185,0.06302521,0.01680672,0.02521008,0.04201681,0.01680672,0.00840336,0.01680672,0.00840336,0.01680672,0.02521008,0.00420168,0.00840336,0.00420168,0.0210084,0.0210084,0.00840336,0.,0.00840336,0.00420168,0.01260504,0.00840336,0.00840336,0.00420168,0.0210084,0.,0.00840336,0.00840336,0.01260504,0.0210084,0.00420168,0.00840336,0.02521008
0.01762977,0.02252693,0.01175318,0.03525955,0.02252693,0.01567091,0.02840353,0.00195886,0.0029383,0.00979432,0.00097943,0.00587659,0.0029383,0.01567091,0.01958864,0.03623898,0.01958864,0.01175318,0.01762977,0.0244858,0.01077375,0.00489716,0.01665034,0.01371205,0.01175318,0.00979432,0.01077375,0.00489716,0.00783546,0.00783546,0.00097943,0.01371205,0.03819785,0.03232125,0.02644466,0.04113614,0.01371205,0.01371205,0.02644466,0.02252693,0.03428012,0.01958864,0.01958864,0.01958864,0.01273262,0.01469148,0.01567091,0.01371205,0.00097943,0.02252693,0.,0.03525955,0.00783546,0.00881489,0.01273262,0.00881489,0.,0.,0.02840353,0.,0.01958864,0.01077375,0.01077375,0.03232125
0.0657277,0.02347418,0.01877934,0.00469484,0.02816901,0.00469484,0.00469484,0.00469484,0.00469484,0.00469484,0.,0.00938967,0.00469484,0.02347418,0.08450704,0.01408451,0.09389671,0.,0.02816901,0.,0.,0.00469484,0.,0.02816901,0.,0.,0.00469484,0.00938967,0.01408451,0.00469484,0.00469484,0.00938967,0.09389671,0.01408451,0.02816901,0.02816901,0.03286385,0.01408451,0.02816901,0.,0.01877934,0.03286385,0.01877934,0.01877934,0.01877934,0.00469484,0.01408451,0.00938967,0.00469484,0.00469484,0.,0.01408451,0.,0.00469484,0.00938967,0.,0.,0.00469484,0.00469484,0.00469484,0.01408451,0.00938967,0.01877934,0.02816901
0.06666667,0.00952381,0.01904762,0.03809524,0.01904762,0.02857143,0.02857143,0.,0.00952381,0.,0.,0.02857143,0.01904762,0.00952381,0.03809524,0.05714286,0.01904762,0.00952381,0.00952381,0.00952381,0.,0.,0.00952381,0.,0.03809524,0.00952381,0.00952381,0.,0.00952381,0.00952381,0.00952381,0.00952381,0.02857143,0.01904762,0.07619048,0.03809524,0.00952381,0.01904762,0.01904762,0.00952381,0.00952381,0.,0.00952381,0.01904762,0.00952381,0.00952381,0.05714286,0.00952381,0.00952381,0.,0.,0.,0.01904762,0.,0.00952381,0.,0.,0.,0.01904762,0.,0.02857143,0.00952381,0.01904762,0.01904762
0.01904762,0.01904762,0.0047619,0.02142857,0.02142857,0.01190476,0.02380952,0.0047619,0.,0.01904762,0.,0.00952381,0.01428571,0.00952381,0.02142857,0.03809524,0.02857143,0.,0.01904762,0.01428571,0.01190476,0.0047619,0.00238095,0.01904762,0.00952381,0.00714286,0.00238095,0.00952381,0.01428571,0.01190476,0.,0.00714286,0.05238095,0.01428571,0.05,0.04047619,0.02142857,0.04285714,0.02142857,0.02857143,0.03095238,0.01904762,0.01428571,0.01666667,0.01428571,0.03095238,0.01666667,0.01904762,0.00238095,0.01428571,0.,0.01190476,0.00714286,0.01190476,0.00714286,0.00952381,0.,0.00238095,0.01428571,0.,0.02619048,0.01428571,0.01666667,0.02857143
0.01587302,0.01984127,0.01984127,0.01190476,0.01984127,0.01190476,0.01984127,0.00396825,0.00396825,0.01587302,0.00396825,0.00396825,0.00793651,0.02777778,0.03174603,0.03571429,0.01984127,0.03174603,0.03174603,0.01984127,0.00396825,0.,0.00793651,0.00793651,0.00793651,0.00396825,0.02777778,0.01190476,0.00396825,0.02777778,0.00793651,0.01984127,0.02777778,0.01587302,0.03174603,0.02777778,0.01190476,0.03174603,0.01984127,0.01190476,0.01587302,0.01190476,0.01587302,0.01984127,0.00396825,0.01190476,0.02777778,0.01190476,0.00396825,0.00793651,0.,0.03571429,0.03571429,0.00793651,0.01587302,0.00793651,0.,0.00396825,0.00793651,0.00396825,0.03174603,0.00396825,0.02777778,0.01984127
0.07894737,0.,0.01315789,0.,0.02631579,0.01315789,0.02631579,0.02631579,0.01315789,0.,0.,0.,0.,0.01315789,0.01315789,0.02631579,0.05263158,0.,0.01315789,0.,0.,0.,0.01315789,0.01315789,0.02631579,0.,0.01315789,0.,0.03947368,0.02631579,0.,0.02631579,0.05263158,0.03947368,0.02631579,0.02631579,0.02631579,0.01315789,0.01315789,0.02631579,0.01315789,0.01315789,0.,0.03947368,0.,0.01315789,0.02631579,0.03947368,0.,0.01315789,0.,0.03947368,0.02631579,0.01315789,0.,0.,0.01315789,0.,0.,0.,0.02631579,0.,0.02631579,0.
0.00954654,0.01193317,0.00238663,0.02386635,0.01193317,0.01431981,0.02147971,0.01193317,0.00954654,0.01670644,0.,0.0071599,0.01193317,0.00954654,0.01909308,0.03341289,0.01670644,0.0071599,0.01431981,0.0071599,0.03579952,0.,0.01909308,0.00954654,0.00477327,0.01193317,0.00477327,0.00954654,0.01431981,0.00954654,0.0071599,0.01670644,0.08830549,0.01909308,0.04295943,0.05011933,0.02147971,0.00477327,0.0071599,0.01909308,0.01193317,0.01193317,0.02386635,0.01431981,0.02147971,0.03102625,0.03579952,0.05011933,0.,0.00477327,0.,0.01193317,0.0071599,0.0071599,0.00477327,0.02386635,0.00238663,0.,0.00238663,0.,0.02147971,0.00238663,0.01909308,0.03579952
0.06060606,0.004329,0.004329,0.03896104,0.03896104,0.01298701,0.01731602,0.01298701,0.03030303,0.004329,0.,0.004329,0.02597403,0.01298701,0.02597403,0.04329004,0.02164502,0.004329,0.02164502,0.00865801,0.00865801,0.,0.00865801,0.00865801,0.02164502,0.,0.00865801,0.01298701,0.01298701,0.00865801,0.01298701,0.01731602,0.06926407,0.01298701,0.02597403,0.04329004,0.01298701,0.,0.,0.004329,0.02164502,0.004329,0.004329,0.01298701,0.03030303,0.01731602,0.01298701,0.02164502,0.,0.01731602,0.,0.02597403,0.004329,0.01298701,0.,0.01298701,0.004329,0.,0.00865801,0.01298701,0.03463203,0.,0.01731602,0.03896104
0.04428044,0.00369004,0.01291513,0.02583026,0.02767528,0.00922509,0.02214022,0.00922509,0.00369004,0.01107011,0.00553506,0.0202952,0.01476015,0.02214022,0.0295203,0.06457565,0.0202952,0.00184502,0.01291513,0.00922509,0.01660517,0.00184502,0.00184502,0.00922509,0.00369004,0.00553506,0.00738007,0.00369004,0.00369004,0.00369004,0.0202952,0.02398524,0.04797048,0.00369004,0.01107011,0.0295203,0.02767528,0.00922509,0.01291513,0.01107011,0.02214022,0.01107011,0.00369004,0.00553506,0.0295203,0.00922509,0.02214022,0.02214022,0.00184502,0.00738007,0.,0.04612546,0.01291513,0.00738007,0.00922509,0.00922509,0.,0.,0.00553506,0.00184502,0.04797048,0.01845018,0.02398524,0.05719557
0.06074766,0.03271028,0.02336449,0.01869159,0.01869159,0.01401869,0.02336449,0.0046729,0.,0.01401869,0.,0.,0.0046729,0.02803738,0.02336449,0.03738318,0.02803738,0.0046729,0.00934579,0.01401869,0.01401869,0.,0.0046729,0.00934579,0.0046729,0.01401869,0.01401869,0.02336449,0.00934579,0.02336449,0.00934579,0.02336449,0.05607477,0.02336449,0.0046729,0.04205607,0.02336449,0.0046729,0.0046729,0.02803738,0.02336449,0.01869159,0.00934579,0.00934579,0.00934579,0.02336449,0.02336449,0.01401869,0.0046729,0.00934579,0.,0.,0.02336449,0.0046729,0.00934579,0.0046729,0.,0.01401869,0.,0.,0.03738318,0.00934579,0.03271028,0.02336449
0.04230769,0.01538462,0.02692308,0.02692308,0.01923077,0.00384615,0.02692308,0.,0.01538462,0.01153846,0.00384615,0.03461538,0.,0.02692308,0.01923077,0.05,0.02692308,0.00769231,0.01153846,0.01538462,0.01923077,0.00384615,0.00384615,0.00384615,0.00384615,0.00769231,0.,0.02692308,0.02307692,0.01153846,0.01153846,0.01153846,0.02692308,0.02307692,0.01923077,0.03846154,0.01923077,0.01923077,0.02692308,0.00769231,0.04615385,0.01153846,0.01153846,0.01538462,0.00384615,0.01153846,0.00769231,0.01923077,0.00384615,0.00384615,0.,0.01153846,0.,0.00384615,0.00384615,0.02307692,0.,0.00769231,0.,0.00384615,0.05769231,0.01153846,0.01923077,0.03076923
0.01532567,0.01149425,0.01149425,0.01915709,0.02681992,0.01532567,0.01532567,0.01915709,0.01149425,0.01532567,0.00383142,0.03448276,0.01915709,0.02298851,0.0651341,0.04980843,0.01915709,0.00383142,0.01532567,0.01149425,0.,0.00383142,0.01149425,0.01149425,0.,0.,0.00383142,0.,0.02681992,0.00766284,0.01915709,0.01915709,0.01149425,0.00766284,0.00383142,0.01532567,0.01532567,0.01149425,0.00766284,0.02298851,0.01915709,0.00766284,0.02681992,0.01532567,0.03065134,0.01915709,0.01532567,0.04214559,0.,0.00766284,0.00383142,0.02298851,0.02298851,0.00766284,0.00766284,0.01532567,0.,0.00383142,0.01149425,0.00383142,0.03831418,0.00766284,0.01149425,0.05363985
0.03486529,0.0110935,0.02060222,0.022187,0.022187,0.01426307,0.02377179,0.00633914,0.00475436,0.00633914,0.00158479,0.01426307,0.01267829,0.03169572,0.01267829,0.0570523,0.01426307,0.00475436,0.00633914,0.01584786,0.01743265,0.,0.01584786,0.00950872,0.00950872,0.00316957,0.,0.00158479,0.00792393,0.00950872,0.00792393,0.01267829,0.01743265,0.01426307,0.03803487,0.03169572,0.02060222,0.01901743,0.03169572,0.02377179,0.03011094,0.01743265,0.02694136,0.01584786,0.02060222,0.03328051,0.02852615,0.03169572,0.00158479,0.00792393,0.,0.01267829,0.01267829,0.00792393,0.00316957,0.01426307,0.,0.00158479,0.00475436,0.00158479,0.03169572,0.01267829,0.01584786,0.03803487
0.03333333,0.02121212,0.02121212,0.03333333,0.02121212,0.00606061,0.01515152,0.00909091,0.00606061,0.02424242,0.0030303,0.01818182,0.00909091,0.02121212,0.02424242,0.04242424,0.02727273,0.0030303,0.01515152,0.01515152,0.00909091,0.01212121,0.01515152,0.0030303,0.01818182,0.,0.0030303,0.00909091,0.01515152,0.0030303,0.01212121,0.02424242,0.05757576,0.02424242,0.05151515,0.03333333,0.02121212,0.00909091,0.00909091,0.01818182,0.01515152,0.00606061,0.0030303,0.0030303,0.02121212,0.00909091,0.03030303,0.02121212,0.,0.,0.0030303,0.02121212,0.02424242,0.00606061,0.01515152,0.,0.,0.,0.02121212,0.00606061,0.02727273,0.00909091,0.01515152,0.02424242
0.04861111,0.02777778,0.,0.01388889,0.,0.02083333,0.02083333,0.,0.,0.01388889,0.,0.00694444,0.00694444,0.04166667,0.02777778,0.04861111,0.04861111,0.00694444,0.02083333,0.00694444,0.01388889,0.,0.01388889,0.,0.01388889,0.00694444,0.01388889,0.02083333,0.,0.00694444,0.02083333,0.,0.02777778,0.02083333,0.04166667,0.04166667,0.00694444,0.01388889,0.01388889,0.02777778,0.00694444,0.02777778,0.02777778,0.01388889,0.02083333,0.01388889,0.03472222,0.02083333,0.00694444,0.,0.,0.01388889,0.,0.00694444,0.,0.01388889,0.,0.00694444,0.,0.00694444,0.04861111,0.01388889,0.02777778,0.02083333
0.03324808,0.01278772,0.04092072,0.02813299,0.02046036,0.01023018,0.0230179,0.01023018,0.00255754,0.00767263,0.00511509,0.01534527,0.00511509,0.02813299,0.02557545,0.01534527,0.04092072,0.00511509,0.01278772,0.01023018,0.01790281,0.00767263,0.00255754,0.00255754,0.02046036,0.02046036,0.00767263,0.02046036,0.02046036,0.01790281,0.00511509,0.01278772,0.07161125,0.00767263,0.03069054,0.03069054,0.00511509,0.02046036,0.02046036,0.01023018,0.00767263,0.01534527,0.01278772,0.01790281,0.01023018,0.01278772,0.02813299,0.02046036,0.00255754,0.0230179,0.,0.03324808,0.00767263,0.00511509,0.00255754,0.00767263,0.,0.,0.01534527,0.00255754,0.02046036,0.01023018,0.00767263,0.03069054
0.03194888,0.01916933,0.04153355,0.03833866,0.01916933,0.01597444,0.00958466,0.00958466,0.00958466,0.00638978,0.,0.00958466,0.00638978,0.02236422,0.03194888,0.04153355,0.03194888,0.01277955,0.00958466,0.01597444,0.01277955,0.00638978,0.01597444,0.00958466,0.01277955,0.00958466,0.00319489,0.00958466,0.02236422,0.01597444,0.01277955,0.01277955,0.01916933,0.02236422,0.02555911,0.03194888,0.01916933,0.02236422,0.00958466,0.01916933,0.02236422,0.01916933,0.01597444,0.,0.,0.00958466,0.01916933,0.00958466,0.00319489,0.01916933,0.,0.02236422,0.01597444,0.,0.01277955,0.01597444,0.,0.00319489,0.01277955,0.01277955,0.01597444,0.02236422,0.01277955,0.03833866
0.02105263,0.01052632,0.01052632,0.02105263,0.01052632,0.02105263,0.02105263,0.01052632,0.,0.01052632,0.,0.02105263,0.,0.,0.04210526,0.04210526,0.,0.01052632,0.,0.02105263,0.,0.,0.01052632,0.,0.02105263,0.,0.,0.01052632,0.06315789,0.03157895,0.03157895,0.,0.01052632,0.,0.01052632,0.,0.03157895,0.,0.03157895,0.,0.03157895,0.02105263,0.04210526,0.02105263,0.02105263,0.04210526,0.,0.03157895,0.01052632,0.,0.,0.,0.02105263,0.01052632,0.03157895,0.01052632,0.,0.,0.04210526,0.,0.03157895,0.02105263,0.04210526,0.04210526
0.052,0.028,0.02,0.02,0.016,0.,0.02,0.004,0.012,0.008,0.016,0.008,0.016,0.02,0.032,0.048,0.016,0.,0.024,0.036,0.004,0.008,0.,0.016,0.,0.008,0.,0.008,0.008,0.008,0.012,0.012,0.064,0.012,0.016,0.032,0.04,0.016,0.008,0.02,0.028,0.008,0.004,0.012,0.012,0.012,0.016,0.016,0.,0.016,0.004,0.02,0.02,0.016,0.004,0.016,0.,0.008,0.008,0.012,0.028,0.012,0.024,0.016
0.03968254,0.01587302,0.02380952,0.01587302,0.,0.,0.01587302,0.02380952,0.00793651,0.01587302,0.02380952,0.00793651,0.00793651,0.,0.02380952,0.03968254,0.01587302,0.,0.01587302,0.02380952,0.01587302,0.,0.,0.01587302,0.01587302,0.,0.01587302,0.00793651,0.,0.01587302,0.01587302,0.00793651,0.06349206,0.01587302,0.02380952,0.01587302,0.07142857,0.01587302,0.01587302,0.02380952,0.03174603,0.,0.01587302,0.,0.00793651,0.01587302,0.00793651,0.00793651,0.,0.,0.,0.03968254,0.03174603,0.00793651,0.01587302,0.01587302,0.00793651,0.00793651,0.00793651,0.00793651,0.02380952,0.,0.03174603,0.03968254
0.04619226,0.01997503,0.02122347,0.02621723,0.01123596,0.01498127,0.01872659,0.00998752,0.00873908,0.01373283,0.00749064,0.01123596,0.00374532,0.01248439,0.01997503,0.03870162,0.02871411,0.00998752,0.02496879,0.02496879,0.01123596,0.00249688,0.00499376,0.0062422,0.00873908,0.0062422,0.00749064,0.0062422,0.0062422,0.01622971,0.00749064,0.02122347,0.05617978,0.02996255,0.0349563,0.02372035,0.01248439,0.01373283,0.01498127,0.02746567,0.01498127,0.0062422,0.01622971,0.01248439,0.01123596,0.02247191,0.01248439,0.01997503,0.00124844,0.01997503,0.,0.02247191,0.01373283,0.0062422,0.00499376,0.00873908,0.,0.00873908,0.0062422,0.00499376,0.02746567,0.01248439,0.02496879,0.02996255
0.04069767,0.02034884,0.02616279,0.03197674,0.01744186,0.00872093,0.02034884,0.00581395,0.00872093,0.00872093,0.01162791,0.00581395,0.00290698,0.02034884,0.0377907,0.00872093,0.02325581,0.00290698,0.02034884,0.01162791,0.00872093,0.00290698,0.00872093,0.01162791,0.01744186,0.00581395,0.00872093,0.01744186,0.01162791,0.01453488,0.01744186,0.0377907,0.0494186,0.01162791,0.02034884,0.03488372,0.01453488,0.00872093,0.02616279,0.02616279,0.01744186,0.01453488,0.02034884,0.01162791,0.01453488,0.01453488,0.02034884,0.01162791,0.,0.00872093,0.00290698,0.03197674,0.00581395,0.01453488,0.00581395,0.00581395,0.,0.00290698,0.01453488,0.00290698,0.03197674,0.00290698,0.01453488,0.04069767
0.06451613,0.02150538,0.01075269,0.01075269,0.,0.,0.02150538,0.,0.02150538,0.01075269,0.03225806,0.01075269,0.03225806,0.01075269,0.02150538,0.01075269,0.03225806,0.,0.01075269,0.02150538,0.01075269,0.01075269,0.01075269,0.01075269,0.,0.01075269,0.02150538,0.02150538,0.01075269,0.,0.,0.,0.03225806,0.01075269,0.02150538,0.05376344,0.,0.,0.02150538,0.01075269,0.,0.02150538,0.03225806,0.,0.,0.05376344,0.02150538,0.03225806,0.01075269,0.02150538,0.,0.01075269,0.01075269,0.02150538,0.,0.03225806,0.,0.,0.01075269,0.,0.01075269,0.01075269,0.05376344,0.04301075
0.03303303,0.003003,0.04204204,0.00900901,0.003003,0.003003,0.03303303,0.003003,0.003003,0.01201201,0.003003,0.00900901,0.003003,0.01201201,0.02402402,0.04204204,0.01801802,0.00600601,0.02402402,0.02402402,0.01501502,0.003003,0.03303303,0.01501502,0.01801802,0.01201201,0.01501502,0.01201201,0.01501502,0.02102102,0.01801802,0.01501502,0.03903904,0.01801802,0.02102102,0.03903904,0.01801802,0.02102102,0.03303303,0.003003,0.00900901,0.02702703,0.02702703,0.00900901,0.00900901,0.00600601,0.03603604,0.01501502,0.,0.00900901,0.003003,0.00900901,0.003003,0.003003,0.02102102,0.003003,0.,0.01501502,0.003003,0.003003,0.02102102,0.01201201,0.03003003,0.03303303
0.03324808,0.01278772,0.04092072,0.02813299,0.02046036,0.01023018,0.0230179,0.01023018,0.00255754,0.00767263,0.00511509,0.01534527,0.00511509,0.02813299,0.02557545,0.01534527,0.04092072,0.00767263,0.01278772,0.00767263,0.01790281,0.00767263,0.00255754,0.00255754,0.02046036,0.02046036,0.00767263,0.02046036,0.02046036,0.01790281,0.00511509,0.01278772,0.07161125,0.00767263,0.03069054,0.03069054,0.00511509,0.02046036,0.02046036,0.01023018,0.00767263,0.01534527,0.01278772,0.01790281,0.01023018,0.01278772,0.02813299,0.02046036,0.00255754,0.0230179,0.,0.03324808,0.00767263,0.00511509,0.00255754,0.00767263,0.,0.,0.01534527,0.00255754,0.02046036,0.01023018,0.00767263,0.03069054
0.02286402,0.02827918,0.01684717,0.03249097,0.0276775,0.01504212,0.03429603,0.0198556,0.00722022,0.00902527,0.,0.01323706,0.00300842,0.02226233,0.0078219,0.03008424,0.03128761,0.00601685,0.01263538,0.01143201,0.01684717,0.00060168,0.00722022,0.00902527,0.00722022,0.00421179,0.00300842,0.0078219,0.01143201,0.01203369,0.00661853,0.0156438,0.0709988,0.02105897,0.03910951,0.04993983,0.02286402,0.00722022,0.02105897,0.00902527,0.03008424,0.00962696,0.01383875,0.01925391,0.01624549,0.01805054,0.02466907,0.02226233,0.00060168,0.00902527,0.,0.01744886,0.01083032,0.00601685,0.00902527,0.01143201,0.,0.,0.00842359,0.00060168,0.0198556,0.01383875,0.0156438,0.02888087
0.04487179,0.01282051,0.01282051,0.01602564,0.01923077,0.,0.01602564,0.01282051,0.00961538,0.01282051,0.00641026,0.01282051,0.00961538,0.01923077,0.02564103,0.04487179,0.03846154,0.,0.02564103,0.04166667,0.,0.00320513,0.02564103,0.01602564,0.00961538,0.00320513,0.00961538,0.,0.00641026,0.01282051,0.01282051,0.02564103,0.02884615,0.00641026,0.04807692,0.03846154,0.00641026,0.01923077,0.0224359,0.01923077,0.01923077,0.00961538,0.0224359,0.01282051,0.01282051,0.01282051,0.02564103,0.03205128,0.00320513,0.00961538,0.,0.00961538,0.01602564,0.00641026,0.00320513,0.00641026,0.,0.00641026,0.00320513,0.00641026,0.03525641,0.01282051,0.01282051,0.02564103
0.03752345,0.01313321,0.03377111,0.0206379,0.01313321,0.00938086,0.01876173,0.01313321,0.01313321,0.01688555,0.00187617,0.00750469,0.00562852,0.01125704,0.03752345,0.02439024,0.03564728,0.00938086,0.02251407,0.0206379,0.01125704,0.00562852,0.00750469,0.00938086,0.01688555,0.00938086,0.01125704,0.00938086,0.01125704,0.01125704,0.01500938,0.01313321,0.05253283,0.01125704,0.02814259,0.06754221,0.00562852,0.01313321,0.0206379,0.00938086,0.01313321,0.00375235,0.00938086,0.00375235,0.01500938,0.01125704,0.00938086,0.00938086,0.,0.01500938,0.00187617,0.0206379,0.00938086,0.00750469,0.01500938,0.00562852,0.,0.,0.02251407,0.00375235,0.02251407,0.01313321,0.02439024,0.05816135
0.03496503,0.02097902,0.02622378,0.00699301,0.02797203,0.02797203,0.02272727,0.0034965,0.00174825,0.00874126,0.00699301,0.00874126,0.0034965,0.02447552,0.02797203,0.03321678,0.03321678,0.01573427,0.01748252,0.02097902,0.01048951,0.00524476,0.01398601,0.0034965,0.01048951,0.01398601,0.01223776,0.01223776,0.01398601,0.03146853,0.00524476,0.03146853,0.04020979,0.01398601,0.02622378,0.04545455,0.02272727,0.02447552,0.01923077,0.01223776,0.02097902,0.01923077,0.01223776,0.00874126,0.01223776,0.01923077,0.01573427,0.00524476,0.00174825,0.00524476,0.,0.02622378,0.01048951,0.01223776,0.01398601,0.00524476,0.,0.0034965,0.,0.,0.02447552,0.01048951,0.01573427,0.01398601
0.03322259,0.00664452,0.02990033,0.00996678,0.01993355,0.00332226,0.01993355,0.,0.,0.00996678,0.00664452,0.00332226,0.00664452,0.02657807,0.02657807,0.01993355,0.02657807,0.01993355,0.01328904,0.01993355,0.01328904,0.00664452,0.00332226,0.01328904,0.00996678,0.00664452,0.0166113,0.00996678,0.00332226,0.00996678,0.00996678,0.01328904,0.05647841,0.01328904,0.04983389,0.02990033,0.04318937,0.02325581,0.02325581,0.0166113,0.00996678,0.01328904,0.01993355,0.02325581,0.01993355,0.02325581,0.03322259,0.0166113,0.00332226,0.00996678,0.,0.01328904,0.01328904,0.00996678,0.00996678,0.00332226,0.,0.,0.02990033,0.,0.02990033,0.00332226,0.01328904,0.02657807
0.01694915,0.00677966,0.00677966,0.02372881,0.02033898,0.01016949,0.02033898,0.00338983,0.01355932,0.00338983,0.01016949,0.00338983,0.00677966,0.01694915,0.02033898,0.02711864,0.02033898,0.01355932,0.02033898,0.01355932,0.,0.00338983,0.01016949,0.01694915,0.02372881,0.01016949,0.01355932,0.00677966,0.01016949,0.01694915,0.01016949,0.01694915,0.0440678,0.02033898,0.03050847,0.04067797,0.03389831,0.03050847,0.01016949,0.03050847,0.03050847,0.02711864,0.01694915,0.01355932,0.01694915,0.02372881,0.01694915,0.01694915,0.00338983,0.01016949,0.,0.03050847,0.00677966,0.00677966,0.01355932,0.00677966,0.,0.00677966,0.01016949,0.00677966,0.01016949,0.01355932,0.01694915,0.03728814
0.02978723,0.0212766,0.01276596,0.01702128,0.02553191,0.01276596,0.0212766,0.00425532,0.00425532,0.00851064,0.,0.00425532,0.01276596,0.00851064,0.02553191,0.01276596,0.02978723,0.01702128,0.00851064,0.03829787,0.01702128,0.00851064,0.,0.,0.01276596,0.02553191,0.01276596,0.01702128,0.0212766,0.01276596,0.00851064,0.0212766,0.04680851,0.01276596,0.02553191,0.03404255,0.02978723,0.01276596,0.01702128,0.02978723,0.0212766,0.01276596,0.01276596,0.00425532,0.00851064,0.01702128,0.01276596,0.01702128,0.,0.01276596,0.,0.00425532,0.00425532,0.02978723,0.01702128,0.00425532,0.00425532,0.00851064,0.00851064,0.,0.03829787,0.02553191,0.0212766,0.03404255
0.02614379,0.,0.00653595,0.02287582,0.01960784,0.0130719,0.02614379,0.00326797,0.0130719,0.00980392,0.00653595,0.0130719,0.0130719,0.04575163,0.03594771,0.03267974,0.00653595,0.00326797,0.0130719,0.01633987,0.00326797,0.,0.00980392,0.01633987,0.00326797,0.00653595,0.,0.00326797,0.0130719,0.02614379,0.0130719,0.04901961,0.0130719,0.00980392,0.00980392,0.0130719,0.01633987,0.00653595,0.01960784,0.01633987,0.02614379,0.01633987,0.01960784,0.04248366,0.01633987,0.03267974,0.00980392,0.02614379,0.,0.00653595,0.,0.02614379,0.01633987,0.00326797,0.00653595,0.00980392,0.00326797,0.00653595,0.02614379,0.00653595,0.03594771,0.0130719,0.03267974,0.04248366
0.04666667,0.01,0.03333333,0.02333333,0.02333333,0.01,0.02,0.,0.00666667,0.03333333,0.01333333,0.01333333,0.00666667,0.01666667,0.01666667,0.02666667,0.02333333,0.00666667,0.,0.02,0.01333333,0.00666667,0.01,0.02333333,0.01,0.00333333,0.01,0.00666667,0.01333333,0.01333333,0.01,0.01333333,0.04666667,0.03,0.01,0.04333333,0.02,0.02,0.02,0.00333333,0.01,0.01,0.01,0.01,0.01666667,0.01,0.01666667,0.02,0.00333333,0.01,0.,0.04666667,0.00666667,0.01333333,0.01333333,0.00333333,0.,0.,0.01333333,0.01333333,0.03333333,0.00666667,0.01,0.04666667
0.06285714,0.01142857,0.02285714,0.02285714,0.01142857,0.00571429,0.01142857,0.01142857,0.,0.,0.01142857,0.01714286,0.01714286,0.00571429,0.02285714,0.04571429,0.04,0.,0.00571429,0.01142857,0.01142857,0.00571429,0.00571429,0.01142857,0.00571429,0.01142857,0.00571429,0.01142857,0.01142857,0.01142857,0.01142857,0.03428571,0.06285714,0.,0.,0.02285714,0.01714286,0.00571429,0.01142857,0.01714286,0.03428571,0.,0.02285714,0.01714286,0.01714286,0.01714286,0.02857143,0.02285714,0.,0.01142857,0.,0.04571429,0.,0.,0.01142857,0.01142857,0.00571429,0.01714286,0.00571429,0.,0.03428571,0.00571429,0.04,0.04
0.03614458,0.01204819,0.03915663,0.01807229,0.02108434,0.0060241,0.03012048,0.0060241,0.00903614,0.01506024,0.00301205,0.01506024,0.00903614,0.01204819,0.02409639,0.03915663,0.02409639,0.01204819,0.02108434,0.02108434,0.01204819,0.00301205,0.01506024,0.00301205,0.02409639,0.00301205,0.0060241,0.01506024,0.01807229,0.0060241,0.,0.01506024,0.03915663,0.01204819,0.04216867,0.03614458,0.01506024,0.01204819,0.01506024,0.00903614,0.01204819,0.01506024,0.02108434,0.01204819,0.01807229,0.01506024,0.01506024,0.03313253,0.00301205,0.00301205,0.,0.02409639,0.,0.01506024,0.01204819,0.0060241,0.,0.,0.01506024,0.00301205,0.03915663,0.01506024,0.03012048,0.01807229
0.03940887,0.00738916,0.05172414,0.02216749,0.01724138,0.01231527,0.01724138,0.00246305,0.01477833,0.00985222,0.00492611,0.00246305,0.,0.01970443,0.01970443,0.02216749,0.04433498,0.00738916,0.01477833,0.03448276,0.00492611,0.00492611,0.01477833,0.00985222,0.02955665,0.01724138,0.02463054,0.01724138,0.00738916,0.02216749,0.01477833,0.00738916,0.0270936,0.00246305,0.03694581,0.04433498,0.00246305,0.01970443,0.03448276,0.00492611,0.01477833,0.00738916,0.02216749,0.00985222,0.01231527,0.00492611,0.02955665,0.00738916,0.00246305,0.01970443,0.,0.02463054,0.,0.00738916,0.00246305,0.,0.,0.00985222,0.01231527,0.00738916,0.01970443,0.02463054,0.01231527,0.03694581
0.04271357,0.0201005,0.00753769,0.02512563,0.02763819,0.01758794,0.01758794,0.00251256,0.00251256,0.01005025,0.01005025,0.,0.00502513,0.02763819,0.02512563,0.03266332,0.03517588,0.0201005,0.01256281,0.02763819,0.00502513,0.00251256,0.00251256,0.01256281,0.00753769,0.00251256,0.00753769,0.00753769,0.01507538,0.00753769,0.01256281,0.01256281,0.04020101,0.0201005,0.02763819,0.03266332,0.04271357,0.01758794,0.02261307,0.00753769,0.04773869,0.02261307,0.01256281,0.01507538,0.0201005,0.02763819,0.01256281,0.02763819,0.,0.01256281,0.,0.01256281,0.01507538,0.01005025,0.00753769,0.00502513,0.00251256,0.00502513,0.00753769,0.00753769,0.02512563,0.00251256,0.01005025,0.01507538
0.04819277,0.01204819,0.02409639,0.02409639,0.03614458,0.01204819,0.0060241,0.,0.01204819,0.,0.01204819,0.01204819,0.01204819,0.01807229,0.03614458,0.04216867,0.02409639,0.0060241,0.01204819,0.0060241,0.,0.,0.01204819,0.0060241,0.02409639,0.0060241,0.01807229,0.01204819,0.01204819,0.,0.01204819,0.01204819,0.04216867,0.01807229,0.04216867,0.03614458,0.01807229,0.01204819,0.03012048,0.,0.03012048,0.01204819,0.03012048,0.0060241,0.01204819,0.01204819,0.03614458,0.01204819,0.0060241,0.01204819,0.,0.03012048,0.,0.,0.01204819,0.,0.,0.,0.01204819,0.,0.03614458,0.0060241,0.03012048,0.03614458
0.02487562,0.0199005,0.00995025,0.01492537,0.01492537,0.02985075,0.01492537,0.,0.,0.00995025,0.,0.,0.00497512,0.03482587,0.03482587,0.039801,0.01492537,0.00995025,0.02487562,0.00497512,0.00995025,0.01492537,0.,0.,0.00497512,0.00497512,0.00995025,0.00497512,0.00995025,0.05472637,0.02487562,0.03482587,0.,0.00497512,0.00497512,0.01492537,0.03482587,0.0199005,0.01492537,0.0199005,0.00995025,0.0199005,0.0199005,0.0199005,0.0199005,0.0199005,0.00995025,0.02487562,0.,0.,0.,0.02487562,0.0199005,0.00497512,0.02487562,0.00497512,0.00497512,0.00995025,0.03482587,0.00497512,0.01492537,0.03482587,0.02985075,0.04477612
0.05035971,0.02158273,0.01438849,0.03597122,0.00719424,0.02158273,0.02158273,0.04316547,0.00719424,0.00719424,0.02158273,0.00719424,0.01438849,0.01438849,0.03597122,0.04316547,0.01438849,0.,0.01438849,0.01438849,0.00719424,0.,0.,0.,0.00719424,0.,0.00719424,0.02158273,0.02158273,0.,0.00719424,0.02877698,0.03597122,0.02877698,0.02158273,0.02158273,0.,0.,0.00719424,0.02877698,0.01438849,0.,0.00719424,0.,0.01438849,0.02877698,0.02158273,0.00719424,0.00719424,0.02158273,0.,0.,0.02877698,0.00719424,0.00719424,0.01438849,0.,0.00719424,0.02158273,0.02158273,0.02877698,0.00719424,0.03597122,0.04316547
0.00757576,0.01893939,0.01515152,0.01893939,0.02272727,0.,0.02651515,0.,0.,0.00378788,0.00757576,0.00757576,0.01515152,0.03409091,0.03787879,0.06818182,0.01515152,0.00757576,0.,0.00378788,0.01136364,0.00378788,0.01893939,0.00757576,0.01515152,0.00378788,0.01136364,0.00378788,0.01893939,0.02651515,0.01893939,0.03409091,0.01515152,0.02272727,0.01515152,0.01515152,0.01515152,0.01136364,0.04545455,0.01893939,0.02272727,0.00757576,0.01893939,0.00757576,0.01136364,0.01893939,0.02272727,0.03409091,0.,0.01136364,0.,0.02651515,0.01136364,0.01893939,0.00757576,0.01893939,0.00378788,0.00378788,0.01136364,0.,0.02651515,0.01136364,0.01136364,0.04924242
0.02531646,0.00843882,0.01265823,0.01265823,0.01265823,0.,0.02531646,0.00843882,0.00421941,0.00421941,0.,0.01687764,0.00843882,0.02531646,0.02109705,0.03375527,0.03375527,0.00421941,0.00843882,0.02531646,0.01687764,0.00421941,0.00843882,0.00843882,0.00843882,0.,0.00421941,0.00421941,0.03375527,0.01687764,0.00421941,0.03797468,0.00843882,0.01687764,0.00843882,0.01265823,0.01687764,0.00421941,0.02109705,0.01687764,0.00843882,0.01265823,0.01265823,0.02531646,0.02953586,0.01265823,0.02109705,0.01687764,0.00421941,0.01265823,0.,0.02531646,0.00421941,0.01687764,0.02109705,0.00843882,0.,0.,0.03797468,0.,0.05907173,0.03375527,0.0464135,0.0464135
0.04137931,0.01793103,0.02344828,0.03034483,0.02758621,0.00965517,0.01655172,0.00551724,0.00689655,0.00551724,0.00551724,0.00827586,0.00689655,0.02896552,0.03310345,0.04,0.03862069,0.01655172,0.01517241,0.01655172,0.01655172,0.00275862,0.00827586,0.00275862,0.01241379,0.00551724,0.00413793,0.00689655,0.0137931,0.02758621,0.00413793,0.02344828,0.03034483,0.01517241,0.02482759,0.02206897,0.02206897,0.02068966,0.00551724,0.01241379,0.01241379,0.01655172,0.0137931,0.01103448,0.01517241,0.02482759,0.01103448,0.02206897,0.00137931,0.02068966,0.,0.02482759,0.00965517,0.00137931,0.00827586,0.01655172,0.,0.00413793,0.00413793,0.00413793,0.04275862,0.01655172,0.01517241,0.02758621
0.07407407,0.,0.07407407,0.03703704,0.,0.,0.,0.,0.,0.,0.,0.,0.,0.03703704,0.07407407,0.11111111,0.,0.,0.,0.,0.,0.,0.,0.,0.,0.,0.,0.,0.03703704,0.,0.,0.,0.,0.,0.03703704,0.,0.07407407,0.,0.,0.,0.,0.03703704,0.,0.03703704,0.07407407,0.,0.03703704,0.03703704,0.03703704,0.,0.,0.,0.03703704,0.,0.,0.,0.,0.,0.03703704,0.,0.,0.,0.03703704,0.07407407
0.03225806,0.01612903,0.03225806,0.02419355,0.01612903,0.,0.00806452,0.01612903,0.01612903,0.01612903,0.01612903,0.,0.00806452,0.01612903,0.05645161,0.03225806,0.02419355,0.,0.,0.02419355,0.,0.,0.00806452,0.02419355,0.02419355,0.,0.01612903,0.01612903,0.01612903,0.03225806,0.,0.03225806,0.06451613,0.01612903,0.03225806,0.03225806,0.01612903,0.,0.04032258,0.,0.02419355,0.00806452,0.00806452,0.,0.00806452,0.03225806,0.01612903,0.00806452,0.,0.,0.,0.0483871,0.,0.00806452,0.,0.02419355,0.00806452,0.,0.00806452,0.00806452,0.0483871,0.,0.,0.01612903
0.0297619,0.00595238,0.03571429,0.,0.01785714,0.01190476,0.01190476,0.01785714,0.00595238,0.00595238,0.,0.,0.01190476,0.01190476,0.02380952,0.05357143,0.01785714,0.,0.02380952,0.01190476,0.,0.,0.,0.01785714,0.01785714,0.00595238,0.01190476,0.01785714,0.,0.,0.,0.,0.08928571,0.01190476,0.04761905,0.02380952,0.0297619,0.,0.02380952,0.01785714,0.02380952,0.0297619,0.01785714,0.0297619,0.01785714,0.01785714,0.01785714,0.02380952,0.,0.01190476,0.,0.05357143,0.00595238,0.00595238,0.01785714,0.00595238,0.00595238,0.00595238,0.01785714,0.00595238,0.02380952,0.00595238,0.01190476,0.0297619
0.02061856,0.01030928,0.01030928,0.01030928,0.03092784,0.,0.01030928,0.,0.01030928,0.01030928,0.,0.03092784,0.,0.02061856,0.05154639,0.06185567,0.03092784,0.01030928,0.03092784,0.01030928,0.01030928,0.01030928,0.01030928,0.01030928,0.01030928,0.,0.01030928,0.,0.02061856,0.02061856,0.,0.04123711,0.01030928,0.,0.04123711,0.02061856,0.02061856,0.01030928,0.04123711,0.02061856,0.01030928,0.02061856,0.01030928,0.01030928,0.01030928,0.01030928,0.03092784,0.03092784,0.,0.,0.,0.01030928,0.01030928,0.,0.02061856,0.,0.01030928,0.,0.02061856,0.01030928,0.03092784,0.02061856,0.01030928,0.05154639
0.01034483,0.01034483,0.02413793,0.02413793,0.01034483,0.01034483,0.02758621,0.00689655,0.0137931,0.01034483,0.01724138,0.00344828,0.01034483,0.01724138,0.03103448,0.02068966,0.02758621,0.00689655,0.00689655,0.02758621,0.01724138,0.,0.01034483,0.0137931,0.01724138,0.00344828,0.,0.02413793,0.00344828,0.00689655,0.00689655,0.04137931,0.06206897,0.0137931,0.03103448,0.04827586,0.02068966,0.01034483,0.0137931,0.02758621,0.03103448,0.00344828,0.00689655,0.0137931,0.02413793,0.01034483,0.01724138,0.0137931,0.,0.0137931,0.,0.02758621,0.01034483,0.00689655,0.,0.01034483,0.00344828,0.00344828,0.01034483,0.00689655,0.02413793,0.00689655,0.03103448,0.03448276
0.02040816,0.0170068,0.00680272,0.01360544,0.0170068,0.0170068,0.0170068,0.00340136,0.,0.00680272,0.,0.0170068,0.00680272,0.02721088,0.04421769,0.07142857,0.02721088,0.00340136,0.00340136,0.00680272,0.0170068,0.,0.00340136,0.02040816,0.01360544,0.00340136,0.00680272,0.01020408,0.0170068,0.01360544,0.03061224,0.01020408,0.01020408,0.00680272,0.01360544,0.02721088,0.01360544,0.00680272,0.02040816,0.0170068,0.01020408,0.01020408,0.02040816,0.02040816,0.01020408,0.03061224,0.02380952,0.02380952,0.00340136,0.00680272,0.,0.02380952,0.01020408,0.01020408,0.02721088,0.00680272,0.,0.,0.01020408,0.00680272,0.03061224,0.02721088,0.02380952,0.07482993
0.0125,0.0125,0.0125,0.,0.,0.,0.00625,0.,0.,0.0125,0.00625,0.025,0.00625,0.0375,0.0125,0.01875,0.0375,0.,0.0125,0.0125,0.,0.,0.0125,0.025,0.025,0.00625,0.,0.0125,0.01875,0.03125,0.0125,0.01875,0.0625,0.025,0.0375,0.06875,0.01875,0.00625,0.01875,0.0125,0.01875,0.0125,0.00625,0.00625,0.025,0.0125,0.04375,0.025,0.,0.0125,0.,0.0375,0.0125,0.0125,0.025,0.,0.00625,0.,0.00625,0.00625,0.0125,0.025,0.025,0.03125
0.02493075,0.01939058,0.02493075,0.00831025,0.02216066,0.00831025,0.02216066,0.00831025,0.01108033,0.00831025,0.00831025,0.00277008,0.00831025,0.01939058,0.01939058,0.03601108,0.02770083,0.00554017,0.01108033,0.01939058,0.01385042,0.,0.00831025,0.01385042,0.01939058,0.01385042,0.01385042,0.00554017,0.0166205,0.0166205,0.00831025,0.02216066,0.04432133,0.01939058,0.03878116,0.02493075,0.01939058,0.01385042,0.01939058,0.02770083,0.01939058,0.0166205,0.02216066,0.0166205,0.01108033,0.03601108,0.0166205,0.01939058,0.,0.0166205,0.,0.0166205,0.01939058,0.00554017,0.00831025,0.00831025,0.00277008,0.00277008,0.01385042,0.00831025,0.01939058,0.00277008,0.02216066,0.01939058
0.04587156,0.,0.04587156,0.,0.02752294,0.00917431,0.,0.00917431,0.,0.,0.,0.00917431,0.01834862,0.02752294,0.03669725,0.01834862,0.01834862,0.00917431,0.,0.03669725,0.05504587,0.,0.,0.01834862,0.00917431,0.01834862,0.,0.,0.,0.00917431,0.01834862,0.04587156,0.06422018,0.00917431,0.04587156,0.03669725,0.00917431,0.,0.03669725,0.00917431,0.02752294,0.,0.03669725,0.00917431,0.00917431,0.01834862,0.02752294,0.00917431,0.00917431,0.00917431,0.,0.01834862,0.,0.00917431,0.00917431,0.02752294,0.,0.,0.00917431,0.00917431,0.00917431,0.,0.01834862,0.03669725
0.04126547,0.02338377,0.01925722,0.02200825,0.02338377,0.00412655,0.02888583,0.00687758,0.00275103,0.01650619,0.00275103,0.00962861,0.00275103,0.01375516,0.03163686,0.04401651,0.03163686,0.00825309,0.01375516,0.00687758,0.02063274,0.,0.00687758,0.00137552,0.01375516,0.00962861,0.00412655,0.02063274,0.01100413,0.01788171,0.01237964,0.02475928,0.05502063,0.02200825,0.03851444,0.03163686,0.01375516,0.01100413,0.03026135,0.01237964,0.02475928,0.01237964,0.00962861,0.00825309,0.01513067,0.00962861,0.02063274,0.00962861,0.00137552,0.01925722,0.,0.03301238,0.00687758,0.00962861,0.01375516,0.00825309,0.,0.00275103,0.01788171,0.00687758,0.01788171,0.00687758,0.01375516,0.02063274
