0.11111111,0.02947846,0.00453515,0.05895692,0.02494331,0.00907029,0.00226757,0.01814059,0.00907029,0.01360544,0.00226757,0.02494331,0.04761905,0.04761905,0.02040816,0.02040816,0.03628118,0.,0.00226757,0.02040816,0.01360544,0.00226757,0.,0.00907029,0.,0.00453515,0.,0.00226757,0.00907029,0.00453515,0.,0.02947846,0.06349206,0.01133787,0.,0.0430839,0.02721088,0.00680272,0.00226757,0.02947846,0.02267574,0.00226757,0.00907029,0.00907029,0.00226757,0.00226757,0.01360544,0.01814059,0.00226757,0.01133787,0.,0.02040816,0.00907029,0.00226757,0.,0.01587302,0.,0.00226757,0.,0.00680272,0.03854875,0.00907029,0.00453515,0.03628118
0.03456221,0.,0.00691244,0.0437788,0.01152074,0.00230415,0.00691244,0.04147465,0.00460829,0.00460829,0.,0.02534562,0.03456221,0.02304147,0.03686636,0.0437788,0.01382488,0.00460829,0.,0.00921659,0.01152074,0.,0.,0.02073733,0.,0.,0.,0.00921659,0.00230415,0.00230415,0.,0.06682028,0.02995392,0.,0.00460829,0.02995392,0.02304147,0.00921659,0.00691244,0.03456221,0.03686636,0.00460829,0.00921659,0.02073733,0.03456221,0.00460829,0.00460829,0.03686636,0.00230415,0.,0.,0.02073733,0.01612903,0.,0.,0.01612903,0.,0.00230415,0.00460829,0.01382488,0.06451613,0.00460829,0.04147465,0.06221198
0.0923913,0.01630435,0.00543478,0.02173913,0.02173913,0.,0.,0.02173913,0.0326087,0.,0.,0.01086957,0.01086957,0.01630435,0.02717391,0.01086957,0.,0.01086957,0.,0.0326087,0.01630435,0.,0.,0.01086957,0.,0.00543478,0.,0.00543478,0.01086957,0.00543478,0.,0.00543478,0.14673913,0.,0.01086957,0.02717391,0.04891304,0.00543478,0.02173913,0.05978261,0.01086957,0.01630435,0.,0.02173913,0.03804348,0.,0.,0.01630435,0.00543478,0.00543478,0.,0.02717391,0.,0.,0.,0.00543478,0.,0.00543478,0.01630435,0.02173913,0.0326087,0.,0.01086957,0.05434783
0.07142857,0.,0.,0.03571429,0.03571429,0.,0.,0.,0.,0.,0.,0.,0.03571429,0.03571429,0.07142857,0.01785714,0.,0.01785714,0.,0.,0.01785714,0.,0.,0.,0.,0.,0.,0.,0.01785714,0.,0.03571429,0.05357143,0.05357143,0.,0.01785714,0.,0.01785714,0.01785714,0.,0.03571429,0.,0.03571429,0.,0.01785714,0.03571429,0.,0.,0.05357143,0.01785714,0.,0.,0.01785714,0.,0.,0.,0.,0.,0.,0.01785714,0.,0.08928571,0.01785714,0.05357143,0.05357143
0.06997743,0.00451467,0.00677201,0.04063205,0.02031603,0.00451467,0.00451467,0.00677201,0.03386005,0.00902935,0.00225734,0.03611738,0.01805869,0.02257336,0.02708804,0.03160271,0.02031603,0.00225734,0.00225734,0.0248307,0.00677201,0.,0.,0.01354402,0.,0.,0.,0.01354402,0.,0.00451467,0.,0.03837472,0.06772009,0.00902935,0.0248307,0.04063205,0.02257336,0.00451467,0.00677201,0.05417607,0.01805869,0.00451467,0.00677201,0.01128668,0.02257336,0.,0.01580135,0.03386005,0.00225734,0.00451467,0.,0.0248307,0.00902935,0.,0.,0.01354402,0.,0.00225734,0.01354402,0.01128668,0.04514673,0.00225734,0.0248307,0.03837472
0.07824427,0.00763359,0.02099237,0.05916031,0.00572519,0.00381679,0.,0.00763359,0.00954198,0.00572519,0.00572519,0.01908397,0.02671756,0.01908397,0.01717557,0.05916031,0.01908397,0.00572519,0.00381679,0.01717557,0.01145038,0.,0.00381679,0.01335878,0.0019084,0.00381679,0.,0.00954198,0.00381679,0.0019084,0.0019084,0.02671756,0.07633588,0.0019084,0.01145038,0.06870229,0.01908397,0.00381679,0.00381679,0.04580153,0.02480916,0.00572519,0.0019084,0.01335878,0.01717557,0.00381679,0.00572519,0.01908397,0.0019084,0.,0.,0.02099237,0.0019084,0.,0.00381679,0.02290076,0.,0.00381679,0.00381679,0.01908397,0.05343511,0.0019084,0.01717557,0.05725191
0.07264957,0.03846154,0.02564103,0.04700855,0.02136752,0.00854701,0.0042735,0.02564103,0.02136752,0.02991453,0.,0.02564103,0.06410256,0.03846154,0.01282051,0.00854701,0.03846154,0.,0.,0.0042735,0.00854701,0.,0.,0.01282051,0.0042735,0.,0.,0.0042735,0.02136752,0.00854701,0.,0.02564103,0.05982906,0.01282051,0.0042735,0.04700855,0.02564103,0.0042735,0.01282051,0.02564103,0.01282051,0.01282051,0.,0.00854701,0.01709402,0.0042735,0.0042735,0.00854701,0.,0.03418803,0.,0.01709402,0.01282051,0.,0.0042735,0.00854701,0.0042735,0.,0.,0.,0.03418803,0.00854701,0.01282051,0.02991453
0.06799337,0.01658375,0.00829187,0.03814262,0.01160862,0.01492537,0.,0.0199005,0.02321725,0.01824212,0.00165837,0.01160862,0.02819237,0.02155887,0.03150912,0.02487562,0.0199005,0.00497512,0.00331675,0.00829187,0.02321725,0.,0.00165837,0.02155887,0.,0.00829187,0.,0.01658375,0.00331675,0.00165837,0.,0.03648425,0.07960199,0.00829187,0.01492537,0.05306799,0.0199005,0.00331675,0.00829187,0.0331675,0.02487562,0.02321725,0.00829187,0.02819237,0.0331675,0.,0.01492537,0.03648425,0.00165837,0.00331675,0.,0.00995025,0.0066335,0.,0.00165837,0.00995025,0.,0.00165837,0.00165837,0.,0.03482587,0.00995025,0.00829187,0.0331675
0.10897436,0.02884615,0.00961538,0.07692308,0.02403846,0.01282051,0.00160256,0.01282051,0.01442308,0.01442308,0.,0.01762821,0.04166667,0.03044872,0.00961538,0.04807692,0.02724359,0.00320513,0.00160256,0.01762821,0.00961538,0.,0.,0.01121795,0.00160256,0.,0.,0.,0.01442308,0.,0.00160256,0.03525641,0.06891026,0.01121795,0.00641026,0.04807692,0.01442308,0.00961538,0.,0.00641026,0.01923077,0.00160256,0.00480769,0.00641026,0.01923077,0.00160256,0.00160256,0.01442308,0.00160256,0.01602564,0.,0.0400641,0.01442308,0.00480769,0.00160256,0.00480769,0.,0.00480769,0.,0.00480769,0.04166667,0.00320513,0.00320513,0.04967949
0.11320755,0.03773585,0.01886792,0.05660377,0.03773585,0.,0.,0.01886792,0.,0.01886792,0.,0.03773585,0.01886792,0.,0.03773585,0.05660377,0.03773585,0.,0.,0.,0.,0.,0.,0.01886792,0.,0.,0.,0.,0.01886792,0.,0.01886792,0.03773585,0.05660377,0.,0.03773585,0.0754717,0.01886792,0.,0.,0.01886792,0.01886792,0.01886792,0.,0.01886792,0.,0.,0.,0.,0.01886792,0.,0.,0.,0.,0.,0.,0.01886792,0.,0.,0.,0.,0.03773585,0.,0.,0.0754717
0.08542714,0.01005025,0.01507538,0.04020101,0.,0.,0.00502513,0.0201005,0.01507538,0.02512563,0.00502513,0.03015075,0.0201005,0.01005025,0.0201005,0.05025126,0.03015075,0.,0.00502513,0.0201005,0.02512563,0.00502513,0.,0.01507538,0.,0.00502513,0.,0.,0.01507538,0.00502513,0.,0.04020101,0.05527638,0.,0.01005025,0.06030151,0.0201005,0.,0.00502513,0.01507538,0.01005025,0.00502513,0.00502513,0.01507538,0.02512563,0.,0.00502513,0.0201005,0.,0.00502513,0.00502513,0.04020101,0.01005025,0.00502513,0.,0.0201005,0.,0.,0.01005025,0.00502513,0.05025126,0.00502513,0.0201005,0.05527638
0.07612457,0.01384083,0.01038062,0.0899654,0.01730104,0.00692042,0.00346021,0.01730104,0.01730104,0.01038062,0.,0.03460208,0.01730104,0.01038062,0.01384083,0.05882353,0.01730104,0.,0.,0.01038062,0.00692042,0.,0.,0.01038062,0.,0.01038062,0.00346021,0.00346021,0.01038062,0.01384083,0.,0.02076125,0.05190311,0.00692042,0.01038062,0.05190311,0.03114187,0.01038062,0.01038062,0.02076125,0.02076125,0.01730104,0.00346021,0.01730104,0.01730104,0.00346021,0.00346021,0.03806228,0.,0.00346021,0.00346021,0.01384083,0.01038062,0.01038062,0.,0.00692042,0.,0.00346021,0.00346021,0.,0.06228374,0.00346021,0.01730104,0.04152249
0.06688963,0.00668896,0.03010033,0.06688963,0.00668896,0.00334448,0.,0.01672241,0.01672241,0.03010033,0.,0.03010033,0.02675585,0.01672241,0.01672241,0.04682274,0.02341137,0.,0.00334448,0.,0.00334448,0.,0.,0.01672241,0.,0.00668896,0.,0.,0.01003344,0.00334448,0.,0.0367893,0.04682274,0.00668896,0.01337793,0.0367893,0.03344482,0.00668896,0.00668896,0.05685619,0.0367893,0.00334448,0.,0.03010033,0.,0.00334448,0.01337793,0.03010033,0.00334448,0.,0.,0.02006689,0.01337793,0.00334448,0.,0.01003344,0.,0.00334448,0.01337793,0.,0.05016722,0.,0.01672241,0.05685619
0.10121457,0.01214575,0.,0.03238866,0.00809717,0.00809717,0.,0.00809717,0.0242915,0.02024291,0.00404858,0.0242915,0.03643725,0.02024291,0.03238866,0.01214575,0.03643725,0.,0.,0.01619433,0.,0.00809717,0.,0.01619433,0.,0.00404858,0.,0.00809717,0.00809717,0.00404858,0.,0.03238866,0.05263158,0.00809717,0.02024291,0.04453441,0.00809717,0.00809717,0.01214575,0.02024291,0.02024291,0.00809717,0.,0.04048583,0.03238866,0.,0.01619433,0.01214575,0.,0.01214575,0.,0.03238866,0.01619433,0.00404858,0.,0.01619433,0.00404858,0.01619433,0.00404858,0.01619433,0.048583,0.00809717,0.00404858,0.03643725
0.13333333,0.,0.01111111,0.05555556,0.01111111,0.01111111,0.,0.02222222,0.01111111,0.03333333,0.,0.,0.,0.02222222,0.03333333,0.06666667,0.01111111,0.01111111,0.,0.,0.,0.,0.,0.,0.,0.,0.,0.,0.,0.02222222,0.,0.06666667,0.03333333,0.01111111,0.,0.01111111,0.,0.,0.,0.,0.02222222,0.,0.,0.02222222,0.02222222,0.,0.01111111,0.04444444,0.01111111,0.02222222,0.,0.03333333,0.,0.,0.,0.02222222,0.,0.,0.01111111,0.,0.03333333,0.,0.,0.16666667
0.09482759,0.01293103,0.02155172,0.07758621,0.00862069,0.,0.,0.00862069,0.00862069,0.02155172,0.,0.02155172,0.03448276,0.02155172,0.01293103,0.05603448,0.0387931,0.00431034,0.,0.02155172,0.02586207,0.,0.00431034,0.02155172,0.,0.,0.,0.,0.01293103,0.00431034,0.,0.02155172,0.04741379,0.00862069,0.00431034,0.03448276,0.03448276,0.,0.00431034,0.02586207,0.02155172,0.,0.00862069,0.01293103,0.00431034,0.,0.,0.03017241,0.00431034,0.00862069,0.,0.01293103,0.00862069,0.,0.00862069,0.00862069,0.,0.,0.02586207,0.00862069,0.05172414,0.,0.01724138,0.05172414
0.08653846,0.,0.00961538,0.03365385,0.02884615,0.02403846,0.,0.03846154,0.03846154,0.01442308,0.00480769,0.02884615,0.01923077,0.00961538,0.01923077,0.03365385,0.03365385,0.,0.00480769,0.,0.00480769,0.,0.00480769,0.00961538,0.,0.,0.,0.,0.00961538,0.00480769,0.,0.03365385,0.03365385,0.,0.00961538,0.07692308,0.04326923,0.,0.00961538,0.03846154,0.01923077,0.00961538,0.00480769,0.04326923,0.01923077,0.,0.00480769,0.02884615,0.00480769,0.00480769,0.,0.00961538,0.01923077,0.,0.00480769,0.01442308,0.,0.,0.00961538,0.00480769,0.03365385,0.00480769,0.01923077,0.03365385
0.08547009,0.00854701,0.00569801,0.05698006,0.00569801,0.01994302,0.00569801,0.01424501,0.01709402,0.01139601,0.002849,0.01709402,0.01709402,0.01424501,0.01994302,0.03988604,0.02849003,0.00854701,0.,0.00569801,0.01424501,0.00569801,0.,0.01424501,0.,0.01424501,0.,0.00854701,0.00569801,0.002849,0.,0.06552707,0.06552707,0.002849,0.01424501,0.04273504,0.01139601,0.00854701,0.002849,0.01709402,0.04558405,0.02564103,0.01139601,0.03703704,0.02279202,0.00569801,0.01139601,0.01994302,0.,0.002849,0.002849,0.00854701,0.01139601,0.00569801,0.,0.002849,0.,0.,0.,0.002849,0.04558405,0.01139601,0.002849,0.04273504
0.10394265,0.00358423,0.01792115,0.08243728,0.00358423,0.,0.,0.02508961,0.02508961,0.01075269,0.00358423,0.01433692,0.03225806,0.01075269,0.02150538,0.07526882,0.04301075,0.,0.01075269,0.01433692,0.00716846,0.,0.,0.01075269,0.,0.01075269,0.,0.00358423,0.00716846,0.,0.00358423,0.03225806,0.0609319,0.00358423,0.02150538,0.06451613,0.01075269,0.,0.,0.03225806,0.01792115,0.,0.00358423,0.01792115,0.00716846,0.,0.00358423,0.02150538,0.00358423,0.,0.,0.00716846,0.00358423,0.,0.,0.02150538,0.,0.00358423,0.,0.,0.06451613,0.,0.01433692,0.04301075
0.09152542,0.01016949,0.02033898,0.06101695,0.01016949,0.00677966,0.00338983,0.03728814,0.02033898,0.00338983,0.,0.02372881,0.01355932,0.01355932,0.03050847,0.06779661,0.02711864,0.00338983,0.00677966,0.02711864,0.00677966,0.,0.00338983,0.00338983,0.,0.,0.,0.00677966,0.01016949,0.,0.,0.02711864,0.07118644,0.,0.03050847,0.04067797,0.04067797,0.,0.00677966,0.02711864,0.00677966,0.00338983,0.00338983,0.01694915,0.01355932,0.,0.01016949,0.02033898,0.,0.,0.00338983,0.03728814,0.01016949,0.00338983,0.,0.02033898,0.,0.00338983,0.,0.00338983,0.04745763,0.00338983,0.01355932,0.02711864
0.09230769,0.00384615,0.01923077,0.05769231,0.02307692,0.01153846,0.,0.03076923,0.01153846,0.01538462,0.,0.03846154,0.03076923,0.00384615,0.00769231,0.06153846,0.06153846,0.,0.00769231,0.,0.01153846,0.00384615,0.00384615,0.01538462,0.,0.,0.,0.00384615,0.,0.,0.,0.03461538,0.07692308,0.00384615,0.01153846,0.04230769,0.01538462,0.00384615,0.,0.03076923,0.01538462,0.00384615,0.00769231,0.01538462,0.01923077,0.00384615,0.00769231,0.03076923,0.,0.,0.00384615,0.03461538,0.02307692,0.,0.00384615,0.01153846,0.,0.,0.00384615,0.,0.02692308,0.,0.00769231,0.04615385
0.0781759,0.01954397,0.02605863,0.04885993,0.00651466,0.,0.,0.00977199,0.00651466,0.00651466,0.,0.02931596,0.00977199,0.01302932,0.02931596,0.0228013,0.03908795,0.,0.,0.00977199,0.00651466,0.00325733,0.,0.01302932,0.,0.,0.,0.,0.,0.00651466,0.,0.05211726,0.0781759,0.,0.01302932,0.04234528,0.03908795,0.01954397,0.00651466,0.03908795,0.01302932,0.00977199,0.00977199,0.01628664,0.01628664,0.00651466,0.01954397,0.0228013,0.,0.,0.,0.02605863,0.00977199,0.00325733,0.00325733,0.01954397,0.00325733,0.00325733,0.,0.01954397,0.04560261,0.00977199,0.01954397,0.04885993
0.07352941,0.00735294,0.00735294,0.03676471,0.,0.00735294,0.,0.01470588,0.01470588,0.01470588,0.00735294,0.04411765,0.02941176,0.02205882,0.02941176,0.01470588,0.02205882,0.00735294,0.,0.02941176,0.00735294,0.,0.,0.02205882,0.,0.,0.,0.,0.,0.,0.,0.04411765,0.10294118,0.,0.04411765,0.08088235,0.01470588,0.,0.,0.01470588,0.00735294,0.,0.00735294,0.01470588,0.01470588,0.00735294,0.02941176,0.00735294,0.00735294,0.,0.,0.00735294,0.,0.,0.,0.02205882,0.,0.,0.,0.00735294,0.05147059,0.,0.05147059,0.05147059
0.12337662,0.01298701,0.,0.06493506,0.00649351,0.00649351,0.,0.01948052,0.01298701,0.01298701,0.,0.03246753,0.03246753,0.03246753,0.00649351,0.01298701,0.04545455,0.01298701,0.,0.00649351,0.,0.,0.,0.01298701,0.,0.,0.,0.00649351,0.00649351,0.01298701,0.,0.02597403,0.07792208,0.,0.00649351,0.03246753,0.02597403,0.01948052,0.,0.02597403,0.00649351,0.00649351,0.00649351,0.01298701,0.,0.,0.00649351,0.01948052,0.,0.01298701,0.00649351,0.03896104,0.00649351,0.00649351,0.,0.00649351,0.,0.00649351,0.00649351,0.01298701,0.05844156,0.,0.01298701,0.07142857
0.08296943,0.00436681,0.01528384,0.08078603,0.00873362,0.00218341,0.00873362,0.01091703,0.01091703,0.00873362,0.00436681,0.01965066,0.02401747,0.02183406,0.01310044,0.04803493,0.02620087,0.00218341,0.00218341,0.01746725,0.00873362,0.,0.,0.01746725,0.,0.,0.,0.01310044,0.00436681,0.00218341,0.,0.01091703,0.04148472,0.00436681,0.01091703,0.06113537,0.02620087,0.00436681,0.01091703,0.03056769,0.01528384,0.01310044,0.01091703,0.01965066,0.02183406,0.00218341,0.00655022,0.04148472,0.00218341,0.00873362,0.,0.03930131,0.00873362,0.,0.,0.02183406,0.,0.,0.00873362,0.00218341,0.05021834,0.,0.01746725,0.05021834
0.10321101,0.00573394,0.01949541,0.03669725,0.00917431,0.00573394,0.00114679,0.0206422,0.01376147,0.0103211,0.00114679,0.02522936,0.01605505,0.02752294,0.02178899,0.05389908,0.02981651,0.00344037,0.,0.00802752,0.01261468,0.00114679,0.00114679,0.0103211,0.,0.00802752,0.,0.01146789,0.00458716,0.00229358,0.,0.02178899,0.09977064,0.00344037,0.0206422,0.0516055,0.03440367,0.00802752,0.0103211,0.03211009,0.02637615,0.00802752,0.01376147,0.02522936,0.0309633,0.,0.02293578,0.0206422,0.,0.00114679,0.,0.01949541,0.00688073,0.00114679,0.00114679,0.01490826,0.00114679,0.,0.00114679,0.00458716,0.02752294,0.00344037,0.00458716,0.01834862
0.01865672,0.00746269,0.,0.01865672,0.01492537,0.00746269,0.00373134,0.00746269,0.01119403,0.0261194,0.00373134,0.03358209,0.04850746,0.02985075,0.03731343,0.04850746,0.01119403,0.00746269,0.,0.01119403,0.00373134,0.,0.,0.00746269,0.,0.00746269,0.,0.00373134,0.00373134,0.00373134,0.,0.05223881,0.01865672,0.,0.,0.02238806,0.01119403,0.00373134,0.00746269,0.07462687,0.02238806,0.01119403,0.01865672,0.0261194,0.01865672,0.00373134,0.01865672,0.02238806,0.00373134,0.,0.,0.02985075,0.00373134,0.00373134,0.,0.00746269,0.,0.01119403,0.00746269,0.00746269,0.0858209,0.00746269,0.0261194,0.09701493
0.08249158,0.01851852,0.01010101,0.06228956,0.01851852,0.0016835,0.00505051,0.01851852,0.02020202,0.01178451,0.0016835,0.02861953,0.01683502,0.02020202,0.02861953,0.02356902,0.02356902,0.,0.003367,0.01515152,0.01178451,0.,0.0016835,0.01851852,0.,0.00673401,0.,0.00505051,0.00673401,0.0016835,0.,0.01683502,0.05892256,0.00673401,0.00505051,0.06060606,0.03198653,0.003367,0.,0.02693603,0.04040404,0.01178451,0.00505051,0.03198653,0.01515152,0.,0.01010101,0.02356902,0.0016835,0.003367,0.,0.02861953,0.01010101,0.,0.,0.02020202,0.,0.0016835,0.01683502,0.00673401,0.03198653,0.0016835,0.00841751,0.05723906
0.0798005,0.00498753,0.00249377,0.05486284,0.00997506,0.0074813,0.00249377,0.02992519,0.02493766,0.00498753,0.,0.01745636,0.02743142,0.01496259,0.02493766,0.03740648,0.01995012,0.00498753,0.00249377,0.00997506,0.01496259,0.00249377,0.00498753,0.02244389,0.,0.01246883,0.,0.01496259,0.00249377,0.00249377,0.,0.02493766,0.05735661,0.00498753,0.01496259,0.04488778,0.04738155,0.,0.00997506,0.03491272,0.01995012,0.00997506,0.00498753,0.01995012,0.03241895,0.0074813,0.00498753,0.01745636,0.00249377,0.0074813,0.,0.04239401,0.01246883,0.00249377,0.00249377,0.00997506,0.,0.,0.01246883,0.00997506,0.03241895,0.00498753,0.00498753,0.03990025
0.11940299,0.01492537,0.02985075,0.02985075,0.04477612,0.,0.,0.01492537,0.01492537,0.,0.,0.02985075,0.,0.,0.02985075,0.04477612,0.01492537,0.01492537,0.,0.01492537,0.01492537,0.,0.,0.01492537,0.,0.,0.,0.01492537,0.,0.,0.,0.,0.07462687,0.,0.01492537,0.02985075,0.04477612,0.,0.,0.02985075,0.01492537,0.01492537,0.,0.01492537,0.07462687,0.,0.,0.,0.01492537,0.01492537,0.,0.01492537,0.02985075,0.,0.,0.,0.,0.02985075,0.,0.04477612,0.01492537,0.,0.,0.05970149
0.11290323,0.01612903,0.00403226,0.08064516,0.00806452,0.,0.00403226,0.01209677,0.01612903,0.01612903,0.,0.01612903,0.03225806,0.01612903,0.01612903,0.04435484,0.02822581,0.00403226,0.,0.00806452,0.00806452,0.,0.,0.01612903,0.00403226,0.,0.,0.00806452,0.00403226,0.00806452,0.,0.02016129,0.06854839,0.00806452,0.01209677,0.04032258,0.00806452,0.00403226,0.,0.03629032,0.02016129,0.00403226,0.00403226,0.02419355,0.00806452,0.,0.00403226,0.02419355,0.,0.00806452,0.,0.02822581,0.00806452,0.,0.,0.00403226,0.00403226,0.00403226,0.00403226,0.02016129,0.05645161,0.01612903,0.00403226,0.07258065
0.1137931,0.00689655,0.00689655,0.04827586,0.02068966,0.00344828,0.00344828,0.03448276,0.03448276,0.00344828,0.,0.03103448,0.04137931,0.00689655,0.0137931,0.03793103,0.02413793,0.,0.,0.01034483,0.00344828,0.,0.,0.01034483,0.,0.,0.,0.00344828,0.00344828,0.,0.00344828,0.04137931,0.06896552,0.,0.02068966,0.04827586,0.02068966,0.0137931,0.01034483,0.02068966,0.02068966,0.,0.00689655,0.0137931,0.00689655,0.,0.00689655,0.0137931,0.00344828,0.00689655,0.,0.03103448,0.01034483,0.00344828,0.,0.01034483,0.,0.,0.00689655,0.00689655,0.07586207,0.00344828,0.01034483,0.05172414
0.09570957,0.00330033,0.00660066,0.05610561,0.,0.,0.00660066,0.00660066,0.01980198,0.01320132,0.00660066,0.01650165,0.02640264,0.01650165,0.02310231,0.05610561,0.03630363,0.,0.00330033,0.01650165,0.,0.,0.,0.01650165,0.,0.00330033,0.,0.,0.00330033,0.,0.,0.03960396,0.0660066,0.,0.01650165,0.05610561,0.01650165,0.,0.00330033,0.05280528,0.0330033,0.00330033,0.00330033,0.00990099,0.00330033,0.00330033,0.00990099,0.00330033,0.,0.,0.00330033,0.0330033,0.00990099,0.,0.,0.01650165,0.,0.00330033,0.00330033,0.00990099,0.07260726,0.,0.02310231,0.07260726
0.04497354,0.01719577,0.00925926,0.07539683,0.02910053,0.01455026,0.0026455,0.02513228,0.01322751,0.00925926,0.00396825,0.02380952,0.03042328,0.01322751,0.01851852,0.01719577,0.03306878,0.00661376,0.0026455,0.00661376,0.01851852,0.00132275,0.,0.02116402,0.00132275,0.00529101,0.,0.00793651,0.0026455,0.0026455,0.00132275,0.03174603,0.02777778,0.00529101,0.01058201,0.06349206,0.01984127,0.01322751,0.00661376,0.02645503,0.03439153,0.01190476,0.0026455,0.03439153,0.01984127,0.0026455,0.01058201,0.00925926,0.00132275,0.00661376,0.,0.04232804,0.01851852,0.00132275,0.00396825,0.01719577,0.,0.00132275,0.01058201,0.00396825,0.02777778,0.00396825,0.00396825,0.06746032
0.07459207,0.004662,0.00699301,0.03030303,0.004662,0.002331,0.,0.03729604,0.00699301,0.01631702,0.,0.02097902,0.03496503,0.01864802,0.03729604,0.05827506,0.01864802,0.002331,0.,0.02097902,0.002331,0.,0.004662,0.01864802,0.004662,0.00932401,0.,0.00699301,0.01165501,0.004662,0.,0.03729604,0.07692308,0.002331,0.02797203,0.04662005,0.01631702,0.002331,0.002331,0.03729604,0.02097902,0.002331,0.002331,0.02564103,0.01864802,0.,0.00932401,0.04895105,0.002331,0.004662,0.,0.01864802,0.00699301,0.002331,0.,0.01165501,0.,0.002331,0.00699301,0.01165501,0.03496503,0.004662,0.01631702,0.03962704
0.11159737,0.0131291,0.01531729,0.06564551,0.01094092,0.00218818,0.00218818,0.00875274,0.0131291,0.00218818,0.00218818,0.01969365,0.02625821,0.01094092,0.01531729,0.05251641,0.03282276,0.00218818,0.,0.01094092,0.00218818,0.,0.,0.01750547,0.,0.00437637,0.,0.00437637,0.00218818,0.,0.00218818,0.03282276,0.04157549,0.00218818,0.00656455,0.03938731,0.02407002,0.01094092,0.00218818,0.05689278,0.03282276,0.0131291,0.00656455,0.01750547,0.00875274,0.,0.00437637,0.02188184,0.00218818,0.00218818,0.,0.01969365,0.00656455,0.,0.00218818,0.00656455,0.,0.00656455,0.00218818,0.01531729,0.07877462,0.00437637,0.02407002,0.05689278
0.15505618,0.00224719,0.01123596,0.02921348,0.00449438,0.,0.,0.01797753,0.00898876,0.00674157,0.,0.01797753,0.01123596,0.01348315,0.02247191,0.03595506,0.03146067,0.,0.00224719,0.00674157,0.01797753,0.,0.,0.01797753,0.,0.00224719,0.,0.01123596,0.00449438,0.00449438,0.,0.03820225,0.12134831,0.,0.02247191,0.05842697,0.0247191,0.00224719,0.01123596,0.03595506,0.01348315,0.00674157,0.00224719,0.02696629,0.03820225,0.,0.00674157,0.01123596,0.00224719,0.00224719,0.,0.0247191,0.00224719,0.00224719,0.00224719,0.01123596,0.,0.,0.,0.,0.03146067,0.00449438,0.00898876,0.05168539
0.08121827,0.01522843,0.00761421,0.05329949,0.00761421,0.00761421,0.00253807,0.01269036,0.01522843,0.0177665,0.00253807,0.03553299,0.01522843,0.0177665,0.0177665,0.03807107,0.02284264,0.00253807,0.,0.0177665,0.00507614,0.00253807,0.,0.01522843,0.,0.01015228,0.,0.01015228,0.01522843,0.00507614,0.00253807,0.04060914,0.07106599,0.00253807,0.00761421,0.04568528,0.03045685,0.00761421,0.00507614,0.03553299,0.02284264,0.01015228,0.00253807,0.01269036,0.01522843,0.00253807,0.00253807,0.02030457,0.00253807,0.00507614,0.,0.04314721,0.00507614,0.00253807,0.00253807,0.01015228,0.,0.00253807,0.00253807,0.,0.06091371,0.00253807,0.01522843,0.05329949
0.04511278,0.00150376,0.00902256,0.03759398,0.00902256,0.00150376,0.00150376,0.02857143,0.0075188,0.00601504,0.00451128,0.03007519,0.02706767,0.00902256,0.03157895,0.06165414,0.02406015,0.00300752,0.00300752,0.00601504,0.00902256,0.00451128,0.00300752,0.01353383,0.,0.,0.,0.00150376,0.00150376,0.00150376,0.,0.04511278,0.03007519,0.00150376,0.00601504,0.01654135,0.03609023,0.0075188,0.00300752,0.05112782,0.03909774,0.00902256,0.0075188,0.03609023,0.02556391,0.00451128,0.01203008,0.04210526,0.00150376,0.00300752,0.,0.02406015,0.02105263,0.00150376,0.00150376,0.02406015,0.,0.00150376,0.01203008,0.0075188,0.06315789,0.00601504,0.01654135,0.06165414
0.05882353,0.02941176,0.02941176,0.,0.02941176,0.,0.,0.,0.02941176,0.,0.,0.,0.02941176,0.,0.05882353,0.02941176,0.,0.,0.,0.,0.02941176,0.,0.,0.,0.,0.,0.,0.,0.02941176,0.,0.,0.02941176,0.,0.,0.,0.02941176,0.02941176,0.,0.,0.05882353,0.,0.,0.,0.02941176,0.,0.,0.,0.,0.,0.,0.,0.02941176,0.05882353,0.,0.,0.08823529,0.02941176,0.,0.,0.02941176,0.08823529,0.,0.,0.14705882
0.075,0.,0.0375,0.05,0.025,0.0125,0.,0.025,0.0125,0.0125,0.0125,0.0375,0.025,0.0125,0.0375,0.0375,0.0125,0.,0.0125,0.,0.0125,0.,0.,0.,0.,0.,0.,0.,0.,0.,0.,0.0125,0.0375,0.025,0.025,0.025,0.,0.,0.,0.,0.,0.0375,0.,0.025,0.0125,0.0125,0.0375,0.0125,0.0125,0.,0.,0.0125,0.025,0.,0.,0.025,0.,0.,0.0375,0.,0.075,0.0125,0.0375,0.05
0.04918033,0.01639344,0.,0.06557377,0.,0.,0.01639344,0.01639344,0.03278689,0.01639344,0.01639344,0.06557377,0.,0.,0.03278689,0.01639344,0.01639344,0.,0.,0.03278689,0.,0.,0.,0.01639344,0.,0.01639344,0.,0.,0.,0.,0.,0.01639344,0.04918033,0.,0.04918033,0.03278689,0.,0.,0.,0.,0.06557377,0.,0.01639344,0.03278689,0.03278689,0.,0.,0.,0.,0.03278689,0.01639344,0.04918033,0.,0.,0.01639344,0.,0.,0.,0.03278689,0.,0.06557377,0.01639344,0.,0.04918033
0.10769231,0.,0.01538462,0.09230769,0.01538462,0.,0.,0.,0.01538462,0.03076923,0.,0.06153846,0.01538462,0.,0.03076923,0.01538462,0.03076923,0.,0.,0.01538462,0.,0.,0.,0.01538462,0.,0.,0.,0.,0.01538462,0.,0.,0.,0.06153846,0.,0.,0.04615385,0.03076923,0.01538462,0.,0.03076923,0.,0.03076923,0.,0.01538462,0.03076923,0.,0.04615385,0.04615385,0.,0.,0.,0.04615385,0.,0.,0.,0.,0.01538462,0.,0.01538462,0.,0.06153846,0.,0.,0.03076923
0.07036536,0.01082544,0.01759134,0.05142084,0.01623816,0.00541272,0.,0.03112314,0.0135318,0.01082544,0.00270636,0.02841678,0.0270636,0.00947226,0.02571042,0.0541272,0.02571042,0.,0.00135318,0.00270636,0.00270636,0.00135318,0.,0.01082544,0.00135318,0.00135318,0.,0.00270636,0.00270636,0.00405954,0.,0.0338295,0.03518268,0.00541272,0.00947226,0.05006766,0.0270636,0.0135318,0.0067659,0.05548038,0.03247632,0.01623816,0.00811908,0.02571042,0.0135318,0.0067659,0.00947226,0.03247632,0.00135318,0.00405954,0.,0.01082544,0.0067659,0.00270636,0.00135318,0.02976996,0.,0.00135318,0.01082544,0.00270636,0.05548038,0.00135318,0.00541272,0.05277402
0.05025126,0.01507538,0.01758794,0.05527638,0.02261307,0.00502513,0.00502513,0.01758794,0.0201005,0.02512563,0.,0.03266332,0.02261307,0.03517588,0.01758794,0.04522613,0.02261307,0.00251256,0.00251256,0.01005025,0.01005025,0.,0.,0.01256281,0.,0.00502513,0.,0.00251256,0.01256281,0.,0.,0.00753769,0.06030151,0.,0.01507538,0.05527638,0.03266332,0.00753769,0.00753769,0.05276382,0.01507538,0.01507538,0.00753769,0.0201005,0.01256281,0.00251256,0.01507538,0.02261307,0.00251256,0.01507538,0.,0.02512563,0.01005025,0.,0.,0.01758794,0.,0.,0.01256281,0.00753769,0.03768844,0.00251256,0.00502513,0.04773869
0.07246377,0.00966184,0.00966184,0.07729469,0.02898551,0.00483092,0.00483092,0.03864734,0.04347826,0.01932367,0.,0.03381643,0.03381643,0.00966184,0.00966184,0.04347826,0.01449275,0.00483092,0.,0.00483092,0.00966184,0.,0.,0.01449275,0.,0.,0.,0.,0.02898551,0.,0.,0.00966184,0.06763285,0.00483092,0.00966184,0.04347826,0.01932367,0.01932367,0.,0.03381643,0.01932367,0.00966184,0.,0.00483092,0.01932367,0.,0.00966184,0.02415459,0.00483092,0.00483092,0.,0.02415459,0.,0.,0.,0.00483092,0.,0.00483092,0.00966184,0.00483092,0.05797101,0.,0.00966184,0.06280193
0.1047619,0.,0.01904762,0.04761905,0.02857143,0.,0.,0.,0.,0.02857143,0.,0.,0.03809524,0.,0.06666667,0.03809524,0.00952381,0.,0.,0.,0.,0.,0.,0.,0.,0.,0.,0.,0.02857143,0.00952381,0.,0.05714286,0.03809524,0.,0.00952381,0.01904762,0.03809524,0.,0.,0.02857143,0.01904762,0.00952381,0.00952381,0.04761905,0.06666667,0.,0.00952381,0.02857143,0.00952381,0.,0.,0.03809524,0.,0.,0.,0.00952381,0.,0.,0.,0.,0.05714286,0.,0.00952381,0.07619048
0.12068966,0.01724138,0.,0.06896552,0.,0.,0.,0.01724138,0.,0.05172414,0.,0.03448276,0.,0.,0.03448276,0.05172414,0.01724138,0.,0.,0.01724138,0.,0.,0.,0.03448276,0.,0.,0.,0.,0.,0.,0.,0.03448276,0.,0.,0.01724138,0.,0.01724138,0.,0.,0.,0.,0.01724138,0.,0.,0.,0.,0.01724138,0.,0.,0.01724138,0.01724138,0.01724138,0.05172414,0.,0.01724138,0.06896552,0.,0.,0.01724138,0.,0.05172414,0.01724138,0.,0.15517241
0.09774436,0.03007519,0.02255639,0.04511278,0.0075188,0.,0.,0.01503759,0.03759398,0.02255639,0.0075188,0.01503759,0.03007519,0.02255639,0.03007519,0.06015038,0.01503759,0.,0.,0.0075188,0.03007519,0.,0.,0.01503759,0.0075188,0.0075188,0.,0.,0.,0.,0.,0.03007519,0.06015038,0.0075188,0.02255639,0.09022556,0.03007519,0.0075188,0.0075188,0.02255639,0.,0.0075188,0.0075188,0.,0.0075188,0.,0.0075188,0.01503759,0.0075188,0.,0.,0.0075188,0.,0.,0.,0.,0.,0.,0.0075188,0.01503759,0.07518797,0.,0.,0.03759398
0.056,0.016,0.024,0.08,0.008,0.,0.,0.016,0.032,0.032,0.016,0.032,0.016,0.008,0.024,0.016,0.04,0.,0.,0.008,0.,0.,0.,0.008,0.,0.,0.,0.,0.,0.,0.,0.016,0.064,0.,0.024,0.056,0.032,0.,0.,0.032,0.032,0.016,0.008,0.008,0.016,0.,0.008,0.008,0.008,0.,0.,0.032,0.,0.008,0.,0.016,0.,0.,0.,0.,0.104,0.,0.,0.08
0.08695652,0.,0.,0.0326087,0.01086957,0.01086957,0.,0.02173913,0.02173913,0.02173913,0.,0.01086957,0.04347826,0.02173913,0.02173913,0.06521739,0.01086957,0.01086957,0.01086957,0.0326087,0.,0.,0.,0.,0.,0.,0.,0.,0.,0.,0.,0.0326087,0.08695652,0.,0.04347826,0.07608696,0.02173913,0.01086957,0.,0.02173913,0.01086957,0.01086957,0.01086957,0.,0.,0.,0.02173913,0.0326087,0.01086957,0.01086957,0.,0.,0.01086957,0.,0.,0.01086957,0.,0.01086957,0.,0.01086957,0.04347826,0.,0.02173913,0.05434783
0.10852713,0.,0.03100775,0.03875969,0.02325581,0.,0.,0.02325581,0.00775194,0.00775194,0.00775194,0.00775194,0.01550388,0.02325581,0.00775194,0.03100775,0.01550388,0.02325581,0.,0.00775194,0.,0.,0.,0.00775194,0.,0.,0.,0.,0.01550388,0.,0.,0.02325581,0.06976744,0.00775194,0.03875969,0.06976744,0.00775194,0.00775194,0.,0.,0.02325581,0.01550388,0.01550388,0.03100775,0.00775194,0.,0.,0.03875969,0.00775194,0.03100775,0.,0.04651163,0.,0.,0.,0.01550388,0.,0.01550388,0.00775194,0.02325581,0.03100775,0.,0.00775194,0.05426357
0.14516129,0.,0.01612903,0.0483871,0.03225806,0.,0.,0.01612903,0.,0.01612903,0.,0.03225806,0.,0.,0.03225806,0.08064516,0.01612903,0.,0.,0.01612903,0.,0.,0.,0.01612903,0.,0.,0.,0.,0.,0.,0.01612903,0.01612903,0.03225806,0.01612903,0.,0.03225806,0.03225806,0.,0.01612903,0.03225806,0.01612903,0.03225806,0.,0.03225806,0.01612903,0.,0.01612903,0.01612903,0.,0.,0.,0.06451613,0.01612903,0.,0.,0.,0.01612903,0.,0.,0.,0.01612903,0.,0.03225806,0.06451613
0.09952607,0.00473934,0.01895735,0.06635071,0.02369668,0.00473934,0.,0.00473934,0.01421801,0.01421801,0.,0.02843602,0.04739336,0.00947867,0.02369668,0.05687204,0.03791469,0.00473934,0.01421801,0.,0.01895735,0.,0.,0.00947867,0.,0.,0.,0.00473934,0.00947867,0.,0.,0.03791469,0.05687204,0.00947867,0.01895735,0.0521327,0.00947867,0.00947867,0.,0.00947867,0.02843602,0.00473934,0.,0.02369668,0.00947867,0.,0.,0.02843602,0.00473934,0.01895735,0.,0.02369668,0.00947867,0.,0.,0.01895735,0.,0.,0.00473934,0.,0.04739336,0.,0.01895735,0.03791469
0.08375635,0.00507614,0.03045685,0.05329949,0.00761421,0.,0.00253807,0.0177665,0.01269036,0.01015228,0.,0.03045685,0.02284264,0.01269036,0.01522843,0.03045685,0.03299492,0.00253807,0.00253807,0.0177665,0.,0.,0.,0.02284264,0.,0.00253807,0.,0.00761421,0.00253807,0.00253807,0.00761421,0.02030457,0.05583756,0.,0.01269036,0.04568528,0.02284264,0.0177665,0.00253807,0.04568528,0.0177665,0.00761421,0.02538071,0.02791878,0.01015228,0.00761421,0.01269036,0.02030457,0.,0.00507614,0.,0.03045685,0.00761421,0.,0.00253807,0.00761421,0.00253807,0.00761421,0.,0.01522843,0.06091371,0.,0.01269036,0.05837563
0.07801418,0.0141844,0.0212766,0.0070922,0.0141844,0.,0.0070922,0.03546099,0.04255319,0.0212766,0.,0.02836879,0.04255319,0.0070922,0.0070922,0.07801418,0.0212766,0.0070922,0.,0.0070922,0.0070922,0.,0.,0.0070922,0.,0.,0.,0.0070922,0.02836879,0.0070922,0.,0.03546099,0.0070922,0.,0.,0.03546099,0.0212766,0.,0.,0.02836879,0.0070922,0.0212766,0.,0.0212766,0.0070922,0.0070922,0.0070922,0.,0.0070922,0.,0.,0.04255319,0.,0.,0.,0.0141844,0.,0.,0.0070922,0.0141844,0.09219858,0.,0.0212766,0.10638298
0.05660377,0.,0.01415094,0.0754717,0.01415094,0.00471698,0.00471698,0.02358491,0.00943396,0.,0.00471698,0.01415094,0.04245283,0.00943396,0.02358491,0.05188679,0.02358491,0.,0.00471698,0.02358491,0.01886792,0.00471698,0.00471698,0.00943396,0.00471698,0.00943396,0.,0.,0.00471698,0.,0.,0.03773585,0.05660377,0.00943396,0.02830189,0.04245283,0.01886792,0.,0.00943396,0.02358491,0.00943396,0.00943396,0.00471698,0.02830189,0.02358491,0.00471698,0.00943396,0.01415094,0.,0.00471698,0.,0.04245283,0.01415094,0.,0.,0.01886792,0.00471698,0.00471698,0.01415094,0.01415094,0.03773585,0.,0.01886792,0.03773585
0.203125,0.,0.015625,0.03125,0.03125,0.,0.,0.015625,0.046875,0.046875,0.,0.015625,0.,0.015625,0.0625,0.03125,0.,0.,0.,0.03125,0.015625,0.,0.,0.015625,0.,0.03125,0.,0.015625,0.015625,0.,0.,0.015625,0.015625,0.,0.,0.015625,0.03125,0.,0.,0.046875,0.015625,0.015625,0.,0.015625,0.03125,0.,0.015625,0.046875,0.015625,0.,0.,0.015625,0.015625,0.,0.,0.,0.,0.,0.,0.,0.,0.015625,0.015625,0.015625
0.04805492,0.00915332,0.00228833,0.03203661,0.00915332,0.01144165,0.,0.0228833,0.01372998,0.00686499,0.,0.02517162,0.03432494,0.,0.03432494,0.07322654,0.02974828,0.00228833,0.00228833,0.00686499,0.01144165,0.00228833,0.00228833,0.01144165,0.,0.00686499,0.,0.00457666,0.00915332,0.,0.00228833,0.0389016,0.02745995,0.00228833,0.,0.01601831,0.01372998,0.00228833,0.00686499,0.0389016,0.0389016,0.00228833,0.01144165,0.02517162,0.01830664,0.,0.00915332,0.02974828,0.,0.00457666,0.,0.0389016,0.01144165,0.,0.00228833,0.01830664,0.00228833,0.00686499,0.01372998,0.01601831,0.05720824,0.00686499,0.02517162,0.1006865
0.08461538,0.00769231,0.01923077,0.05384615,0.,0.00384615,0.,0.01153846,0.03076923,0.00769231,0.01153846,0.00384615,0.03076923,0.01923077,0.02307692,0.05,0.01923077,0.01153846,0.,0.01153846,0.00769231,0.,0.,0.01538462,0.,0.00384615,0.,0.00384615,0.00769231,0.,0.,0.03076923,0.06923077,0.,0.00384615,0.08076923,0.02692308,0.00769231,0.00384615,0.01923077,0.00384615,0.01538462,0.00769231,0.03076923,0.01538462,0.00769231,0.00384615,0.00384615,0.00384615,0.00384615,0.,0.03461538,0.01153846,0.,0.00384615,0.01153846,0.,0.00769231,0.02307692,0.00769231,0.03076923,0.00769231,0.00769231,0.07692308
0.11638317,0.02238138,0.00358102,0.06356312,0.02059087,0.0080573,0.00089526,0.01880036,0.01700985,0.02327663,0.00179051,0.01880036,0.04655327,0.01611459,0.00716204,0.03849597,0.02685765,0.00626679,0.00089526,0.00984781,0.01342883,0.00089526,0.00179051,0.01342883,0.00179051,0.00268577,0.00089526,0.00268577,0.01432408,0.00179051,0.,0.02238138,0.06266786,0.01074306,0.00984781,0.05550582,0.01163832,0.00626679,0.00179051,0.01521934,0.00895255,0.01074306,0.00179051,0.01342883,0.01074306,0.00089526,0.00358102,0.00626679,0.,0.01074306,0.00089526,0.0340197,0.00895255,0.00179051,0.00089526,0.01342883,0.,0.00447628,0.00537153,0.00358102,0.06177261,0.01253357,0.0080573,0.05998209
0.07058824,0.01176471,0.,0.05294118,0.02941176,0.03529412,0.,0.02941176,0.01764706,0.02352941,0.,0.00588235,0.04705882,0.03529412,0.01764706,0.06470588,0.04705882,0.00588235,0.,0.01764706,0.00588235,0.,0.00588235,0.01764706,0.,0.,0.,0.00588235,0.01764706,0.00588235,0.00588235,0.02941176,0.04117647,0.00588235,0.,0.01764706,0.00588235,0.01176471,0.,0.02352941,0.01176471,0.,0.,0.01176471,0.01176471,0.00588235,0.,0.02941176,0.,0.,0.,0.04117647,0.,0.,0.,0.01764706,0.00588235,0.01176471,0.,0.01176471,0.02352941,0.01176471,0.02352941,0.07058824
0.11184211,0.00657895,0.00657895,0.03947368,0.00657895,0.,0.,0.01973684,0.,0.01973684,0.00657895,0.03947368,0.01973684,0.01315789,0.00657895,0.05921053,0.01315789,0.,0.00657895,0.01973684,0.01315789,0.,0.,0.01315789,0.,0.00657895,0.,0.00657895,0.,0.,0.,0.03947368,0.04605263,0.,0.01315789,0.07236842,0.03289474,0.,0.,0.03947368,0.01973684,0.00657895,0.01315789,0.03947368,0.01315789,0.,0.02631579,0.01973684,0.00657895,0.01315789,0.,0.03289474,0.,0.,0.,0.01315789,0.,0.00657895,0.00657895,0.00657895,0.03947368,0.,0.00657895,0.05263158
0.06340058,0.00576369,0.00864553,0.01729107,0.01729107,0.00576369,0.00576369,0.01440922,0.02305476,0.,0.00288184,0.03170029,0.03458213,0.02305476,0.03746398,0.04610951,0.02017291,0.,0.,0.00288184,0.00864553,0.,0.00576369,0.02305476,0.,0.00864553,0.,0.02017291,0.00288184,0.,0.,0.02881844,0.07204611,0.,0.02017291,0.0518732,0.04034582,0.00288184,0.00288184,0.02881844,0.03458213,0.00864553,0.00576369,0.04322767,0.04322767,0.,0.02017291,0.02305476,0.00288184,0.00576369,0.,0.01729107,0.00864553,0.00288184,0.,0.01729107,0.,0.,0.,0.,0.04899135,0.,0.02017291,0.02017291
0.07211538,0.00961538,0.01442308,0.03846154,0.02403846,0.00961538,0.,0.00961538,0.,0.02403846,0.,0.01442308,0.03365385,0.00961538,0.05288462,0.04807692,0.03365385,0.,0.,0.02884615,0.00480769,0.,0.,0.00480769,0.00961538,0.00480769,0.,0.00961538,0.01442308,0.00480769,0.00480769,0.02884615,0.05769231,0.01442308,0.,0.04326923,0.02403846,0.,0.00480769,0.02884615,0.01923077,0.01923077,0.01442308,0.03365385,0.00961538,0.,0.00480769,0.02403846,0.00480769,0.,0.,0.01442308,0.00961538,0.,0.,0.01442308,0.,0.00480769,0.,0.01442308,0.0625,0.00480769,0.00961538,0.05288462
0.08024691,0.,0.01851852,0.02469136,0.01234568,0.,0.,0.00617284,0.01851852,0.01234568,0.,0.04320988,0.02469136,0.0308642,0.02469136,0.01851852,0.0308642,0.00617284,0.,0.01234568,0.01851852,0.,0.,0.01851852,0.,0.00617284,0.,0.01234568,0.01234568,0.,0.,0.01851852,0.08641975,0.01234568,0.01851852,0.06790123,0.04320988,0.01234568,0.,0.0308642,0.02469136,0.00617284,0.00617284,0.01851852,0.01234568,0.,0.02469136,0.01234568,0.00617284,0.00617284,0.,0.0308642,0.01234568,0.00617284,0.,0.01234568,0.,0.00617284,0.,0.,0.02469136,0.,0.03703704,0.0308642
0.07874016,0.03149606,0.,0.04724409,0.03149606,0.01574803,0.00787402,0.01574803,0.00787402,0.01574803,0.00787402,0.00787402,0.03149606,0.01574803,0.01574803,0.03149606,0.02362205,0.01574803,0.,0.,0.00787402,0.,0.,0.,0.,0.,0.,0.01574803,0.,0.00787402,0.,0.01574803,0.1023622,0.,0.,0.03937008,0.01574803,0.,0.01574803,0.07086614,0.03149606,0.01574803,0.00787402,0.,0.04724409,0.02362205,0.00787402,0.02362205,0.00787402,0.01574803,0.,0.02362205,0.00787402,0.,0.,0.00787402,0.,0.00787402,0.,0.,0.03149606,0.00787402,0.00787402,0.03149606
0.04484305,0.02242152,0.0044843,0.01793722,0.0044843,0.02690583,0.,0.01345291,0.0044843,0.02242152,0.,0.02690583,0.02242152,0.01793722,0.02242152,0.03587444,0.03139013,0.00896861,0.,0.0044843,0.0044843,0.01345291,0.,0.01345291,0.,0.,0.,0.,0.01345291,0.01345291,0.0044843,0.04035874,0.02242152,0.,0.0044843,0.01793722,0.01793722,0.00896861,0.00896861,0.04035874,0.02690583,0.,0.0044843,0.02242152,0.01793722,0.0044843,0.02690583,0.01793722,0.,0.0044843,0.0044843,0.04035874,0.01345291,0.,0.,0.02690583,0.,0.0044843,0.,0.,0.05829596,0.0044843,0.03587444,0.13004484
0.09448819,0.01049869,0.01312336,0.06299213,0.02099738,0.00262467,0.00262467,0.00262467,0.01049869,0.03412073,0.00262467,0.01049869,0.02099738,0.03674541,0.0183727,0.02887139,0.01574803,0.00524934,0.,0.02887139,0.00262467,0.00262467,0.,0.01312336,0.,0.00262467,0.,0.00262467,0.00524934,0.00787402,0.00262467,0.04199475,0.07086614,0.00262467,0.01312336,0.03937008,0.0183727,0.00524934,0.00787402,0.02887139,0.0183727,0.01574803,0.00262467,0.01312336,0.00262467,0.00262467,0.01049869,0.01312336,0.,0.00524934,0.,0.02099738,0.00787402,0.00524934,0.,0.0183727,0.00262467,0.00787402,0.00262467,0.00524934,0.05774278,0.00262467,0.01574803,0.07874016
0.11731844,0.01117318,0.00558659,0.02793296,0.01117318,0.,0.,0.02793296,0.03910615,0.00558659,0.,0.01117318,0.00558659,0.03910615,0.01675978,0.02793296,0.02234637,0.,0.,0.00558659,0.01117318,0.,0.,0.01117318,0.,0.,0.,0.01117318,0.00558659,0.,0.,0.02793296,0.03910615,0.,0.01117318,0.06145251,0.02234637,0.00558659,0.01117318,0.05027933,0.02234637,0.,0.,0.05027933,0.06703911,0.,0.02234637,0.06145251,0.,0.00558659,0.,0.01675978,0.00558659,0.,0.,0.01117318,0.00558659,0.,0.,0.00558659,0.05586592,0.00558659,0.,0.02234637
0.08100559,0.0027933,0.00837989,0.06703911,0.00558659,0.0027933,0.0027933,0.01955307,0.01675978,0.01117318,0.,0.01955307,0.02793296,0.01396648,0.01675978,0.05027933,0.02513966,0.00558659,0.0027933,0.01955307,0.00558659,0.,0.0027933,0.02513966,0.,0.0027933,0.,0.01955307,0.0027933,0.,0.,0.03072626,0.0698324,0.,0.02234637,0.04469274,0.03351955,0.01117318,0.01396648,0.02513966,0.01675978,0.0027933,0.01117318,0.02234637,0.00837989,0.,0.01117318,0.01955307,0.0027933,0.00558659,0.,0.03910615,0.01117318,0.,0.00558659,0.01675978,0.,0.0027933,0.0027933,0.00837989,0.05865922,0.,0.0027933,0.04189944
0.07305195,0.,0.01948052,0.04220779,0.00649351,0.00324675,0.00649351,0.01461039,0.00649351,0.00974026,0.00162338,0.03733766,0.02435065,0.00487013,0.02922078,0.04545455,0.0275974,0.00324675,0.00811688,0.02435065,0.00811688,0.,0.,0.02272727,0.,0.,0.,0.01136364,0.00324675,0.,0.,0.02597403,0.05681818,0.00162338,0.01785714,0.04545455,0.0275974,0.01298701,0.00649351,0.04220779,0.02272727,0.00487013,0.01461039,0.0275974,0.01298701,0.00487013,0.01461039,0.0211039,0.00162338,0.,0.,0.03246753,0.00649351,0.,0.00162338,0.01785714,0.,0.00162338,0.00811688,0.00811688,0.04545455,0.00162338,0.02922078,0.05194805
0.07799443,0.00278552,0.00557103,0.06963788,0.00835655,0.00835655,0.00278552,0.01671309,0.01949861,0.00278552,0.00278552,0.02785515,0.00557103,0.00557103,0.03342618,0.05849582,0.0362117,0.00278552,0.00835655,0.01671309,0.00557103,0.,0.,0.02228412,0.,0.00278552,0.,0.00557103,0.,0.00278552,0.,0.02506964,0.04735376,0.00278552,0.01949861,0.04178273,0.03064067,0.00557103,0.00278552,0.0362117,0.03899721,0.00835655,0.00835655,0.01392758,0.01949861,0.00278552,0.01392758,0.00557103,0.,0.00278552,0.,0.04456825,0.00278552,0.00278552,0.00835655,0.01949861,0.00278552,0.,0.00557103,0.01671309,0.04735376,0.00278552,0.01671309,0.05292479
0.05084746,0.00847458,0.02542373,0.09322034,0.00847458,0.,0.,0.01694915,0.00847458,0.01694915,0.,0.02542373,0.04237288,0.01694915,0.02542373,0.05932203,0.00847458,0.,0.,0.00847458,0.,0.,0.,0.03389831,0.,0.,0.,0.,0.,0.,0.,0.05084746,0.09322034,0.,0.02542373,0.05084746,0.01694915,0.,0.,0.02542373,0.02542373,0.,0.,0.01694915,0.00847458,0.,0.,0.01694915,0.00847458,0.,0.,0.04237288,0.,0.,0.,0.00847458,0.,0.00847458,0.,0.02542373,0.03389831,0.,0.01694915,0.07627119
0.10483871,0.00806452,0.,0.0483871,0.03225806,0.00806452,0.,0.02419355,0.02016129,0.02016129,0.,0.02016129,0.02419355,0.01612903,0.01612903,0.02822581,0.0483871,0.,0.00806452,0.00403226,0.02016129,0.,0.,0.02016129,0.,0.,0.,0.00806452,0.01612903,0.00806452,0.,0.03629032,0.06854839,0.01209677,0.01612903,0.03225806,0.04435484,0.00403226,0.00403226,0.04435484,0.01209677,0.00806452,0.00403226,0.01209677,0.01209677,0.00806452,0.00403226,0.02016129,0.00403226,0.01209677,0.,0.03225806,0.00403226,0.,0.00806452,0.01612903,0.,0.00403226,0.00806452,0.00403226,0.01612903,0.,0.01612903,0.02822581
0.07432432,0.00675676,0.,0.0472973,0.00675676,0.00675676,0.,0.02702703,0.,0.02027027,0.,0.03378378,0.04054054,0.01351351,0.01351351,0.02027027,0.,0.,0.,0.,0.,0.00675676,0.00675676,0.00675676,0.,0.,0.,0.00675676,0.00675676,0.,0.,0.0472973,0.02702703,0.,0.,0.02702703,0.01351351,0.02027027,0.01351351,0.03378378,0.04054054,0.00675676,0.00675676,0.01351351,0.01351351,0.,0.00675676,0.00675676,0.00675676,0.00675676,0.,0.04054054,0.00675676,0.01351351,0.,0.00675676,0.,0.,0.,0.00675676,0.10135135,0.02702703,0.02702703,0.13513514
0.04580153,0.00381679,0.01145038,0.03435115,0.00381679,0.00763359,0.,0.00763359,0.00763359,0.01526718,0.,0.01526718,0.04580153,0.03053435,0.03053435,0.08778626,0.01145038,0.00763359,0.,0.01526718,0.,0.,0.00381679,0.00763359,0.,0.,0.,0.,0.01526718,0.00381679,0.,0.03435115,0.01526718,0.00381679,0.,0.01526718,0.01908397,0.00381679,0.00381679,0.05343511,0.0610687,0.01526718,0.00763359,0.03435115,0.02671756,0.00381679,0.00381679,0.03816794,0.00381679,0.,0.,0.02671756,0.02290076,0.00763359,0.,0.03816794,0.,0.00381679,0.,0.00763359,0.04198473,0.00381679,0.01526718,0.07633588
0.105,0.005,0.035,0.05,0.,0.005,0.005,0.015,0.02,0.,0.,0.035,0.025,0.005,0.005,0.075,0.025,0.,0.005,0.01,0.005,0.,0.,0.,0.,0.005,0.,0.,0.005,0.,0.,0.03,0.065,0.,0.005,0.07,0.01,0.01,0.,0.035,0.025,0.015,0.005,0.025,0.015,0.005,0.02,0.025,0.,0.,0.,0.01,0.005,0.,0.,0.005,0.005,0.,0.01,0.01,0.08,0.,0.015,0.06
0.09022556,0.0112782,0.0075188,0.09398496,0.02631579,0.0037594,0.0037594,0.02255639,0.01879699,0.0037594,0.0037594,0.03007519,0.03007519,0.01503759,0.02631579,0.04887218,0.04135338,0.0037594,0.0037594,0.0037594,0.0075188,0.,0.,0.0112782,0.0075188,0.,0.,0.0075188,0.0112782,0.,0.0037594,0.03383459,0.04511278,0.,0.02255639,0.04887218,0.0037594,0.0037594,0.,0.0075188,0.0075188,0.0037594,0.0037594,0.0075188,0.02255639,0.,0.0112782,0.02255639,0.0037594,0.0037594,0.,0.03383459,0.,0.0037594,0.,0.04135338,0.,0.,0.0075188,0.,0.06390977,0.0037594,0.0075188,0.04887218
0.09359606,0.,0.,0.02463054,0.01970443,0.00985222,0.,0.00492611,0.00985222,0.00492611,0.,0.01477833,0.05418719,0.01477833,0.00985222,0.06896552,0.00492611,0.00492611,0.,0.01970443,0.00492611,0.00985222,0.,0.01477833,0.,0.,0.,0.,0.01477833,0.,0.00492611,0.03448276,0.03940887,0.00492611,0.,0.01477833,0.05418719,0.00492611,0.,0.05418719,0.02955665,0.00492611,0.00492611,0.00985222,0.02955665,0.00492611,0.00985222,0.02955665,0.00492611,0.00985222,0.,0.01970443,0.01477833,0.,0.00492611,0.01477833,0.,0.00492611,0.00985222,0.00492611,0.05418719,0.00492611,0.03940887,0.07389163
0.05298013,0.,0.01324503,0.03311258,0.01986755,0.00662252,0.,0.03311258,0.01324503,0.,0.,0.01324503,0.01986755,0.01986755,0.05960265,0.05298013,0.01324503,0.,0.,0.05298013,0.00662252,0.00662252,0.,0.01324503,0.,0.,0.,0.01324503,0.,0.,0.,0.03311258,0.03311258,0.00662252,0.00662252,0.01324503,0.01986755,0.,0.01324503,0.02649007,0.01324503,0.,0.,0.02649007,0.01324503,0.00662252,0.01986755,0.04635762,0.,0.,0.00662252,0.0794702,0.,0.,0.,0.01324503,0.,0.,0.02649007,0.01324503,0.04635762,0.,0.01986755,0.07284768
0.0951087,0.01630435,0.00543478,0.05706522,0.02445652,0.00815217,0.,0.02173913,0.00815217,0.01358696,0.,0.0326087,0.0326087,0.00543478,0.01086957,0.03804348,0.04891304,0.,0.00271739,0.00815217,0.00815217,0.,0.00271739,0.01902174,0.,0.00271739,0.,0.00271739,0.01086957,0.00271739,0.,0.0326087,0.04076087,0.01086957,0.,0.05706522,0.0326087,0.00543478,0.,0.05434783,0.0298913,0.01086957,0.,0.01358696,0.01902174,0.00815217,0.00543478,0.03804348,0.00271739,0.01358696,0.,0.01358696,0.01358696,0.,0.00271739,0.02173913,0.,0.00271739,0.00271739,0.,0.03532609,0.00543478,0.00543478,0.04347826
0.04615385,0.00769231,0.02051282,0.05897436,0.00769231,0.00512821,0.0025641,0.01538462,0.01025641,0.00769231,0.,0.02564103,0.02051282,0.00769231,0.01794872,0.04871795,0.03589744,0.,0.,0.02051282,0.00512821,0.,0.,0.02051282,0.,0.,0.,0.00769231,0.0025641,0.,0.,0.05128205,0.08205128,0.0025641,0.02820513,0.05128205,0.02307692,0.00512821,0.01282051,0.02307692,0.03333333,0.00512821,0.01025641,0.02564103,0.01794872,0.,0.00512821,0.02051282,0.,0.0025641,0.0025641,0.04871795,0.00512821,0.0025641,0.,0.00769231,0.,0.,0.02051282,0.00769231,0.04102564,0.0025641,0.00769231,0.05897436
0.10507881,0.00700525,0.01050788,0.05954466,0.00875657,0.,0.00350263,0.01576182,0.01926445,0.00700525,0.00350263,0.05078809,0.02276708,0.01576182,0.01751313,0.05429072,0.04378284,0.,0.00175131,0.00875657,0.00350263,0.,0.,0.01225919,0.,0.,0.,0.00700525,0.01050788,0.00350263,0.,0.03152364,0.07005254,0.00350263,0.02451839,0.04903678,0.01050788,0.00700525,0.00175131,0.02802102,0.01225919,0.,0.00175131,0.01050788,0.00875657,0.00350263,0.00700525,0.01050788,0.00175131,0.,0.,0.03502627,0.01050788,0.,0.00525394,0.01751313,0.,0.00175131,0.00525394,0.00525394,0.06830123,0.00350263,0.01225919,0.06129597
0.05263158,0.02255639,0.0075188,0.10526316,0.0075188,0.01503759,0.0075188,0.01503759,0.01503759,0.01503759,0.,0.,0.03759398,0.01503759,0.0075188,0.03759398,0.03759398,0.,0.,0.01503759,0.0075188,0.,0.,0.0075188,0.,0.01503759,0.,0.0075188,0.01503759,0.,0.,0.03759398,0.06015038,0.0075188,0.01503759,0.05263158,0.0075188,0.01503759,0.,0.06015038,0.03007519,0.,0.,0.,0.01503759,0.01503759,0.,0.02255639,0.,0.,0.,0.02255639,0.0075188,0.0075188,0.,0.01503759,0.0075188,0.,0.,0.,0.09022556,0.,0.,0.04511278
0.11445783,0.,0.03012048,0.06024096,0.0060241,0.,0.,0.0060241,0.01807229,0.01807229,0.,0.01807229,0.03012048,0.0060241,0.02409639,0.04216867,0.03614458,0.,0.,0.,0.,0.,0.,0.0060241,0.,0.,0.,0.01204819,0.,0.,0.,0.01204819,0.06626506,0.0060241,0.03012048,0.05421687,0.03012048,0.,0.,0.03614458,0.01204819,0.0060241,0.01204819,0.01807229,0.,0.0060241,0.0060241,0.02409639,0.,0.,0.,0.03012048,0.0060241,0.,0.,0.01807229,0.0060241,0.,0.,0.01807229,0.08433735,0.,0.,0.09036145
0.07900208,0.02286902,0.01039501,0.05197505,0.03118503,0.00831601,0.,0.01663202,0.01455301,0.01039501,0.,0.01663202,0.02910603,0.01871102,0.01871102,0.07068607,0.02910603,0.002079,0.,0.01455301,0.01039501,0.,0.002079,0.01247401,0.,0.00623701,0.,0.01663202,0.01247401,0.002079,0.,0.02079002,0.06237006,0.00831601,0.01039501,0.06237006,0.02910603,0.01039501,0.00831601,0.02079002,0.01663202,0.004158,0.004158,0.02494802,0.02702703,0.,0.,0.02910603,0.002079,0.,0.,0.02910603,0.01247401,0.,0.,0.02494802,0.,0.002079,0.004158,0.002079,0.04158004,0.004158,0.002079,0.02910603
0.11398964,0.02072539,0.00518135,0.12435233,0.02590674,0.,0.,0.01554404,0.00518135,0.00518135,0.,0.00518135,0.05181347,0.02072539,0.,0.03626943,0.05181347,0.,0.00518135,0.00518135,0.,0.,0.,0.00518135,0.,0.00518135,0.,0.,0.02072539,0.00518135,0.,0.04145078,0.06735751,0.,0.01036269,0.03108808,0.01036269,0.01036269,0.,0.04145078,0.02072539,0.00518135,0.,0.,0.,0.,0.00518135,0.02072539,0.,0.01036269,0.,0.03626943,0.01554404,0.,0.,0.01554404,0.00518135,0.,0.00518135,0.,0.06735751,0.,0.00518135,0.04663212
0.07710843,0.00481928,0.00481928,0.04819277,0.00722892,0.00481928,0.00722892,0.01927711,0.02891566,0.00722892,0.00240964,0.0313253,0.00722892,0.00722892,0.0313253,0.05542169,0.01927711,0.00481928,0.00240964,0.01927711,0.02168675,0.,0.,0.01204819,0.,0.,0.,0.00722892,0.00240964,0.,0.,0.0313253,0.0626506,0.,0.01686747,0.05060241,0.03373494,0.00963855,0.00481928,0.04096386,0.02891566,0.00963855,0.,0.04578313,0.02650602,0.,0.00481928,0.0313253,0.,0.00722892,0.,0.02409639,0.00722892,0.,0.00240964,0.00722892,0.00240964,0.00240964,0.00240964,0.01204819,0.04096386,0.00240964,0.00963855,0.04819277
0.02941176,0.,0.01102941,0.04044118,0.00735294,0.,0.,0.01102941,0.01102941,0.00367647,0.00367647,0.02205882,0.04779412,0.00367647,0.02573529,0.07352941,0.02573529,0.,0.00367647,0.02205882,0.00735294,0.,0.,0.01838235,0.00367647,0.01102941,0.,0.00367647,0.00367647,0.,0.,0.02573529,0.02941176,0.00367647,0.00735294,0.01838235,0.02573529,0.,0.,0.03676471,0.02205882,0.00367647,0.01102941,0.04411765,0.01470588,0.,0.01102941,0.04779412,0.00367647,0.,0.,0.06985294,0.00735294,0.,0.00367647,0.,0.,0.,0.02573529,0.01102941,0.03676471,0.,0.05147059,0.09926471
0.09649123,0.00526316,0.01403509,0.05964912,0.01578947,0.,0.00350877,0.0122807,0.02105263,0.01403509,0.00175439,0.04035088,0.01403509,0.01403509,0.00701754,0.05087719,0.02280702,0.00175439,0.00877193,0.00877193,0.00175439,0.00175439,0.,0.0122807,0.00175439,0.00175439,0.,0.00701754,0.00701754,0.00175439,0.,0.03859649,0.08421053,0.00175439,0.02105263,0.05438596,0.02807018,0.00526316,0.00526316,0.01754386,0.00350877,0.00175439,0.00350877,0.00877193,0.0122807,0.,0.00175439,0.01929825,0.,0.00701754,0.,0.03333333,0.00701754,0.,0.,0.0122807,0.00175439,0.00526316,0.00175439,0.00350877,0.07719298,0.00175439,0.01754386,0.07719298
0.13362069,0.02155172,0.00862069,0.07327586,0.02586207,0.,0.,0.02586207,0.01724138,0.01293103,0.00862069,0.02155172,0.0387931,0.00431034,0.01293103,0.00862069,0.02586207,0.,0.,0.00431034,0.01293103,0.,0.,0.00862069,0.00431034,0.,0.,0.,0.00862069,0.,0.,0.05172414,0.09482759,0.00862069,0.00862069,0.07758621,0.02155172,0.,0.,0.02155172,0.01293103,0.01293103,0.,0.01724138,0.02155172,0.,0.00862069,0.00431034,0.,0.00431034,0.,0.03448276,0.,0.00862069,0.,0.01724138,0.00431034,0.,0.00431034,0.,0.02155172,0.01293103,0.00862069,0.04310345
0.11428571,0.,0.02857143,0.04285714,0.01428571,0.01428571,0.,0.02857143,0.01428571,0.04285714,0.,0.,0.02857143,0.,0.04285714,0.04285714,0.02857143,0.,0.,0.02857143,0.,0.01428571,0.,0.,0.,0.,0.,0.02857143,0.01428571,0.,0.,0.04285714,0.1,0.01428571,0.,0.05714286,0.01428571,0.,0.,0.01428571,0.,0.01428571,0.,0.,0.,0.,0.,0.02857143,0.01428571,0.,0.,0.05714286,0.,0.,0.,0.,0.,0.,0.01428571,0.,0.04285714,0.,0.01428571,0.04285714
0.05405405,0.00900901,0.03603604,0.04504505,0.,0.,0.02702703,0.02702703,0.01801802,0.02702703,0.,0.00900901,0.02702703,0.01801802,0.01801802,0.02702703,0.01801802,0.01801802,0.,0.03603604,0.,0.,0.,0.02702703,0.,0.01801802,0.,0.00900901,0.00900901,0.,0.,0.00900901,0.06306306,0.,0.03603604,0.0990991,0.00900901,0.01801802,0.,0.00900901,0.,0.00900901,0.01801802,0.01801802,0.00900901,0.00900901,0.00900901,0.,0.,0.01801802,0.,0.06306306,0.00900901,0.,0.,0.,0.00900901,0.,0.,0.00900901,0.00900901,0.,0.00900901,0.08108108
0.08536585,0.00406504,0.01219512,0.06504065,0.0203252,0.00406504,0.00406504,0.0203252,0.02845528,0.00406504,0.00406504,0.03252033,0.04471545,0.0203252,0.0203252,0.04065041,0.03252033,0.,0.00406504,0.00813008,0.00406504,0.,0.00406504,0.,0.,0.,0.,0.00406504,0.00406504,0.,0.,0.02845528,0.04065041,0.00406504,0.01219512,0.05284553,0.01626016,0.01219512,0.,0.02845528,0.0203252,0.01626016,0.,0.02439024,0.00813008,0.,0.00813008,0.02845528,0.,0.00813008,0.00406504,0.03658537,0.0203252,0.,0.,0.01219512,0.,0.00813008,0.00813008,0.00813008,0.04878049,0.01626016,0.01626016,0.04065041
0.07352941,0.,0.02205882,0.07352941,0.01470588,0.,0.,0.02941176,0.02941176,0.00735294,0.,0.00735294,0.02205882,0.,0.03676471,0.01470588,0.02941176,0.,0.,0.01470588,0.02941176,0.,0.00735294,0.02205882,0.,0.,0.,0.00735294,0.,0.,0.,0.05147059,0.05147059,0.,0.,0.04411765,0.03676471,0.00735294,0.00735294,0.02205882,0.03676471,0.,0.00735294,0.00735294,0.00735294,0.,0.01470588,0.02205882,0.00735294,0.,0.,0.04411765,0.,0.,0.,0.00735294,0.,0.00735294,0.,0.02205882,0.05147059,0.,0.00735294,0.09558824
0.06756757,0.0045045,0.01351351,0.07657658,0.0045045,0.0045045,0.,0.01351351,0.00900901,0.01351351,0.,0.01801802,0.02702703,0.0045045,0.02702703,0.03153153,0.03153153,0.,0.,0.02702703,0.,0.,0.,0.0045045,0.,0.0045045,0.,0.01801802,0.00900901,0.01351351,0.,0.04054054,0.09009009,0.,0.0045045,0.04504505,0.03603604,0.0045045,0.,0.03603604,0.01351351,0.00900901,0.,0.01351351,0.00900901,0.0045045,0.0045045,0.02252252,0.0045045,0.00900901,0.,0.04954955,0.00900901,0.,0.0045045,0.01801802,0.,0.0045045,0.01351351,0.0045045,0.05405405,0.00900901,0.01351351,0.04954955
0.09045226,0.,0.03517588,0.02512563,0.00502513,0.,0.00502513,0.01005025,0.01005025,0.01005025,0.00502513,0.01507538,0.03517588,0.,0.02512563,0.03015075,0.01507538,0.,0.00502513,0.01507538,0.00502513,0.,0.,0.01507538,0.,0.00502513,0.,0.00502513,0.00502513,0.,0.,0.03517588,0.09045226,0.,0.01507538,0.07537688,0.00502513,0.,0.00502513,0.01507538,0.02512563,0.00502513,0.01005025,0.0201005,0.02512563,0.,0.01005025,0.03015075,0.,0.,0.00502513,0.05527638,0.01507538,0.,0.,0.03015075,0.,0.00502513,0.0201005,0.01507538,0.03517588,0.00502513,0.01005025,0.06532663
0.08119658,0.,0.01709402,0.05128205,0.02564103,0.0042735,0.01282051,0.02991453,0.,0.0042735,0.00854701,0.02991453,0.03418803,0.0042735,0.00854701,0.06410256,0.01709402,0.,0.,0.02136752,0.01282051,0.0042735,0.,0.,0.,0.00854701,0.,0.01282051,0.0042735,0.,0.0042735,0.03418803,0.08119658,0.0042735,0.02136752,0.03846154,0.02136752,0.00854701,0.,0.02564103,0.01282051,0.01709402,0.0042735,0.01709402,0.02136752,0.,0.01282051,0.01709402,0.0042735,0.,0.,0.02136752,0.,0.,0.,0.00854701,0.,0.0042735,0.,0.02136752,0.04273504,0.,0.02564103,0.07264957
0.10599078,0.00460829,0.02764977,0.01382488,0.00460829,0.,0.00460829,0.01382488,0.02304147,0.01843318,0.00460829,0.03225806,0.01843318,0.03686636,0.02764977,0.04147465,0.03686636,0.00921659,0.,0.02304147,0.00921659,0.00460829,0.,0.01843318,0.00460829,0.,0.,0.00921659,0.01382488,0.00460829,0.,0.02304147,0.04147465,0.00921659,0.,0.04608295,0.02304147,0.00460829,0.00460829,0.02764977,0.01382488,0.,0.00921659,0.02764977,0.00921659,0.00460829,0.00460829,0.01382488,0.,0.,0.,0.03686636,0.00921659,0.00460829,0.00460829,0.00921659,0.00460829,0.00460829,0.02304147,0.00460829,0.03686636,0.00921659,0.01843318,0.05990783
0.05730659,0.00286533,0.01432665,0.04011461,0.00859599,0.01146132,0.00573066,0.02292264,0.0286533,0.00859599,0.00859599,0.02292264,0.02005731,0.02578797,0.02578797,0.03438395,0.03724928,0.00286533,0.,0.03438395,0.01432665,0.00286533,0.,0.00286533,0.,0.00859599,0.,0.00286533,0.00573066,0.,0.00573066,0.02578797,0.06303725,0.,0.02578797,0.04584527,0.02005731,0.00286533,0.00573066,0.05157593,0.01432665,0.01432665,0.01146132,0.01719198,0.02005731,0.,0.00859599,0.01432665,0.00286533,0.,0.,0.03151862,0.01146132,0.,0.00286533,0.01719198,0.,0.,0.01432665,0.01432665,0.05730659,0.,0.00859599,0.04297994
