0.04521277,0.0212766,0.04787234,0.04255319,0.01329787,0.0106383,0.,0.01861702,0.01861702,0.0106383,0.01329787,0.00531915,0.03989362,0.01329787,0.0212766,0.05851064,0.00797872,0.00265957,0.00265957,0.00797872,0.02925532,0.,0.,0.00531915,0.,0.,0.,0.,0.0106383,0.,0.,0.00265957,0.01329787,0.0106383,0.06648936,0.06648936,0.0212766,0.00265957,0.00265957,0.03723404,0.02925532,0.00265957,0.01595745,0.0106383,0.00531915,0.00797872,0.00265957,0.03191489,0.,0.0106383,0.,0.03723404,0.01595745,0.,0.,0.02659574,0.00265957,0.00797872,0.00265957,0.0106383,0.04787234,0.0106383,0.01329787,0.03723404
0.06860158,0.02110818,0.05804749,0.05804749,0.02638522,0.00527704,0.00263852,0.01319261,0.01055409,0.01055409,0.00263852,0.01055409,0.03957784,0.01583113,0.01319261,0.05013193,0.00527704,0.00527704,0.00527704,0.01319261,0.02110818,0.,0.,0.01055409,0.,0.,0.,0.,0.00791557,0.,0.,0.01319261,0.03693931,0.,0.02902375,0.07651715,0.01846966,0.00791557,0.00791557,0.03166227,0.0237467,0.00791557,0.00527704,0.01583113,0.01055409,0.01055409,0.00263852,0.05540897,0.00263852,0.00791557,0.,0.01846966,0.00791557,0.00263852,0.,0.01319261,0.,0.01319261,0.00791557,0.01055409,0.04221636,0.00791557,0.01846966,0.01846966
0.11111111,0.00505051,0.03535354,0.04545455,0.02020202,0.,0.,0.00505051,0.02020202,0.00505051,0.00505051,0.01010101,0.05555556,0.01010101,0.01010101,0.05050505,0.00505051,0.,0.,0.00505051,0.01515152,0.00505051,0.00505051,0.01515152,0.,0.,0.,0.00505051,0.00505051,0.,0.,0.01515152,0.06060606,0.01010101,0.03535354,0.04545455,0.02020202,0.,0.,0.01515152,0.05555556,0.01010101,0.01010101,0.01010101,0.01515152,0.01010101,0.,0.01515152,0.00505051,0.,0.,0.02525253,0.00505051,0.01010101,0.,0.02020202,0.,0.,0.00505051,0.02020202,0.06565657,0.,0.03030303,0.03535354
0.07906977,0.00930233,0.05116279,0.0372093,0.01860465,0.,0.00465116,0.00930233,0.02790698,0.01860465,0.02790698,0.01395349,0.03255814,0.01860465,0.01395349,0.0372093,0.00465116,0.00930233,0.,0.,0.00930233,0.,0.00465116,0.00465116,0.00930233,0.,0.,0.,0.00930233,0.01395349,0.,0.01860465,0.05116279,0.01395349,0.02325581,0.01860465,0.01860465,0.00465116,0.00465116,0.,0.02325581,0.00465116,0.00465116,0.00465116,0.02325581,0.,0.00465116,0.04651163,0.,0.01395349,0.,0.03255814,0.00930233,0.00465116,0.02325581,0.00465116,0.00465116,0.00930233,0.02325581,0.00465116,0.06046512,0.05116279,0.00930233,0.01860465
0.11019284,0.0137741,0.01928375,0.0523416,0.01928375,0.,0.,0.01652893,0.01928375,0.00275482,0.00550964,0.00826446,0.04407713,0.01101928,0.01652893,0.0661157,0.00550964,0.,0.00275482,0.00550964,0.02203857,0.,0.,0.00275482,0.,0.,0.,0.,0.00550964,0.,0.,0.01652893,0.03581267,0.00275482,0.04132231,0.04132231,0.01652893,0.,0.00550964,0.04407713,0.05509642,0.01101928,0.01652893,0.0137741,0.01101928,0.,0.00826446,0.04683196,0.00275482,0.00275482,0.,0.03305785,0.01652893,0.,0.00275482,0.0137741,0.,0.,0.00826446,0.01101928,0.0523416,0.00826446,0.01101928,0.02203857
0.05945946,0.01621622,0.00540541,0.03243243,0.02702703,0.,0.00540541,0.00540541,0.01081081,0.01081081,0.01081081,0.02162162,0.04864865,0.00540541,0.02162162,0.09189189,0.,0.01081081,0.,0.01081081,0.01081081,0.,0.00540541,0.,0.,0.,0.,0.,0.01621622,0.,0.,0.00540541,0.03243243,0.,0.02162162,0.01621622,0.01621622,0.,0.00540541,0.01081081,0.03243243,0.00540541,0.00540541,0.01081081,0.03243243,0.,0.01621622,0.03783784,0.00540541,0.00540541,0.,0.06486486,0.02162162,0.00540541,0.,0.00540541,0.,0.01081081,0.,0.,0.05945946,0.00540541,0.05405405,0.08648649
0.04259259,0.01666667,0.04074074,0.04444444,0.01666667,0.0037037,0.,0.02037037,0.04074074,0.0037037,0.01111111,0.00740741,0.04074074,0.0037037,0.02962963,0.0462963,0.01296296,0.,0.00555556,0.01666667,0.01481481,0.,0.0037037,0.0037037,0.,0.,0.,0.,0.0037037,0.,0.00185185,0.0037037,0.05,0.01111111,0.03703704,0.04074074,0.01851852,0.00740741,0.0037037,0.03888889,0.07592593,0.0037037,0.01296296,0.00925926,0.01111111,0.00925926,0.00185185,0.0462963,0.00185185,0.00740741,0.,0.02592593,0.00185185,0.0037037,0.00185185,0.00740741,0.,0.00740741,0.00555556,0.00555556,0.03888889,0.00555556,0.02777778,0.0462963
0.11926606,0.00917431,0.02293578,0.02752294,0.01376147,0.00917431,0.,0.00458716,0.05963303,0.,0.00458716,0.00458716,0.03211009,0.,0.03669725,0.04587156,0.01834862,0.00458716,0.00917431,0.00458716,0.03211009,0.00458716,0.,0.02293578,0.,0.,0.,0.,0.00917431,0.,0.,0.01834862,0.08256881,0.01834862,0.02752294,0.0412844,0.00917431,0.00458716,0.,0.00917431,0.01834862,0.,0.01376147,0.01376147,0.01834862,0.00458716,0.00917431,0.02293578,0.,0.01834862,0.00458716,0.0412844,0.00917431,0.,0.,0.,0.,0.00458716,0.01376147,0.,0.0412844,0.00917431,0.00917431,0.0412844
0.07888041,0.01399491,0.03307888,0.02671756,0.01526718,0.,0.,0.01653944,0.04961832,0.00763359,0.00890585,0.00636132,0.04580153,0.00763359,0.01017812,0.04834606,0.01145038,0.00381679,0.00254453,0.0216285,0.0216285,0.00127226,0.00381679,0.01653944,0.,0.,0.,0.,0.01017812,0.00127226,0.00508906,0.01145038,0.03689567,0.01399491,0.04198473,0.05089059,0.00890585,0.00127226,0.,0.01653944,0.04452926,0.00763359,0.00636132,0.01399491,0.0178117,0.00254453,0.00381679,0.02798982,0.00127226,0.00890585,0.,0.04707379,0.02035623,0.00254453,0.,0.01145038,0.,0.01145038,0.01399491,0.00890585,0.04452926,0.00890585,0.01526718,0.03053435
0.05660377,0.06603774,0.00943396,0.03773585,0.01886792,0.,0.,0.02830189,0.01886792,0.,0.00943396,0.00943396,0.02830189,0.04716981,0.,0.08490566,0.,0.00943396,0.00943396,0.04716981,0.02830189,0.00943396,0.01886792,0.00943396,0.00943396,0.,0.00943396,0.,0.00943396,0.00943396,0.02830189,0.01886792,0.00943396,0.,0.,0.01886792,0.00943396,0.01886792,0.,0.,0.00943396,0.,0.,0.02830189,0.00943396,0.,0.,0.,0.00943396,0.02830189,0.,0.01886792,0.00943396,0.01886792,0.,0.02830189,0.,0.,0.01886792,0.00943396,0.02830189,0.04716981,0.00943396,0.03773585
0.0941704,0.00896861,0.03587444,0.01793722,0.02690583,0.00896861,0.,0.00896861,0.03139013,0.0044843,0.01345291,0.01793722,0.05381166,0.0044843,0.01793722,0.05381166,0.00896861,0.,0.0044843,0.00896861,0.00896861,0.,0.,0.0044843,0.,0.,0.0044843,0.,0.01345291,0.0044843,0.,0.00896861,0.04932735,0.00896861,0.04035874,0.05829596,0.02242152,0.0044843,0.0044843,0.02690583,0.03139013,0.0044843,0.01345291,0.01793722,0.01345291,0.0044843,0.,0.04484305,0.0044843,0.01345291,0.,0.,0.,0.0044843,0.,0.01345291,0.,0.,0.,0.00896861,0.06278027,0.0044843,0.02242152,0.05381166
0.03044496,0.00234192,0.01405152,0.01405152,0.03044496,0.00234192,0.00234192,0.0117096,0.01639344,0.00234192,0.00468384,0.0117096,0.05152225,0.01405152,0.02810304,0.05386417,0.00234192,0.00234192,0.,0.00936768,0.03512881,0.,0.00468384,0.00936768,0.,0.,0.,0.,0.00702576,0.00468384,0.,0.02810304,0.0234192,0.00702576,0.01639344,0.03278689,0.03278689,0.00702576,0.00702576,0.03747073,0.04683841,0.00702576,0.00702576,0.03044496,0.01405152,0.00468384,0.01405152,0.03278689,0.00234192,0.00468384,0.,0.03512881,0.0234192,0.00702576,0.00468384,0.00936768,0.,0.,0.00234192,0.00936768,0.07728337,0.0117096,0.05152225,0.04683841
0.12019231,0.01442308,0.02884615,0.03365385,0.01442308,0.00480769,0.00480769,0.01923077,0.02884615,0.00480769,0.01442308,0.,0.05769231,0.01923077,0.00480769,0.08653846,0.00480769,0.,0.,0.,0.02403846,0.,0.,0.02884615,0.,0.,0.,0.,0.00961538,0.,0.,0.01442308,0.03846154,0.00480769,0.04326923,0.05769231,0.01442308,0.,0.00480769,0.01923077,0.02884615,0.,0.00961538,0.00961538,0.01923077,0.00961538,0.00961538,0.02403846,0.,0.00961538,0.,0.02884615,0.02403846,0.,0.,0.01442308,0.00480769,0.00480769,0.,0.01442308,0.04807692,0.00480769,0.00480769,0.00961538
0.04807692,0.,0.02884615,0.02884615,0.00961538,0.,0.,0.,0.,0.01923077,0.,0.,0.05769231,0.00961538,0.,0.09615385,0.,0.,0.00961538,0.00961538,0.00961538,0.,0.,0.,0.,0.,0.,0.,0.00961538,0.00961538,0.00961538,0.03846154,0.01923077,0.00961538,0.,0.01923077,0.02884615,0.,0.00961538,0.02884615,0.09615385,0.00961538,0.01923077,0.00961538,0.00961538,0.,0.02884615,0.01923077,0.00961538,0.,0.,0.01923077,0.02884615,0.,0.01923077,0.01923077,0.,0.,0.00961538,0.,0.03846154,0.03846154,0.03846154,0.07692308
0.06666667,0.,0.02222222,0.02222222,0.02222222,0.,0.,0.06666667,0.04444444,0.,0.,0.,0.06666667,0.,0.02222222,0.08888889,0.,0.,0.,0.,0.,0.,0.,0.,0.,0.,0.,0.,0.,0.,0.,0.04444444,0.06666667,0.,0.04444444,0.06666667,0.02222222,0.,0.,0.04444444,0.04444444,0.,0.02222222,0.,0.,0.,0.,0.02222222,0.02222222,0.,0.,0.02222222,0.,0.,0.04444444,0.,0.,0.,0.,0.,0.11111111,0.,0.,0.
0.07017544,0.02631579,0.02631579,0.07017544,0.,0.,0.00877193,0.00877193,0.00877193,0.01754386,0.,0.01754386,0.06140351,0.01754386,0.01754386,0.02631579,0.01754386,0.,0.00877193,0.,0.01754386,0.00877193,0.,0.02631579,0.,0.,0.,0.,0.,0.00877193,0.,0.01754386,0.03508772,0.02631579,0.05263158,0.03508772,0.02631579,0.,0.,0.01754386,0.01754386,0.,0.,0.,0.03508772,0.,0.,0.04385965,0.00877193,0.,0.,0.03508772,0.00877193,0.00877193,0.,0.03508772,0.,0.,0.00877193,0.00877193,0.04385965,0.01754386,0.00877193,0.04385965
0.04868914,0.01498127,0.02621723,0.01498127,0.02996255,0.,0.00374532,0.01123596,0.06741573,0.,0.00749064,0.00374532,0.01498127,0.01872659,0.02996255,0.03745318,0.01123596,0.01872659,0.01872659,0.01123596,0.0411985,0.,0.00749064,0.01123596,0.,0.,0.,0.,0.00374532,0.,0.00374532,0.00374532,0.05243446,0.02247191,0.04494382,0.05992509,0.01872659,0.,0.,0.02621723,0.04868914,0.,0.01498127,0.01498127,0.00749064,0.00749064,0.,0.04494382,0.00374532,0.02247191,0.,0.02247191,0.00749064,0.00374532,0.00374532,0.,0.,0.,0.00374532,0.00374532,0.03370787,0.01872659,0.03370787,0.01872659
0.02,0.01142857,0.01428571,0.01714286,0.02857143,0.,0.00571429,0.01714286,0.01714286,0.01142857,0.02,0.,0.04571429,0.02571429,0.05142857,0.05428571,0.00285714,0.,0.01142857,0.00571429,0.02571429,0.00285714,0.00571429,0.,0.,0.,0.,0.,0.00285714,0.00285714,0.00571429,0.01428571,0.00285714,0.00857143,0.01714286,0.02,0.03428571,0.01714286,0.00285714,0.04857143,0.05428571,0.00285714,0.01714286,0.01428571,0.02285714,0.,0.00285714,0.04,0.00285714,0.01428571,0.,0.02857143,0.01142857,0.00285714,0.,0.01714286,0.,0.01142857,0.01142857,0.00285714,0.07428571,0.01142857,0.03428571,0.05142857
0.04693878,0.01836735,0.04285714,0.03061224,0.02040816,0.,0.00204082,0.01020408,0.04693878,0.00816327,0.02244898,0.0122449,0.04081633,0.00612245,0.01428571,0.03673469,0.00612245,0.00612245,0.01020408,0.00816327,0.03061224,0.00204082,0.00204082,0.00612245,0.,0.,0.,0.,0.00612245,0.00408163,0.00204082,0.01428571,0.04897959,0.00816327,0.04693878,0.04285714,0.01428571,0.00408163,0.00612245,0.03265306,0.02857143,0.0122449,0.00204082,0.00816327,0.01632653,0.00816327,0.00204082,0.05510204,0.00204082,0.01020408,0.,0.03469388,0.00408163,0.00204082,0.,0.00816327,0.,0.01428571,0.,0.03265306,0.04489796,0.01020408,0.01428571,0.02857143
0.02777778,0.01388889,0.04861111,0.02777778,0.00694444,0.00694444,0.,0.00694444,0.10416667,0.01388889,0.00694444,0.01388889,0.03472222,0.02083333,0.02083333,0.05555556,0.00694444,0.,0.01388889,0.00694444,0.03472222,0.,0.,0.,0.,0.,0.,0.,0.,0.00694444,0.,0.02083333,0.03472222,0.02083333,0.0625,0.03472222,0.02083333,0.,0.,0.03472222,0.02083333,0.,0.,0.03472222,0.,0.,0.,0.02777778,0.00694444,0.00694444,0.,0.03472222,0.00694444,0.,0.,0.,0.,0.00694444,0.,0.02083333,0.0625,0.02083333,0.02083333,0.02083333
0.09189189,0.01081081,0.,0.06486486,0.,0.00540541,0.00540541,0.01081081,0.03783784,0.01081081,0.00540541,0.00540541,0.05405405,0.01081081,0.03243243,0.05405405,0.,0.,0.,0.00540541,0.02162162,0.,0.,0.02162162,0.,0.,0.,0.,0.00540541,0.,0.,0.01621622,0.02702703,0.01621622,0.02162162,0.04324324,0.01621622,0.01081081,0.01081081,0.03243243,0.03243243,0.,0.00540541,0.00540541,0.02162162,0.00540541,0.00540541,0.05405405,0.00540541,0.00540541,0.,0.02162162,0.04324324,0.,0.,0.00540541,0.,0.00540541,0.01081081,0.01081081,0.04864865,0.01081081,0.02702703,0.02702703
0.09695817,0.01140684,0.03041825,0.04752852,0.01520913,0.00570342,0.00190114,0.0095057,0.02471483,0.00380228,0.01140684,0.01520913,0.06273764,0.00570342,0.01520913,0.05513308,0.,0.,0.00760456,0.00760456,0.02851711,0.,0.,0.00190114,0.,0.,0.,0.,0.01520913,0.,0.00570342,0.00190114,0.04752852,0.00760456,0.05703422,0.05703422,0.02281369,0.00760456,0.00380228,0.03612167,0.02851711,0.00570342,0.0095057,0.00570342,0.0095057,0.00570342,0.00380228,0.02851711,0.00190114,0.0095057,0.,0.01901141,0.00760456,0.00190114,0.,0.0095057,0.,0.00380228,0.00190114,0.00570342,0.05703422,0.00570342,0.02661597,0.03231939
0.06748466,0.02453988,0.0408998,0.03680982,0.04498978,0.00613497,0.00204499,0.00408998,0.0204499,0.00613497,0.00613497,0.00613497,0.03067485,0.01022495,0.03067485,0.0408998,0.00613497,0.00408998,0.00817996,0.00204499,0.03885481,0.,0.00408998,0.00817996,0.,0.,0.,0.,0.00408998,0.,0.00408998,0.00204499,0.05521472,0.02249489,0.03476483,0.03476483,0.01840491,0.00613497,0.00204499,0.0408998,0.02862986,0.00613497,0.00408998,0.01022495,0.00817996,0.00408998,0.,0.06134969,0.00204499,0.01022495,0.,0.0204499,0.01840491,0.,0.,0.01022495,0.,0.01226994,0.01226994,0.00817996,0.0593047,0.01022495,0.01226994,0.02658487
0.19672131,0.,0.01639344,0.03278689,0.,0.,0.01639344,0.01639344,0.06557377,0.,0.01639344,0.,0.,0.01639344,0.04918033,0.01639344,0.,0.,0.,0.,0.08196721,0.,0.,0.,0.,0.,0.,0.,0.01639344,0.,0.,0.,0.01639344,0.,0.06557377,0.01639344,0.01639344,0.,0.,0.01639344,0.03278689,0.,0.01639344,0.,0.03278689,0.,0.01639344,0.,0.01639344,0.,0.,0.03278689,0.,0.,0.,0.01639344,0.,0.01639344,0.01639344,0.04918033,0.06557377,0.,0.,0.01639344
0.02290076,0.02290076,0.04580153,0.02671756,0.01908397,0.00381679,0.,0.02290076,0.05725191,0.01145038,0.01526718,0.01526718,0.05725191,0.01526718,0.03816794,0.04580153,0.01145038,0.00381679,0.01145038,0.01145038,0.01908397,0.00381679,0.,0.01145038,0.,0.,0.,0.,0.01526718,0.00381679,0.,0.,0.04961832,0.01908397,0.05343511,0.03435115,0.01145038,0.00381679,0.00381679,0.02290076,0.05343511,0.00381679,0.01145038,0.01145038,0.01526718,0.01145038,0.00763359,0.04580153,0.,0.00381679,0.,0.01145038,0.01145038,0.00381679,0.,0.01145038,0.00381679,0.,0.00381679,0.,0.05725191,0.,0.01145038,0.01145038
0.14141414,0.02020202,0.,0.02020202,0.01010101,0.01010101,0.,0.02020202,0.01010101,0.,0.01010101,0.01010101,0.07070707,0.01010101,0.01010101,0.07070707,0.01010101,0.01010101,0.,0.01010101,0.01010101,0.,0.,0.01010101,0.,0.,0.,0.,0.02020202,0.,0.,0.,0.09090909,0.03030303,0.03030303,0.03030303,0.01010101,0.01010101,0.,0.,0.,0.01010101,0.,0.,0.01010101,0.,0.,0.02020202,0.01010101,0.01010101,0.,0.06060606,0.02020202,0.01010101,0.,0.04040404,0.,0.,0.,0.,0.08080808,0.,0.03030303,0.01010101
0.02884615,0.,0.,0.05769231,0.03846154,0.00961538,0.00961538,0.02884615,0.00961538,0.00961538,0.,0.01923077,0.03846154,0.00961538,0.02884615,0.06730769,0.02884615,0.,0.,0.,0.01923077,0.,0.01923077,0.01923077,0.,0.,0.,0.,0.,0.,0.,0.02884615,0.00961538,0.,0.00961538,0.01923077,0.01923077,0.,0.,0.00961538,0.02884615,0.,0.00961538,0.02884615,0.02884615,0.,0.,0.05769231,0.00961538,0.,0.,0.03846154,0.00961538,0.,0.,0.00961538,0.,0.,0.04807692,0.,0.05769231,0.00961538,0.02884615,0.09615385
0.04143646,0.01381215,0.03314917,0.0359116,0.01381215,0.00276243,0.,0.01381215,0.0441989,0.01381215,0.00552486,0.01657459,0.04143646,0.,0.03314917,0.04696133,0.01104972,0.00276243,0.00552486,0.01104972,0.03314917,0.,0.,0.01104972,0.,0.,0.,0.,0.00552486,0.,0.00276243,0.00552486,0.04143646,0.01657459,0.04972376,0.04143646,0.01933702,0.00276243,0.,0.02209945,0.04143646,0.00828729,0.01104972,0.01657459,0.00276243,0.01104972,0.00552486,0.04696133,0.00276243,0.01933702,0.,0.01933702,0.01381215,0.,0.,0.01933702,0.,0.00276243,0.00276243,0.01104972,0.05524862,0.01381215,0.02209945,0.0359116
0.06930693,0.,0.03960396,0.03960396,0.,0.,0.01980198,0.00990099,0.02970297,0.01980198,0.04950495,0.03960396,0.04950495,0.01980198,0.02970297,0.01980198,0.00990099,0.01980198,0.,0.,0.00990099,0.,0.,0.,0.,0.,0.,0.,0.00990099,0.01980198,0.,0.02970297,0.02970297,0.00990099,0.03960396,0.00990099,0.00990099,0.,0.,0.,0.,0.,0.01980198,0.,0.01980198,0.,0.00990099,0.05940594,0.,0.01980198,0.,0.02970297,0.00990099,0.00990099,0.02970297,0.,0.00990099,0.,0.01980198,0.,0.05940594,0.04950495,0.,0.01980198
0.1003861,0.02316602,0.01930502,0.05405405,0.,0.00772201,0.003861,0.01544402,0.02702703,0.003861,0.01158301,0.00772201,0.05405405,0.00772201,0.02316602,0.04633205,0.00772201,0.,0.003861,0.01158301,0.01930502,0.,0.,0.003861,0.,0.,0.,0.,0.01544402,0.,0.,0.00772201,0.05405405,0.003861,0.03088803,0.06949807,0.03088803,0.01158301,0.,0.01158301,0.01544402,0.00772201,0.00772201,0.01158301,0.003861,0.003861,0.003861,0.03474903,0.003861,0.00772201,0.,0.02702703,0.01544402,0.,0.,0.01930502,0.,0.01930502,0.003861,0.,0.06949807,0.003861,0.01158301,0.04247104
0.05084746,0.01694915,0.,0.01694915,0.01694915,0.,0.,0.,0.01694915,0.,0.03389831,0.,0.05084746,0.03389831,0.05084746,0.08474576,0.,0.,0.,0.,0.,0.,0.,0.,0.,0.,0.,0.,0.,0.,0.,0.01694915,0.05084746,0.,0.,0.05084746,0.05084746,0.01694915,0.,0.,0.01694915,0.01694915,0.,0.03389831,0.01694915,0.,0.,0.01694915,0.,0.01694915,0.,0.03389831,0.,0.,0.,0.,0.01694915,0.,0.01694915,0.01694915,0.06779661,0.,0.03389831,0.13559322
0.06802721,0.00680272,0.02040816,0.04761905,0.04081633,0.00680272,0.,0.02040816,0.01360544,0.02040816,0.01360544,0.01360544,0.04761905,0.02040816,0.04081633,0.02040816,0.,0.,0.02040816,0.01360544,0.03401361,0.,0.00680272,0.,0.,0.,0.,0.,0.02040816,0.00680272,0.,0.01360544,0.04081633,0.01360544,0.04761905,0.02040816,0.02721088,0.01360544,0.,0.03401361,0.01360544,0.,0.01360544,0.,0.01360544,0.,0.00680272,0.00680272,0.,0.01360544,0.00680272,0.06122449,0.02040816,0.,0.,0.00680272,0.,0.,0.,0.,0.05442177,0.02040816,0.03401361,0.01360544
0.06445672,0.01473297,0.02762431,0.03867403,0.01841621,0.00736648,0.,0.00736648,0.02762431,0.,0.01841621,0.00736648,0.06077348,0.00736648,0.01657459,0.0441989,0.00368324,0.,0.00184162,0.01104972,0.01841621,0.00184162,0.,0.00736648,0.,0.,0.,0.,0.00736648,0.00736648,0.00184162,0.0092081,0.04604052,0.01104972,0.0441989,0.053407,0.02394107,0.00184162,0.,0.02394107,0.03314917,0.00552486,0.01657459,0.02209945,0.01657459,0.00368324,0.01473297,0.04604052,0.00184162,0.0092081,0.,0.03130755,0.01473297,0.00184162,0.00368324,0.01289134,0.,0.00368324,0.00184162,0.01289134,0.04972376,0.00552486,0.01841621,0.03867403
0.10858586,0.01262626,0.01767677,0.06060606,0.02777778,0.00505051,0.,0.00505051,0.01767677,0.,0.00757576,0.02272727,0.05808081,0.01262626,0.01767677,0.04292929,0.00505051,0.,0.,0.00505051,0.01262626,0.,0.,0.00505051,0.,0.,0.,0.,0.01010101,0.00252525,0.00757576,0.00252525,0.09848485,0.02020202,0.0479798,0.05050505,0.00757576,0.00252525,0.00505051,0.00757576,0.02777778,0.00252525,0.00505051,0.01262626,0.01010101,0.00505051,0.00252525,0.0479798,0.00252525,0.02020202,0.,0.04292929,0.01262626,0.00252525,0.,0.00505051,0.,0.00252525,0.00757576,0.00505051,0.03787879,0.,0.02020202,0.02020202
0.06439394,0.,0.02651515,0.02651515,0.01136364,0.00378788,0.00378788,0.01515152,0.02272727,0.00378788,0.01893939,0.01515152,0.04166667,0.,0.04545455,0.05681818,0.00378788,0.,0.,0.01136364,0.01893939,0.00378788,0.,0.01136364,0.,0.,0.,0.,0.00378788,0.,0.,0.01515152,0.06060606,0.00757576,0.01515152,0.06060606,0.02651515,0.,0.,0.06439394,0.02651515,0.,0.01136364,0.02651515,0.01515152,0.00757576,0.01136364,0.05681818,0.00378788,0.00757576,0.,0.02272727,0.02272727,0.,0.00378788,0.01893939,0.,0.,0.,0.,0.06439394,0.00757576,0.01515152,0.01893939
0.08333333,0.01436782,0.02586207,0.02586207,0.01149425,0.00287356,0.00287356,0.01436782,0.04310345,0.01149425,0.00287356,0.00287356,0.04885057,0.00574713,0.01436782,0.06896552,0.00862069,0.00287356,0.00862069,0.01724138,0.01436782,0.00287356,0.,0.00862069,0.,0.,0.,0.,0.,0.,0.,0.01436782,0.08045977,0.01436782,0.03448276,0.04885057,0.01724138,0.00862069,0.,0.02586207,0.03448276,0.00574713,0.00574713,0.00862069,0.01436782,0.00574713,0.00574713,0.05172414,0.00287356,0.00574713,0.,0.02586207,0.02873563,0.00574713,0.,0.01149425,0.,0.00287356,0.00862069,0.,0.04597701,0.00287356,0.01724138,0.02298851
0.07407407,0.00823045,0.03292181,0.00411523,0.01646091,0.,0.,0.02469136,0.07407407,0.,0.01234568,0.00411523,0.02057613,0.01234568,0.01646091,0.02469136,0.00823045,0.04115226,0.,0.00411523,0.05761317,0.,0.,0.00823045,0.,0.,0.,0.,0.,0.,0.,0.,0.04115226,0.00411523,0.01646091,0.02469136,0.03703704,0.,0.,0.03292181,0.10699588,0.,0.,0.03703704,0.00823045,0.01646091,0.,0.0781893,0.00411523,0.00823045,0.,0.01646091,0.02057613,0.,0.,0.01646091,0.,0.00411523,0.00411523,0.01234568,0.03292181,0.01234568,0.01646091,0.00411523
0.06410256,0.,0.01282051,0.02564103,0.01282051,0.,0.,0.03846154,0.02564103,0.,0.,0.,0.05128205,0.01282051,0.06410256,0.05128205,0.01282051,0.,0.,0.01282051,0.01282051,0.,0.,0.,0.,0.,0.,0.,0.,0.,0.,0.01282051,0.,0.,0.01282051,0.03846154,0.,0.,0.,0.03846154,0.01282051,0.,0.,0.03846154,0.01282051,0.,0.05128205,0.03846154,0.01282051,0.05128205,0.,0.02564103,0.01282051,0.,0.,0.,0.,0.,0.01282051,0.,0.08974359,0.01282051,0.05128205,0.07692308
0.06622517,0.02649007,0.03311258,0.00662252,0.02649007,0.,0.,0.01324503,0.09933775,0.00662252,0.01324503,0.00662252,0.01324503,0.01986755,0.03311258,0.04635762,0.00662252,0.01324503,0.01986755,0.,0.01986755,0.,0.,0.01324503,0.,0.,0.,0.,0.,0.00662252,0.,0.00662252,0.04635762,0.01986755,0.02649007,0.0397351,0.02649007,0.,0.,0.02649007,0.04635762,0.,0.00662252,0.01986755,0.01324503,0.,0.,0.05298013,0.00662252,0.00662252,0.,0.02649007,0.01986755,0.,0.,0.00662252,0.,0.,0.00662252,0.01324503,0.05298013,0.,0.01324503,0.02649007
0.0942029,0.03623188,0.03623188,0.01449275,0.03623188,0.02173913,0.,0.,0.0942029,0.01449275,0.,0.,0.04347826,0.,0.02173913,0.03623188,0.00724638,0.01449275,0.,0.,0.03623188,0.,0.00724638,0.00724638,0.,0.,0.,0.,0.,0.,0.,0.00724638,0.04347826,0.00724638,0.03623188,0.02898551,0.01449275,0.,0.01449275,0.03623188,0.04347826,0.,0.00724638,0.00724638,0.02898551,0.,0.,0.05797101,0.,0.01449275,0.,0.01449275,0.00724638,0.,0.,0.,0.00724638,0.,0.00724638,0.,0.04347826,0.01449275,0.02173913,0.01449275
0.04545455,0.01515152,0.,0.01515152,0.03030303,0.,0.,0.01515152,0.01515152,0.01515152,0.,0.,0.03030303,0.,0.03030303,0.01515152,0.,0.,0.,0.,0.04545455,0.,0.,0.01515152,0.,0.,0.,0.,0.,0.,0.,0.,0.09090909,0.01515152,0.03030303,0.06060606,0.04545455,0.,0.,0.03030303,0.04545455,0.,0.01515152,0.,0.07575758,0.03030303,0.01515152,0.06060606,0.01515152,0.01515152,0.,0.01515152,0.,0.,0.,0.,0.,0.03030303,0.,0.09090909,0.01515152,0.,0.,0.01515152
0.05084746,0.01059322,0.02542373,0.02966102,0.02542373,0.00211864,0.00211864,0.01483051,0.04237288,0.00423729,0.00847458,0.01059322,0.04025424,0.00635593,0.01271186,0.05084746,0.00635593,0.00211864,0.00635593,0.01483051,0.0190678,0.00211864,0.00211864,0.01059322,0.,0.,0.,0.,0.,0.00211864,0.,0.00847458,0.04872881,0.01059322,0.02542373,0.04237288,0.01271186,0.00635593,0.00211864,0.03601695,0.04661017,0.00635593,0.02330508,0.01271186,0.02330508,0.00635593,0.00847458,0.04449153,0.00211864,0.01059322,0.,0.03813559,0.02542373,0.00635593,0.,0.02118644,0.,0.00211864,0.00211864,0.0190678,0.0529661,0.00211864,0.0190678,0.03177966
0.07116105,0.00749064,0.03745318,0.0411985,0.02247191,0.,0.,0.01872659,0.04868914,0.00749064,0.00374532,0.00374532,0.05992509,0.00374532,0.02621723,0.03745318,0.,0.00374532,0.00749064,0.00374532,0.01872659,0.,0.,0.01123596,0.,0.,0.,0.,0.01123596,0.,0.,0.00749064,0.05617978,0.00749064,0.04494382,0.06367041,0.03370787,0.,0.00374532,0.05617978,0.0411985,0.,0.,0.00749064,0.00374532,0.,0.01123596,0.04494382,0.,0.,0.00374532,0.01872659,0.01498127,0.,0.00374532,0.,0.,0.,0.,0.,0.05992509,0.00749064,0.04494382,0.01872659
0.08,0.03333333,0.06,0.04,0.00666667,0.,0.00666667,0.00666667,0.02666667,0.,0.,0.00666667,0.07333333,0.00666667,0.00666667,0.03333333,0.,0.00666667,0.01333333,0.01333333,0.01333333,0.,0.,0.00666667,0.,0.,0.,0.,0.00666667,0.00666667,0.00666667,0.00666667,0.04,0.00666667,0.06666667,0.08666667,0.00666667,0.00666667,0.00666667,0.02666667,0.03333333,0.,0.,0.00666667,0.00666667,0.01333333,0.,0.07333333,0.00666667,0.00666667,0.,0.01333333,0.00666667,0.,0.,0.00666667,0.,0.,0.,0.00666667,0.03333333,0.00666667,0.00666667,0.06
0.07070707,0.03030303,0.05050505,0.04040404,0.,0.01010101,0.,0.02020202,0.03030303,0.,0.02020202,0.01010101,0.07070707,0.03030303,0.02020202,0.04040404,0.,0.,0.,0.01010101,0.02020202,0.,0.,0.,0.,0.,0.,0.,0.,0.,0.01010101,0.02020202,0.06060606,0.02020202,0.05050505,0.04040404,0.04040404,0.02020202,0.,0.02020202,0.02020202,0.01010101,0.,0.03030303,0.01010101,0.,0.,0.09090909,0.01010101,0.,0.,0.01010101,0.01010101,0.,0.,0.,0.,0.,0.,0.,0.03030303,0.01010101,0.,0.01010101
0.14285714,0.,0.03809524,0.00952381,0.00952381,0.,0.,0.,0.00952381,0.00952381,0.,0.00952381,0.05714286,0.00952381,0.02857143,0.06666667,0.,0.,0.01904762,0.,0.,0.,0.,0.,0.,0.,0.,0.,0.,0.00952381,0.,0.03809524,0.19047619,0.,0.08571429,0.,0.08571429,0.00952381,0.,0.04761905,0.,0.,0.,0.,0.00952381,0.,0.,0.04761905,0.00952381,0.,0.,0.,0.,0.00952381,0.00952381,0.00952381,0.,0.,0.,0.,0.00952381,0.,0.01904762,0.
0.05691057,0.00813008,0.00813008,0.04065041,0.01626016,0.00813008,0.,0.00813008,0.00813008,0.,0.00813008,0.00813008,0.02439024,0.00813008,0.02439024,0.07317073,0.00813008,0.,0.,0.,0.00813008,0.,0.,0.,0.,0.,0.,0.,0.00813008,0.,0.,0.00813008,0.02439024,0.00813008,0.,0.01626016,0.,0.,0.,0.03252033,0.04065041,0.00813008,0.,0.00813008,0.01626016,0.00813008,0.01626016,0.04065041,0.,0.03252033,0.,0.08130081,0.01626016,0.00813008,0.,0.01626016,0.00813008,0.01626016,0.,0.,0.06504065,0.01626016,0.04065041,0.14634146
0.05995204,0.01678657,0.0263789,0.04316547,0.02158273,0.00479616,0.00239808,0.01678657,0.02158273,0.00719424,0.01199041,0.01438849,0.03597122,0.00719424,0.01918465,0.04556355,0.01199041,0.00479616,0.00719424,0.00239808,0.01918465,0.,0.,0.00479616,0.,0.00239808,0.,0.,0.00479616,0.,0.,0.,0.05995204,0.00239808,0.02158273,0.06714628,0.02158273,0.01438849,0.00239808,0.01438849,0.04796163,0.00959233,0.01438849,0.01199041,0.00719424,0.,0.00479616,0.05755396,0.00239808,0.01438849,0.,0.04796163,0.0263789,0.00719424,0.,0.01678657,0.,0.,0.,0.00479616,0.04556355,0.00479616,0.02158273,0.0383693
0.07582938,0.01895735,0.0450237,0.03317536,0.03080569,0.,0.00236967,0.02132701,0.01421801,0.007109,0.007109,0.00473934,0.04739336,0.01658768,0.02606635,0.0450237,0.00473934,0.,0.00236967,0.007109,0.02369668,0.,0.007109,0.00947867,0.,0.,0.,0.,0.00473934,0.,0.00473934,0.00947867,0.03791469,0.01184834,0.03317536,0.04265403,0.01658768,0.00947867,0.,0.03080569,0.03080569,0.01184834,0.007109,0.01421801,0.00236967,0.00236967,0.00473934,0.05687204,0.00236967,0.00473934,0.,0.04265403,0.01658768,0.,0.,0.02132701,0.,0.007109,0.00236967,0.00473934,0.04739336,0.00236967,0.01184834,0.05450237
0.10958904,0.01369863,0.02054795,0.02739726,0.03424658,0.01369863,0.,0.01369863,0.04109589,0.,0.00684932,0.,0.03424658,0.00684932,0.02054795,0.06849315,0.,0.,0.00684932,0.01369863,0.01369863,0.,0.,0.,0.,0.,0.,0.,0.00684932,0.,0.,0.02054795,0.06164384,0.,0.03424658,0.05479452,0.,0.,0.,0.02054795,0.04109589,0.01369863,0.01369863,0.01369863,0.01369863,0.00684932,0.02054795,0.05479452,0.,0.00684932,0.,0.00684932,0.02054795,0.00684932,0.,0.00684932,0.00684932,0.,0.00684932,0.,0.08219178,0.,0.03424658,0.
0.1,0.03,0.06,0.06,0.01,0.,0.,0.,0.04,0.,0.01,0.01,0.08,0.,0.01,0.08,0.04,0.,0.01,0.02,0.01,0.,0.,0.01,0.,0.,0.,0.,0.01,0.01,0.,0.05,0.07,0.02,0.05,0.04,0.,0.,0.,0.05,0.,0.01,0.,0.01,0.01,0.,0.,0.01,0.01,0.01,0.,0.02,0.,0.,0.,0.,0.,0.,0.,0.01,0.02,0.,0.,0.01
0.09459459,0.02027027,0.03378378,0.06081081,0.00675676,0.,0.,0.,0.04054054,0.,0.00675676,0.01351351,0.05405405,0.02027027,0.02702703,0.03378378,0.,0.,0.01351351,0.,0.02702703,0.00675676,0.,0.00675676,0.,0.,0.,0.00675676,0.00675676,0.,0.,0.01351351,0.07432432,0.,0.03378378,0.0472973,0.01351351,0.,0.,0.02027027,0.01351351,0.,0.,0.00675676,0.02027027,0.,0.,0.03378378,0.,0.00675676,0.,0.07432432,0.,0.,0.,0.02027027,0.00675676,0.02702703,0.00675676,0.03378378,0.04054054,0.00675676,0.,0.02027027
0.06410256,0.00641026,0.04487179,0.02564103,0.01923077,0.00320513,0.,0.01602564,0.04166667,0.00641026,0.01282051,0.01282051,0.04166667,0.01602564,0.0224359,0.04487179,0.02564103,0.00961538,0.00641026,0.01602564,0.02884615,0.,0.00320513,0.,0.,0.,0.,0.,0.00320513,0.00320513,0.00320513,0.00641026,0.03525641,0.01602564,0.05128205,0.04807692,0.00320513,0.00961538,0.00320513,0.01282051,0.01923077,0.00641026,0.00641026,0.01282051,0.00641026,0.00320513,0.00961538,0.03205128,0.00320513,0.00641026,0.,0.04807692,0.0224359,0.,0.,0.00641026,0.,0.00961538,0.01602564,0.01923077,0.07371795,0.01282051,0.00961538,0.01282051
0.08477509,0.01730104,0.04152249,0.04584775,0.01384083,0.00432526,0.0017301,0.01297578,0.03460208,0.0017301,0.00778547,0.00692042,0.04930796,0.01038062,0.01643599,0.04411765,0.00692042,0.00432526,0.00778547,0.01384083,0.0233564,0.,0.0017301,0.01124567,0.,0.,0.00086505,0.,0.00519031,0.00346021,0.00086505,0.00865052,0.05882353,0.01038062,0.03633218,0.0432526,0.02854671,0.00519031,0.00086505,0.01989619,0.04411765,0.0017301,0.00692042,0.00692042,0.01470588,0.00519031,0.00519031,0.0467128,0.00086505,0.01124567,0.,0.02508651,0.01384083,0.00259516,0.00086505,0.00432526,0.,0.0017301,0.00692042,0.00865052,0.05709343,0.01124567,0.01557093,0.0233564
0.03333333,0.02051282,0.03846154,0.02564103,0.03076923,0.0025641,0.0025641,0.01538462,0.02820513,0.0025641,0.01025641,0.00512821,0.04102564,0.01025641,0.03076923,0.03333333,0.01538462,0.01025641,0.00512821,0.00512821,0.03333333,0.,0.,0.0025641,0.,0.,0.,0.,0.,0.,0.,0.00769231,0.04615385,0.02051282,0.04358974,0.04358974,0.03333333,0.00769231,0.0025641,0.06153846,0.03333333,0.0025641,0.01025641,0.01538462,0.01025641,0.01025641,0.00512821,0.06153846,0.0025641,0.00512821,0.,0.02307692,0.02051282,0.,0.,0.00769231,0.,0.00769231,0.01025641,0.01025641,0.05897436,0.00512821,0.01025641,0.02051282
0.0875,0.0125,0.0625,0.0125,0.025,0.,0.,0.0125,0.0125,0.,0.0125,0.05,0.05,0.025,0.0125,0.025,0.0125,0.,0.0125,0.0375,0.,0.,0.,0.0125,0.,0.,0.,0.,0.,0.,0.0125,0.,0.0375,0.0125,0.0375,0.05,0.0375,0.025,0.,0.,0.0125,0.,0.,0.025,0.,0.,0.,0.025,0.0125,0.025,0.,0.025,0.,0.,0.,0.025,0.,0.,0.,0.,0.0625,0.,0.0375,0.0625
0.04904632,0.00544959,0.02724796,0.02452316,0.01362398,0.0027248,0.,0.02179837,0.03814714,0.00544959,0.01089918,0.00817439,0.04632153,0.0027248,0.04359673,0.02997275,0.00817439,0.,0.01907357,0.02179837,0.04359673,0.0027248,0.,0.01362398,0.,0.,0.,0.,0.,0.,0.,0.,0.03814714,0.,0.05449591,0.04632153,0.02724796,0.00544959,0.0027248,0.03269755,0.0599455,0.01634877,0.0027248,0.00817439,0.01907357,0.0027248,0.01089918,0.05177112,0.0027248,0.00817439,0.,0.03542234,0.00817439,0.00817439,0.,0.00544959,0.,0.0027248,0.00817439,0.01634877,0.03814714,0.00817439,0.01634877,0.02452316
0.06666667,0.,0.02222222,0.04444444,0.00555556,0.01111111,0.,0.,0.04444444,0.,0.00555556,0.01111111,0.03333333,0.01666667,0.02222222,0.06666667,0.01111111,0.,0.00555556,0.01666667,0.02777778,0.,0.,0.01111111,0.,0.,0.,0.,0.01111111,0.,0.00555556,0.00555556,0.03333333,0.00555556,0.02777778,0.05555556,0.01666667,0.,0.00555556,0.01666667,0.03333333,0.00555556,0.01666667,0.00555556,0.00555556,0.00555556,0.01666667,0.04444444,0.00555556,0.00555556,0.,0.02777778,0.02222222,0.,0.,0.01111111,0.,0.01666667,0.00555556,0.01666667,0.07222222,0.,0.02222222,0.05555556
0.10169492,0.00847458,0.00847458,0.04237288,0.00847458,0.,0.00847458,0.,0.02542373,0.,0.00847458,0.01694915,0.03389831,0.01694915,0.05084746,0.04237288,0.02542373,0.,0.00847458,0.,0.,0.,0.,0.00847458,0.00847458,0.,0.,0.,0.03389831,0.00847458,0.,0.01694915,0.08474576,0.,0.03389831,0.05084746,0.00847458,0.00847458,0.,0.,0.00847458,0.,0.00847458,0.00847458,0.00847458,0.,0.00847458,0.03389831,0.00847458,0.00847458,0.,0.00847458,0.02542373,0.,0.,0.01694915,0.,0.00847458,0.02542373,0.,0.02542373,0.02542373,0.05932203,0.04237288
0.12195122,0.0097561,0.0195122,0.02439024,0.02439024,0.,0.00243902,0.0195122,0.02195122,0.00487805,0.00487805,0.00243902,0.03414634,0.01707317,0.00731707,0.04634146,0.0097561,0.,0.01219512,0.00731707,0.0097561,0.,0.00243902,0.00487805,0.,0.,0.,0.,0.00487805,0.00487805,0.,0.00243902,0.11707317,0.00487805,0.02926829,0.04634146,0.03902439,0.00243902,0.00487805,0.04390244,0.05121951,0.00487805,0.,0.00487805,0.02439024,0.00731707,0.00487805,0.05121951,0.00243902,0.00243902,0.,0.01707317,0.0097561,0.00487805,0.,0.0097561,0.,0.,0.00243902,0.,0.05121951,0.0097561,0.00731707,0.02682927
0.08333333,0.03921569,0.03431373,0.04411765,0.01960784,0.00490196,0.00490196,0.01470588,0.01470588,0.00490196,0.,0.00490196,0.04901961,0.00490196,0.01960784,0.09803922,0.,0.,0.,0.0245098,0.01960784,0.,0.,0.01470588,0.,0.,0.,0.,0.0245098,0.00980392,0.00490196,0.,0.05392157,0.00980392,0.01960784,0.04901961,0.00490196,0.00980392,0.,0.00980392,0.02941176,0.00980392,0.00490196,0.00490196,0.01470588,0.,0.,0.03431373,0.,0.,0.,0.03921569,0.0245098,0.,0.00490196,0.0245098,0.00490196,0.,0.,0.,0.04411765,0.,0.01470588,0.04901961
0.06440678,0.03050847,0.03728814,0.02711864,0.02033898,0.00338983,0.,0.02033898,0.01694915,0.01016949,0.00677966,0.02033898,0.05762712,0.01694915,0.03389831,0.05084746,0.00338983,0.00677966,0.,0.02372881,0.02711864,0.,0.,0.00677966,0.,0.,0.,0.,0.00338983,0.01016949,0.00338983,0.02372881,0.06101695,0.01355932,0.02372881,0.03050847,0.01016949,0.01355932,0.,0.02033898,0.03389831,0.01355932,0.01355932,0.02372881,0.01355932,0.00338983,0.00338983,0.03050847,0.00338983,0.,0.,0.02033898,0.,0.00677966,0.,0.01016949,0.,0.00338983,0.00677966,0.00677966,0.03389831,0.01016949,0.01355932,0.05084746
0.08860759,0.,0.05063291,0.06329114,0.02531646,0.,0.01265823,0.,0.02531646,0.,0.01265823,0.,0.03797468,0.01265823,0.06329114,0.07594937,0.01265823,0.,0.,0.,0.01265823,0.,0.,0.,0.,0.,0.,0.,0.01265823,0.03797468,0.,0.01265823,0.05063291,0.01265823,0.05063291,0.07594937,0.,0.,0.,0.,0.01265823,0.,0.,0.,0.01265823,0.,0.01265823,0.02531646,0.01265823,0.,0.,0.02531646,0.01265823,0.,0.,0.,0.,0.,0.,0.06329114,0.05063291,0.,0.01265823,0.01265823
0.08108108,0.01801802,0.01801802,0.04504505,0.01801802,0.,0.,0.,0.00900901,0.00900901,0.,0.01801802,0.0990991,0.02702703,0.01801802,0.07207207,0.01801802,0.,0.,0.01801802,0.00900901,0.,0.,0.00900901,0.,0.,0.,0.,0.00900901,0.,0.,0.00900901,0.0990991,0.01801802,0.,0.06306306,0.00900901,0.00900901,0.,0.,0.02702703,0.,0.00900901,0.,0.00900901,0.,0.,0.03603604,0.00900901,0.,0.,0.02702703,0.01801802,0.00900901,0.,0.01801802,0.,0.,0.,0.00900901,0.09009009,0.00900901,0.01801802,0.00900901
0.04819277,0.01807229,0.01807229,0.02409639,0.03012048,0.,0.,0.0060241,0.02409639,0.01204819,0.,0.03012048,0.03614458,0.01807229,0.03614458,0.03614458,0.,0.,0.,0.01204819,0.04216867,0.,0.,0.02409639,0.,0.,0.,0.,0.0060241,0.0060241,0.,0.,0.05421687,0.,0.04216867,0.02409639,0.04216867,0.,0.0060241,0.07228916,0.04216867,0.01204819,0.0060241,0.01807229,0.01204819,0.01204819,0.,0.03614458,0.0060241,0.0060241,0.,0.02409639,0.01807229,0.0060241,0.,0.,0.,0.0060241,0.01204819,0.01204819,0.04819277,0.,0.03012048,0.02409639
0.05691057,0.02439024,0.00813008,0.04878049,0.01626016,0.01626016,0.00813008,0.02439024,0.00813008,0.,0.01626016,0.01626016,0.09756098,0.00813008,0.02439024,0.04065041,0.,0.,0.,0.,0.00813008,0.,0.,0.00813008,0.,0.,0.,0.,0.01626016,0.,0.,0.01626016,0.02439024,0.00813008,0.00813008,0.02439024,0.03252033,0.,0.,0.01626016,0.04878049,0.00813008,0.,0.01626016,0.02439024,0.,0.,0.06504065,0.00813008,0.01626016,0.,0.01626016,0.04065041,0.01626016,0.,0.00813008,0.,0.01626016,0.01626016,0.,0.03252033,0.02439024,0.02439024,0.04065041
0.01601831,0.00457666,0.01830664,0.01372998,0.04118993,0.00915332,0.,0.03432494,0.01372998,0.,0.00686499,0.01830664,0.04805492,0.01144165,0.0389016,0.04576659,0.,0.,0.00686499,0.00228833,0.02745995,0.00457666,0.,0.00686499,0.,0.,0.,0.,0.00686499,0.00686499,0.00457666,0.01372998,0.01601831,0.00686499,0.00686499,0.01830664,0.04118993,0.01144165,0.00457666,0.04576659,0.05491991,0.,0.01601831,0.0228833,0.02745995,0.00686499,0.00686499,0.04805492,0.00228833,0.00686499,0.,0.03203661,0.01830664,0.,0.00457666,0.01372998,0.,0.00228833,0.00915332,0.00228833,0.07322654,0.01830664,0.02517162,0.05720824
0.16176471,0.02205882,0.03676471,0.01470588,0.00735294,0.00735294,0.,0.00735294,0.01470588,0.00735294,0.02941176,0.01470588,0.01470588,0.01470588,0.02205882,0.02941176,0.03676471,0.,0.01470588,0.02205882,0.02205882,0.00735294,0.00735294,0.,0.,0.,0.00735294,0.,0.,0.,0.,0.,0.05147059,0.01470588,0.02941176,0.02941176,0.02941176,0.,0.,0.02205882,0.02205882,0.,0.00735294,0.02205882,0.,0.01470588,0.03676471,0.02941176,0.,0.00735294,0.,0.02205882,0.00735294,0.,0.,0.,0.00735294,0.,0.01470588,0.,0.03676471,0.00735294,0.03676471,0.02941176
0.06048387,0.00806452,0.04032258,0.05241935,0.01209677,0.,0.00806452,0.01209677,0.01209677,0.00403226,0.01612903,0.00403226,0.02419355,0.00806452,0.02016129,0.04032258,0.01209677,0.,0.01209677,0.02016129,0.01209677,0.00806452,0.00403226,0.01612903,0.,0.,0.,0.00403226,0.,0.02419355,0.00403226,0.00806452,0.08064516,0.02822581,0.02822581,0.0483871,0.02016129,0.00806452,0.00806452,0.01209677,0.02016129,0.01209677,0.01209677,0.02419355,0.01209677,0.00403226,0.01209677,0.0483871,0.00403226,0.00403226,0.,0.02419355,0.01209677,0.00806452,0.00806452,0.02016129,0.,0.00403226,0.00806452,0.,0.02419355,0.01209677,0.02419355,0.02016129
0.05531915,0.01276596,0.03404255,0.02978723,0.02978723,0.00425532,0.01276596,0.01702128,0.,0.00851064,0.00851064,0.02553191,0.01276596,0.0212766,0.01276596,0.04680851,0.0212766,0.,0.01276596,0.00425532,0.0212766,0.,0.,0.01276596,0.,0.,0.,0.,0.00425532,0.01276596,0.00851064,0.01702128,0.04680851,0.01702128,0.02978723,0.04680851,0.03404255,0.00425532,0.00851064,0.0212766,0.03829787,0.00425532,0.01702128,0.02553191,0.00851064,0.,0.00851064,0.04680851,0.00425532,0.00851064,0.,0.03404255,0.04255319,0.00425532,0.00425532,0.00425532,0.,0.00425532,0.00425532,0.,0.01702128,0.01702128,0.02553191,0.02553191
0.03459119,0.03459119,0.00314465,0.05974843,0.03459119,0.01572327,0.00628931,0.05660377,0.00943396,0.00943396,0.00628931,0.03144654,0.02830189,0.01257862,0.01886792,0.0408805,0.03459119,0.,0.01572327,0.00628931,0.03144654,0.00314465,0.,0.00943396,0.,0.,0.,0.,0.00943396,0.,0.00943396,0.01257862,0.05031447,0.00943396,0.00943396,0.04716981,0.01257862,0.00314465,0.,0.01257862,0.02201258,0.00628931,0.,0.01572327,0.00628931,0.00314465,0.01572327,0.04402516,0.00314465,0.01572327,0.,0.03773585,0.03773585,0.00943396,0.,0.00943396,0.,0.00314465,0.00628931,0.00628931,0.0408805,0.01257862,0.00943396,0.01572327
0.08490566,0.,0.0754717,0.02830189,0.00943396,0.,0.,0.02830189,0.,0.,0.00943396,0.,0.0754717,0.00943396,0.01886792,0.05660377,0.,0.00943396,0.,0.,0.,0.,0.,0.00943396,0.,0.,0.,0.,0.,0.,0.,0.02830189,0.0754717,0.01886792,0.0754717,0.01886792,0.03773585,0.01886792,0.,0.02830189,0.00943396,0.,0.00943396,0.00943396,0.,0.,0.,0.04716981,0.,0.,0.,0.04716981,0.,0.,0.,0.,0.00943396,0.,0.,0.,0.06603774,0.,0.05660377,0.02830189
0.05084746,0.,0.01694915,0.05084746,0.,0.,0.,0.01694915,0.01694915,0.,0.08474576,0.01694915,0.05084746,0.01694915,0.01694915,0.05084746,0.01694915,0.,0.,0.,0.,0.,0.,0.,0.,0.,0.,0.,0.,0.,0.01694915,0.,0.05084746,0.01694915,0.06779661,0.05084746,0.01694915,0.,0.03389831,0.03389831,0.03389831,0.01694915,0.,0.,0.,0.,0.,0.03389831,0.01694915,0.,0.,0.03389831,0.,0.,0.,0.01694915,0.,0.,0.01694915,0.01694915,0.03389831,0.01694915,0.06779661,0.
0.08372093,0.01860465,0.05116279,0.03255814,0.01860465,0.00465116,0.00930233,0.00930233,0.0372093,0.00465116,0.00930233,0.01395349,0.05581395,0.,0.04186047,0.0372093,0.01395349,0.00465116,0.,0.01860465,0.00930233,0.00930233,0.,0.00465116,0.,0.00465116,0.,0.00465116,0.01395349,0.00930233,0.00930233,0.00465116,0.05116279,0.01395349,0.04651163,0.0372093,0.01395349,0.,0.00930233,0.00465116,0.01395349,0.,0.01395349,0.00930233,0.00930233,0.,0.00465116,0.02790698,0.,0.,0.00465116,0.06046512,0.,0.,0.00930233,0.,0.,0.,0.01860465,0.01395349,0.03255814,0.01860465,0.01860465,0.03255814
0.08695652,0.00869565,0.03478261,0.03478261,0.02608696,0.,0.00869565,0.00869565,0.05217391,0.00869565,0.,0.02608696,0.0173913,0.0173913,0.00869565,0.06956522,0.00869565,0.00869565,0.00869565,0.02608696,0.00869565,0.,0.,0.02608696,0.,0.,0.,0.,0.,0.,0.00869565,0.00869565,0.06086957,0.,0.0173913,0.05217391,0.00869565,0.00869565,0.,0.00869565,0.02608696,0.,0.00869565,0.0173913,0.0173913,0.,0.0173913,0.04347826,0.,0.0173913,0.,0.0173913,0.,0.,0.,0.0173913,0.00869565,0.,0.,0.00869565,0.03478261,0.02608696,0.02608696,0.04347826
0.07027027,0.02162162,0.02972973,0.01351351,0.04054054,0.00540541,0.,0.01081081,0.02702703,0.00540541,0.02162162,0.00540541,0.01891892,0.00810811,0.02432432,0.04054054,0.01621622,0.00540541,0.01621622,0.01081081,0.03243243,0.,0.0027027,0.01351351,0.,0.,0.,0.,0.,0.0027027,0.0027027,0.01081081,0.04324324,0.01891892,0.03243243,0.05135135,0.04594595,0.0027027,0.,0.02432432,0.02432432,0.,0.01351351,0.01891892,0.01351351,0.00810811,0.0027027,0.03243243,0.0027027,0.01351351,0.,0.01621622,0.02432432,0.,0.,0.00810811,0.,0.0027027,0.01081081,0.0027027,0.07297297,0.00540541,0.01891892,0.03243243
0.04531722,0.00302115,0.,0.04229607,0.03323263,0.,0.,0.0060423,0.01812689,0.00302115,0.00302115,0.01208459,0.06646526,0.01812689,0.02416918,0.05135952,0.00302115,0.00302115,0.,0.01812689,0.03021148,0.0060423,0.,0.00906344,0.,0.,0.,0.,0.00302115,0.,0.00302115,0.01208459,0.01510574,0.,0.01208459,0.03021148,0.03625378,0.00302115,0.00302115,0.02114804,0.04833837,0.0060423,0.01510574,0.02114804,0.01510574,0.00302115,0.00302115,0.03323263,0.00302115,0.01510574,0.,0.05438066,0.00906344,0.00906344,0.,0.01812689,0.,0.00302115,0.0060423,0.0060423,0.08761329,0.01812689,0.01812689,0.07250755
0.11483254,0.01913876,0.00956938,0.05741627,0.02392344,0.00478469,0.00478469,0.00956938,0.02870813,0.00478469,0.00478469,0.01913876,0.03349282,0.02392344,0.01913876,0.05741627,0.00478469,0.,0.,0.01435407,0.00956938,0.,0.,0.01913876,0.,0.,0.,0.,0.01913876,0.,0.,0.02392344,0.07177033,0.00956938,0.00956938,0.03349282,0.01913876,0.00956938,0.,0.,0.02870813,0.,0.00478469,0.01435407,0.03349282,0.,0.00956938,0.03827751,0.00478469,0.01913876,0.,0.0430622,0.01435407,0.00956938,0.00478469,0.00478469,0.,0.,0.,0.,0.04784689,0.,0.00478469,0.03827751
0.07346939,0.01632653,0.04489796,0.02040816,0.00816327,0.,0.,0.01632653,0.04489796,0.,0.,0.01632653,0.03265306,0.01632653,0.03673469,0.06938776,0.01632653,0.0122449,0.,0.01632653,0.00816327,0.,0.00408163,0.00408163,0.,0.,0.,0.,0.00408163,0.0122449,0.00408163,0.04081633,0.04489796,0.00408163,0.03673469,0.06122449,0.00816327,0.00816327,0.,0.03673469,0.02040816,0.00408163,0.00816327,0.01632653,0.00408163,0.0122449,0.00408163,0.04081633,0.,0.00816327,0.,0.03265306,0.0122449,0.00408163,0.,0.00408163,0.00408163,0.,0.00408163,0.00408163,0.03673469,0.00408163,0.02040816,0.03673469
0.06840391,0.01302932,0.03908795,0.02931596,0.00977199,0.00651466,0.00325733,0.00325733,0.03257329,0.00651466,0.01302932,0.01628664,0.05211726,0.00651466,0.03583062,0.02931596,0.00651466,0.00977199,0.01302932,0.01302932,0.03257329,0.,0.,0.00651466,0.,0.,0.,0.,0.,0.00325733,0.00325733,0.01628664,0.06188925,0.00651466,0.04560261,0.04885993,0.0228013,0.00325733,0.,0.03583062,0.03257329,0.00325733,0.01302932,0.01302932,0.00325733,0.00651466,0.,0.04885993,0.00325733,0.00977199,0.,0.03583062,0.00325733,0.,0.,0.01302932,0.,0.00325733,0.,0.00325733,0.06188925,0.00651466,0.0228013,0.0228013
0.07843137,0.00980392,0.03921569,0.03921569,0.01960784,0.00980392,0.,0.,0.06862745,0.,0.,0.,0.04901961,0.,0.02941176,0.02941176,0.,0.01960784,0.00980392,0.,0.01960784,0.,0.,0.00980392,0.,0.,0.,0.,0.,0.,0.,0.00980392,0.11764706,0.00980392,0.03921569,0.03921569,0.04901961,0.,0.,0.02941176,0.02941176,0.,0.,0.00980392,0.00980392,0.00980392,0.,0.02941176,0.00980392,0.01960784,0.,0.01960784,0.00980392,0.,0.,0.,0.,0.,0.,0.,0.08823529,0.01960784,0.01960784,0.
0.09555556,0.02,0.02666667,0.04,0.01333333,0.00222222,0.,0.01111111,0.02222222,0.00222222,0.00444444,0.01111111,0.05555556,0.00444444,0.01777778,0.03777778,0.00444444,0.00222222,0.,0.01333333,0.01555556,0.00444444,0.,0.01333333,0.,0.,0.,0.,0.00888889,0.,0.00444444,0.00444444,0.06666667,0.00888889,0.03333333,0.05777778,0.02,0.01333333,0.00444444,0.02,0.03777778,0.00666667,0.00222222,0.01555556,0.00666667,0.,0.00444444,0.02888889,0.00222222,0.00888889,0.,0.03777778,0.01333333,0.00666667,0.,0.00888889,0.,0.00666667,0.00222222,0.01111111,0.06444444,0.01111111,0.01777778,0.04666667
0.0397351,0.01324503,0.03311258,0.06622517,0.02649007,0.,0.,0.00662252,0.0397351,0.01986755,0.01324503,0.,0.07284768,0.00662252,0.02649007,0.03311258,0.01324503,0.00662252,0.,0.,0.05298013,0.,0.,0.02649007,0.,0.,0.,0.,0.01986755,0.,0.,0.,0.07284768,0.01324503,0.03311258,0.01986755,0.02649007,0.00662252,0.01986755,0.01324503,0.02649007,0.00662252,0.00662252,0.01324503,0.,0.00662252,0.00662252,0.04635762,0.00662252,0.00662252,0.,0.01986755,0.,0.,0.,0.00662252,0.,0.00662252,0.,0.00662252,0.06622517,0.01324503,0.01986755,0.01324503
0.07670455,0.03409091,0.01988636,0.05965909,0.00852273,0.00426136,0.00142045,0.01136364,0.01420455,0.00568182,0.00284091,0.02130682,0.04119318,0.015625,0.00710227,0.046875,0.00142045,0.00142045,0.00284091,0.00710227,0.03693182,0.00284091,0.00142045,0.015625,0.,0.,0.,0.,0.00568182,0.00710227,0.00142045,0.015625,0.04971591,0.00994318,0.01420455,0.05539773,0.01278409,0.00284091,0.,0.01846591,0.03125,0.00710227,0.01136364,0.01136364,0.01704545,0.00284091,0.01136364,0.03977273,0.00142045,0.015625,0.,0.08948864,0.015625,0.00142045,0.00142045,0.00852273,0.,0.00142045,0.015625,0.00568182,0.03267045,0.01278409,0.00710227,0.02556818
0.09343434,0.02272727,0.02525253,0.03030303,0.03282828,0.00252525,0.,0.01515152,0.02272727,0.00505051,0.02272727,0.01515152,0.0530303,0.00757576,0.03030303,0.03535354,0.,0.00252525,0.00252525,0.00757576,0.01767677,0.,0.,0.01010101,0.,0.,0.,0.,0.00757576,0.00505051,0.00252525,0.01262626,0.05555556,0.01515152,0.0479798,0.05050505,0.01262626,0.00757576,0.,0.01262626,0.02272727,0.00757576,0.01515152,0.00252525,0.01010101,0.,0.00252525,0.05050505,0.00252525,0.02020202,0.,0.03535354,0.00757576,0.00505051,0.,0.00252525,0.,0.00252525,0.00252525,0.00757576,0.05050505,0.00757576,0.01010101,0.05050505
0.04507042,0.01126761,0.01126761,0.03943662,0.02253521,0.0056338,0.0028169,0.0084507,0.01971831,0.,0.0056338,0.0084507,0.07605634,0.01690141,0.01690141,0.05915493,0.,0.,0.,0.01690141,0.01126761,0.,0.,0.0028169,0.,0.,0.,0.,0.01126761,0.0084507,0.0028169,0.01408451,0.0056338,0.0084507,0.0084507,0.02253521,0.02253521,0.0028169,0.0028169,0.01408451,0.03098592,0.0028169,0.03661972,0.01126761,0.02253521,0.0028169,0.0056338,0.04225352,0.,0.0056338,0.0028169,0.06760563,0.02816901,0.0028169,0.0028169,0.02253521,0.,0.0084507,0.0084507,0.,0.07605634,0.01126761,0.04225352,0.06197183
0.01923077,0.01923077,0.05769231,0.03846154,0.,0.00961538,0.00961538,0.00961538,0.05769231,0.01923077,0.,0.00961538,0.02884615,0.00961538,0.01923077,0.02884615,0.02884615,0.,0.,0.00961538,0.,0.,0.,0.,0.,0.,0.,0.,0.02884615,0.,0.,0.01923077,0.01923077,0.,0.03846154,0.08653846,0.01923077,0.,0.,0.,0.02884615,0.00961538,0.00961538,0.00961538,0.02884615,0.,0.,0.04807692,0.00961538,0.00961538,0.,0.01923077,0.01923077,0.01923077,0.,0.,0.,0.,0.01923077,0.01923077,0.04807692,0.,0.04807692,0.06730769
0.06313131,0.01515152,0.03787879,0.00757576,0.01515152,0.,0.00252525,0.02020202,0.03535354,0.00252525,0.01262626,0.01767677,0.03535354,0.01010101,0.01262626,0.03535354,0.00252525,0.00252525,0.01262626,0.01515152,0.02777778,0.00252525,0.,0.01010101,0.,0.,0.,0.,0.00505051,0.,0.,0.00505051,0.06818182,0.01262626,0.06313131,0.04040404,0.02272727,0.,0.00505051,0.0479798,0.0530303,0.00505051,0.,0.01262626,0.00505051,0.00505051,0.00505051,0.06060606,0.00252525,0.01515152,0.,0.02777778,0.00757576,0.,0.,0.00505051,0.,0.00505051,0.00757576,0.00757576,0.06818182,0.00505051,0.01262626,0.02272727
0.10313901,0.02242152,0.01793722,0.01345291,0.00896861,0.,0.,0.02690583,0.04035874,0.00896861,0.01345291,0.0044843,0.02242152,0.00896861,0.02690583,0.08071749,0.,0.,0.0044843,0.00896861,0.00896861,0.,0.,0.00896861,0.,0.,0.,0.0044843,0.01793722,0.,0.,0.00896861,0.06726457,0.00896861,0.05381166,0.07623318,0.01345291,0.0044843,0.,0.00896861,0.02242152,0.0044843,0.01345291,0.01345291,0.02242152,0.,0.0044843,0.02242152,0.0044843,0.0044843,0.,0.07174888,0.,0.,0.,0.0044843,0.,0.,0.00896861,0.,0.04484305,0.0044843,0.01793722,0.04035874
0.07734807,0.01104972,0.05248619,0.0441989,0.01381215,0.,0.,0.01657459,0.01933702,0.00828729,0.00552486,0.01657459,0.04143646,0.01104972,0.01933702,0.0718232,0.01657459,0.,0.,0.00552486,0.01933702,0.00276243,0.00276243,0.00552486,0.,0.,0.,0.,0.01381215,0.,0.,0.01104972,0.06353591,0.00828729,0.03314917,0.06353591,0.00828729,0.,0.,0.01104972,0.01381215,0.,0.00276243,0.01933702,0.01933702,0.00276243,0.00276243,0.02486188,0.00276243,0.00828729,0.,0.0441989,0.00552486,0.,0.00276243,0.01104972,0.,0.00276243,0.00276243,0.00552486,0.06906077,0.01104972,0.02486188,0.04972376
0.07216495,0.00687285,0.04123711,0.03092784,0.,0.01030928,0.,0.01718213,0.04467354,0.00343643,0.02405498,0.02749141,0.03780069,0.00343643,0.02405498,0.03780069,0.02405498,0.,0.00343643,0.02061856,0.02061856,0.00343643,0.,0.00687285,0.00343643,0.,0.,0.,0.00687285,0.00343643,0.,0.0137457,0.05154639,0.00687285,0.03780069,0.06185567,0.01718213,0.00687285,0.00343643,0.02061856,0.02749141,0.,0.00343643,0.00343643,0.0137457,0.00343643,0.00687285,0.03780069,0.00343643,0.0137457,0.,0.03436426,0.,0.,0.,0.01030928,0.,0.01030928,0.00687285,0.00687285,0.05498282,0.00343643,0.01718213,0.04810997
0.03873239,0.,0.02112676,0.02816901,0.00704225,0.00352113,0.00352113,0.00352113,0.02112676,0.00704225,0.01056338,0.02112676,0.0528169,0.01056338,0.01760563,0.07394366,0.00704225,0.01408451,0.,0.02464789,0.01760563,0.00352113,0.00352113,0.00352113,0.,0.,0.,0.,0.00352113,0.00352113,0.00352113,0.00352113,0.04225352,0.00352113,0.02464789,0.04225352,0.02112676,0.01760563,0.,0.03169014,0.03873239,0.,0.02112676,0.00704225,0.03169014,0.00704225,0.01056338,0.06690141,0.,0.01056338,0.00352113,0.03169014,0.02112676,0.00352113,0.00352113,0.01760563,0.,0.00352113,0.,0.00352113,0.04929577,0.00704225,0.03521127,0.03521127
0.05757576,0.00909091,0.03030303,0.02424242,0.02424242,0.,0.0030303,0.03333333,0.03636364,0.00606061,0.01212121,0.00606061,0.04242424,0.01212121,0.01212121,0.05454545,0.00606061,0.0030303,0.0030303,0.00606061,0.03030303,0.,0.0030303,0.0030303,0.,0.,0.,0.,0.0030303,0.0030303,0.,0.00606061,0.02727273,0.00909091,0.04848485,0.06969697,0.03030303,0.01515152,0.,0.05151515,0.04545455,0.00909091,0.00909091,0.0030303,0.00606061,0.00909091,0.0030303,0.04242424,0.,0.01212121,0.0030303,0.03939394,0.00606061,0.,0.,0.00606061,0.,0.00606061,0.00606061,0.00909091,0.05454545,0.00606061,0.01818182,0.02424242
0.0862069,0.03448276,0.01724138,0.03448276,0.01724138,0.,0.,0.,0.06896552,0.01724138,0.,0.,0.01724138,0.,0.01724138,0.03448276,0.,0.,0.,0.,0.10344828,0.,0.,0.,0.,0.,0.,0.,0.,0.,0.,0.,0.03448276,0.,0.0862069,0.,0.,0.,0.,0.03448276,0.03448276,0.01724138,0.01724138,0.,0.03448276,0.,0.03448276,0.,0.01724138,0.01724138,0.,0.01724138,0.01724138,0.,0.,0.,0.,0.05172414,0.,0.0862069,0.01724138,0.01724138,0.,0.01724138
0.11538462,0.,0.01923077,0.00961538,0.02884615,0.,0.,0.01923077,0.03846154,0.00961538,0.01923077,0.,0.04807692,0.01923077,0.02884615,0.03846154,0.,0.,0.01923077,0.00961538,0.01923077,0.,0.00961538,0.,0.,0.,0.,0.,0.00961538,0.,0.,0.02884615,0.10576923,0.00961538,0.00961538,0.04807692,0.,0.00961538,0.,0.02884615,0.02884615,0.,0.00961538,0.02884615,0.,0.,0.00961538,0.05769231,0.00961538,0.,0.,0.00961538,0.01923077,0.,0.,0.,0.,0.,0.,0.05769231,0.02884615,0.00961538,0.00961538,0.01923077
0.09387755,0.0122449,0.03673469,0.02040816,0.03265306,0.,0.,0.00408163,0.05714286,0.,0.00408163,0.00408163,0.02040816,0.02857143,0.02040816,0.04081633,0.00408163,0.02040816,0.00408163,0.00816327,0.05306122,0.,0.,0.0122449,0.,0.,0.,0.,0.,0.00408163,0.00408163,0.00408163,0.04897959,0.02040816,0.0244898,0.04489796,0.03265306,0.00408163,0.,0.0122449,0.05306122,0.,0.,0.01632653,0.00408163,0.01632653,0.,0.07346939,0.00408163,0.00816327,0.,0.01632653,0.01632653,0.,0.,0.,0.,0.,0.00408163,0.00408163,0.07755102,0.01632653,0.00408163,0.00816327
0.11184211,0.,0.03289474,0.,0.00657895,0.,0.,0.01973684,0.14473684,0.01315789,0.00657895,0.01315789,0.02631579,0.,0.04605263,0.04605263,0.01315789,0.01315789,0.01973684,0.,0.02631579,0.,0.,0.,0.,0.,0.,0.,0.00657895,0.01315789,0.,0.01973684,0.02631579,0.00657895,0.01973684,0.03947368,0.02631579,0.,0.01315789,0.03947368,0.04605263,0.,0.,0.02631579,0.00657895,0.00657895,0.00657895,0.03289474,0.00657895,0.01315789,0.,0.00657895,0.01315789,0.00657895,0.,0.00657895,0.,0.,0.01315789,0.00657895,0.02631579,0.00657895,0.01315789,0.00657895
0.02974828,0.,0.02059497,0.01601831,0.02517162,0.00457666,0.00686499,0.00686499,0.02059497,0.00228833,0.00686499,0.00915332,0.0617849,0.00915332,0.03432494,0.07551487,0.01830664,0.00228833,0.00686499,0.00915332,0.03432494,0.00228833,0.00457666,0.00457666,0.,0.,0.,0.,0.00457666,0.00228833,0.,0.01601831,0.02745995,0.00686499,0.01830664,0.00686499,0.03661327,0.00915332,0.00915332,0.02745995,0.05949657,0.,0.01372998,0.02974828,0.01372998,0.00686499,0.00686499,0.05034325,0.00228833,0.00457666,0.,0.03661327,0.02974828,0.00228833,0.,0.00457666,0.,0.,0.01144165,0.01144165,0.06407323,0.01144165,0.02517162,0.0389016
0.1085044,0.02346041,0.03519062,0.04398827,0.00879765,0.00879765,0.,0.01466276,0.01759531,0.0058651,0.0058651,0.0058651,0.05278592,0.01759531,0.00293255,0.04985337,0.02052786,0.00879765,0.00293255,0.00879765,0.02932551,0.00293255,0.,0.0058651,0.,0.,0.,0.,0.00879765,0.01173021,0.0058651,0.01173021,0.05865103,0.00879765,0.02346041,0.04692082,0.01759531,0.,0.,0.00879765,0.02346041,0.,0.00293255,0.01173021,0.,0.,0.00293255,0.05571848,0.00293255,0.01466276,0.,0.03519062,0.00293255,0.,0.,0.01173021,0.,0.00879765,0.00293255,0.01173021,0.05571848,0.02052786,0.00879765,0.04398827
0.08805031,0.00628931,0.02515723,0.03144654,0.01886792,0.,0.,0.01257862,0.04402516,0.,0.02515723,0.00628931,0.05031447,0.,0.03144654,0.10062893,0.01257862,0.,0.,0.00628931,0.01257862,0.,0.,0.00628931,0.,0.,0.,0.,0.00628931,0.00628931,0.,0.00628931,0.05031447,0.,0.04402516,0.05660377,0.01886792,0.01257862,0.00628931,0.03773585,0.02515723,0.,0.01257862,0.01257862,0.01886792,0.00628931,0.00628931,0.03144654,0.00628931,0.00628931,0.,0.,0.03144654,0.00628931,0.,0.01257862,0.,0.,0.,0.00628931,0.05660377,0.00628931,0.01886792,0.01257862
0.08450704,0.02112676,0.02464789,0.02816901,0.02112676,0.01056338,0.,0.01056338,0.02816901,0.00704225,0.01760563,0.01056338,0.05985915,0.00704225,0.02464789,0.03873239,0.00704225,0.00352113,0.,0.01056338,0.01408451,0.,0.,0.00352113,0.,0.,0.,0.,0.01056338,0.00704225,0.,0.01760563,0.07042254,0.01056338,0.02464789,0.04929577,0.02112676,0.01056338,0.,0.03521127,0.02816901,0.,0.00704225,0.02464789,0.01408451,0.00352113,0.00704225,0.0528169,0.00352113,0.01056338,0.,0.02112676,0.00704225,0.00704225,0.,0.01056338,0.,0.00352113,0.,0.01408451,0.04225352,0.00352113,0.01408451,0.03521127
