0.02142857,0.01857143,0.05571429,0.00142857,0.00857143,0.02285714,0.01285714,0.01,0.03142857,0.00285714,0.01428571,0.,0.05571429,0.01285714,0.03285714,0.01857143,0.02,0.01857143,0.01714286,0.,0.00428571,0.03142857,0.00571429,0.01,0.,0.00142857,0.,0.00285714,0.00714286,0.02428571,0.00571429,0.01571429,0.07857143,0.04285714,0.02142857,0.01428571,0.02714286,0.01,0.01857143,0.01714286,0.03,0.00142857,0.00571429,0.04285714,0.00857143,0.00571429,0.01,0.05428571,0.00142857,0.02714286,0.,0.00571429,0.00285714,0.01571429,0.00142857,0.01285714,0.,0.00285714,0.00857143,0.00428571,0.00428571,0.02428571,0.00428571,0.01142857
0.04807692,0.04807692,0.15384615,0.,0.,0.02884615,0.01923077,0.00961538,0.02884615,0.01923077,0.01923077,0.,0.06730769,0.02884615,0.02884615,0.,0.00961538,0.,0.01923077,0.00961538,0.00961538,0.00961538,0.,0.01923077,0.,0.,0.,0.,0.00961538,0.01923077,0.,0.01923077,0.01923077,0.00961538,0.05769231,0.01923077,0.,0.00961538,0.00961538,0.02884615,0.00961538,0.,0.00961538,0.,0.03846154,0.,0.00961538,0.02884615,0.,0.03846154,0.,0.,0.,0.00961538,0.,0.,0.00961538,0.,0.02884615,0.,0.,0.01923077,0.,0.01923077
0.05594406,0.00699301,0.06293706,0.00699301,0.00699301,0.02097902,0.01398601,0.,0.04195804,0.,0.04195804,0.00699301,0.04895105,0.,0.01398601,0.00699301,0.02097902,0.,0.02797203,0.,0.01398601,0.02797203,0.00699301,0.01398601,0.,0.,0.,0.,0.,0.04895105,0.00699301,0.00699301,0.04195804,0.02097902,0.02097902,0.,0.01398601,0.03496503,0.02097902,0.01398601,0.02797203,0.02097902,0.01398601,0.03496503,0.02097902,0.01398601,0.03496503,0.02097902,0.,0.02797203,0.,0.00699301,0.00699301,0.,0.,0.,0.00699301,0.,0.02097902,0.,0.,0.03496503,0.,0.02797203
0.05039788,0.0265252,0.04509284,0.01061008,0.01061008,0.0132626,0.00795756,0.00265252,0.00795756,0.01061008,0.02917772,0.00795756,0.03448276,0.00265252,0.00795756,0.01856764,0.00795756,0.0265252,0.01591512,0.,0.00795756,0.01061008,0.00795756,0.00795756,0.,0.,0.,0.,0.0132626,0.04244032,0.0132626,0.0265252,0.07427056,0.01591512,0.02387268,0.01856764,0.01856764,0.01061008,0.01591512,0.01591512,0.05570292,0.01591512,0.0132626,0.01856764,0.02917772,0.00530504,0.01591512,0.0265252,0.,0.03448276,0.,0.00530504,0.00265252,0.0132626,0.,0.01061008,0.00265252,0.00530504,0.01061008,0.00530504,0.01061008,0.02387268,0.01061008,0.02387268
0.05733558,0.03709949,0.05564924,0.01686341,0.00337268,0.0084317,0.01349073,0.00337268,0.02023609,0.0084317,0.01517707,0.00505902,0.03878583,0.0084317,0.01180438,0.01854975,0.01349073,0.0084317,0.01011804,0.00505902,0.0084317,0.0084317,0.00168634,0.01011804,0.,0.,0.00505902,0.00168634,0.01349073,0.03035413,0.01349073,0.03035413,0.08937605,0.01686341,0.03204047,0.02023609,0.01349073,0.01686341,0.01349073,0.01011804,0.02360877,0.00505902,0.00505902,0.01180438,0.02529511,0.01011804,0.01686341,0.02360877,0.00168634,0.03541315,0.,0.0084317,0.00168634,0.00674536,0.00337268,0.01180438,0.,0.00168634,0.00674536,0.00505902,0.03035413,0.03709949,0.01011804,0.02360877
0.05092593,0.04166667,0.05787037,0.0162037,0.01157407,0.00925926,0.00925926,0.01388889,0.01388889,0.02083333,0.01851852,0.00694444,0.04166667,0.00462963,0.02083333,0.03703704,0.00694444,0.00694444,0.00231481,0.,0.00462963,0.00925926,0.,0.00694444,0.,0.00231481,0.00231481,0.00925926,0.00462963,0.01851852,0.01157407,0.02546296,0.05324074,0.0162037,0.02777778,0.02083333,0.00694444,0.,0.01851852,0.01157407,0.03240741,0.,0.0162037,0.00925926,0.02314815,0.00694444,0.03009259,0.03240741,0.,0.04166667,0.00231481,0.00925926,0.02083333,0.00462963,0.,0.00925926,0.,0.,0.00462963,0.00231481,0.02546296,0.02314815,0.02314815,0.04166667
0.05159705,0.02702703,0.08108108,0.00737101,0.00737101,0.00982801,0.00982801,0.004914,0.01474201,0.01474201,0.01719902,0.01228501,0.06388206,0.01228501,0.01228501,0.02457002,0.00982801,0.01228501,0.01228501,0.,0.002457,0.00982801,0.004914,0.01719902,0.002457,0.,0.,0.002457,0.004914,0.02702703,0.01228501,0.03194103,0.06633907,0.02702703,0.04176904,0.01719902,0.00737101,0.002457,0.01228501,0.00982801,0.03439803,0.00737101,0.00982801,0.004914,0.01474201,0.01474201,0.002457,0.02457002,0.,0.05651106,0.002457,0.002457,0.002457,0.01228501,0.002457,0.00737101,0.,0.,0.004914,0.002457,0.01965602,0.03931204,0.01228501,0.01719902
0.04234528,0.02931596,0.04234528,0.01954397,0.00977199,0.02605863,0.00651466,0.00325733,0.01302932,0.00651466,0.00977199,0.00325733,0.05537459,0.01628664,0.02931596,0.0228013,0.00325733,0.01302932,0.00977199,0.,0.00651466,0.02931596,0.00651466,0.00651466,0.,0.00325733,0.,0.,0.00651466,0.03908795,0.01302932,0.00977199,0.05863192,0.03583062,0.0228013,0.00977199,0.01954397,0.00977199,0.01954397,0.01954397,0.04885993,0.01628664,0.01954397,0.00977199,0.01954397,0.01302932,0.03908795,0.02605863,0.00325733,0.0228013,0.,0.00325733,0.00651466,0.00977199,0.,0.00651466,0.,0.,0.00977199,0.01302932,0.01302932,0.02605863,0.00325733,0.01302932
0.00485437,0.02427184,0.02912621,0.03398058,0.00485437,0.02912621,0.01456311,0.00485437,0.03883495,0.00485437,0.04368932,0.,0.08737864,0.00970874,0.02427184,0.02912621,0.00485437,0.01456311,0.02427184,0.00970874,0.00485437,0.02427184,0.00485437,0.00970874,0.,0.,0.,0.00485437,0.,0.04854369,0.00485437,0.00970874,0.02912621,0.0631068,0.02912621,0.00970874,0.01456311,0.01456311,0.01456311,0.01456311,0.03398058,0.,0.00485437,0.00485437,0.01456311,0.01941748,0.00485437,0.02427184,0.,0.03398058,0.,0.01941748,0.00485437,0.00970874,0.00485437,0.,0.00485437,0.,0.01941748,0.00485437,0.01941748,0.,0.,0.03398058
0.02840909,0.01136364,0.04545455,0.00568182,0.,0.,0.01136364,0.00568182,0.01136364,0.00568182,0.05113636,0.,0.02840909,0.00568182,0.01136364,0.01136364,0.,0.00568182,0.01704545,0.,0.01136364,0.01704545,0.00568182,0.02272727,0.,0.00568182,0.00568182,0.,0.,0.,0.01704545,0.02840909,0.0625,0.05113636,0.04545455,0.01704545,0.03977273,0.01704545,0.03409091,0.00568182,0.01704545,0.00568182,0.01704545,0.02272727,0.01704545,0.01136364,0.03409091,0.02840909,0.00568182,0.04545455,0.,0.01136364,0.00568182,0.02272727,0.01136364,0.01136364,0.,0.,0.01136364,0.01136364,0.02272727,0.02840909,0.00568182,0.01136364
0.04109589,0.02739726,0.08219178,0.,0.,0.02739726,0.,0.,0.06849315,0.,0.06849315,0.,0.01369863,0.,0.02739726,0.01369863,0.04109589,0.01369863,0.02739726,0.,0.01369863,0.01369863,0.,0.01369863,0.,0.,0.,0.,0.02739726,0.02739726,0.,0.02739726,0.05479452,0.,0.01369863,0.02739726,0.01369863,0.,0.01369863,0.02739726,0.04109589,0.,0.,0.,0.01369863,0.,0.01369863,0.05479452,0.01369863,0.05479452,0.,0.01369863,0.,0.,0.,0.,0.,0.,0.,0.04109589,0.01369863,0.,0.,0.01369863
0.04678363,0.01169591,0.04093567,0.00584795,0.01169591,0.,0.00584795,0.01169591,0.01754386,0.01169591,0.02923977,0.,0.06432749,0.00584795,0.02923977,0.,0.01169591,0.01169591,0.00584795,0.,0.01169591,0.03508772,0.00584795,0.01169591,0.,0.,0.,0.00584795,0.,0.00584795,0.02923977,0.01754386,0.05263158,0.03508772,0.04093567,0.01169591,0.01169591,0.01169591,0.00584795,0.02339181,0.02339181,0.01169591,0.,0.01169591,0.02923977,0.,0.01169591,0.04678363,0.,0.04678363,0.,0.00584795,0.,0.01754386,0.,0.00584795,0.00584795,0.07017544,0.,0.02923977,0.01169591,0.02339181,0.,0.01169591
0.03149606,0.04724409,0.08661417,0.,0.01574803,0.03149606,0.01574803,0.01574803,0.07086614,0.,0.05511811,0.,0.03149606,0.00787402,0.01574803,0.02362205,0.01574803,0.00787402,0.00787402,0.,0.,0.02362205,0.,0.00787402,0.,0.,0.,0.,0.02362205,0.01574803,0.01574803,0.00787402,0.03149606,0.01574803,0.03149606,0.02362205,0.02362205,0.00787402,0.02362205,0.00787402,0.06299213,0.00787402,0.,0.03149606,0.01574803,0.01574803,0.,0.02362205,0.00787402,0.02362205,0.,0.00787402,0.,0.,0.,0.00787402,0.,0.00787402,0.00787402,0.01574803,0.00787402,0.00787402,0.00787402,0.
0.00930233,0.02790698,0.03488372,0.00697674,0.01162791,0.01162791,0.01162791,0.01627907,0.01395349,0.00465116,0.03023256,0.00465116,0.09069767,0.01162791,0.01627907,0.02790698,0.00697674,0.00465116,0.03023256,0.,0.00465116,0.03255814,0.00930233,0.00697674,0.,0.,0.,0.,0.00930233,0.04883721,0.00930233,0.0255814,0.0255814,0.01162791,0.01395349,0.00697674,0.01860465,0.03023256,0.01627907,0.01162791,0.03488372,0.00930233,0.00930233,0.02325581,0.0255814,0.01162791,0.01395349,0.03023256,0.00232558,0.04186047,0.,0.00930233,0.00232558,0.01395349,0.00232558,0.00697674,0.,0.,0.00697674,0.,0.01860465,0.05116279,0.00465116,0.02790698
0.0261194,0.01865672,0.06343284,0.,0.00746269,0.01119403,0.01492537,0.01119403,0.00373134,0.01492537,0.0261194,0.,0.04850746,0.01119403,0.01492537,0.01119403,0.00373134,0.01492537,0.0261194,0.00373134,0.01119403,0.02238806,0.,0.00746269,0.,0.00373134,0.,0.00746269,0.00746269,0.03358209,0.01119403,0.01865672,0.05223881,0.0261194,0.04850746,0.01119403,0.01865672,0.01119403,0.02238806,0.03358209,0.02985075,0.00373134,0.01865672,0.02238806,0.0261194,0.00373134,0.01865672,0.02985075,0.,0.01865672,0.,0.00373134,0.01492537,0.01492537,0.00746269,0.00373134,0.00373134,0.00746269,0.01119403,0.00373134,0.02238806,0.02985075,0.,0.0261194
0.04896422,0.03766478,0.06214689,0.00753296,0.01129944,0.00188324,0.0094162,0.0094162,0.00753296,0.01318267,0.03954802,0.01318267,0.03201507,0.01694915,0.01318267,0.01694915,0.00564972,0.01883239,0.00753296,0.,0.00564972,0.01506591,0.0094162,0.00753296,0.,0.,0.,0.,0.00564972,0.03201507,0.03013183,0.02824859,0.06026365,0.02636535,0.04708098,0.01318267,0.01318267,0.00753296,0.01129944,0.01506591,0.0433145,0.00564972,0.01694915,0.0094162,0.02071563,0.0094162,0.01883239,0.03954802,0.,0.01883239,0.00376648,0.00564972,0.00753296,0.0094162,0.,0.0094162,0.,0.0094162,0.00376648,0.00376648,0.01129944,0.01129944,0.0094162,0.03201507
0.02877698,0.01438849,0.06954436,0.00239808,0.01438849,0.01199041,0.00479616,0.00239808,0.02158273,0.01678657,0.03357314,0.00959233,0.06954436,0.02158273,0.00959233,0.02158273,0.00239808,0.00479616,0.00719424,0.00239808,0.00719424,0.01438849,0.00719424,0.00959233,0.,0.,0.00239808,0.,0.01438849,0.0263789,0.01438849,0.03597122,0.03597122,0.04076739,0.04076739,0.00959233,0.01199041,0.01438849,0.01199041,0.01199041,0.03597122,0.01199041,0.00479616,0.00959233,0.0263789,0.00239808,0.01678657,0.04796163,0.,0.04076739,0.,0.00239808,0.00959233,0.01678657,0.00719424,0.00479616,0.00239808,0.,0.00239808,0.,0.01199041,0.03597122,0.00479616,0.0263789
0.06060606,0.01515152,0.01515152,0.,0.,0.01515152,0.,0.04545455,0.01515152,0.,0.,0.,0.,0.,0.07575758,0.04545455,0.,0.01515152,0.01515152,0.,0.,0.03030303,0.06060606,0.01515152,0.,0.,0.,0.,0.,0.,0.01515152,0.01515152,0.06060606,0.03030303,0.01515152,0.01515152,0.,0.,0.01515152,0.,0.04545455,0.,0.01515152,0.06060606,0.03030303,0.01515152,0.03030303,0.09090909,0.01515152,0.01515152,0.,0.01515152,0.,0.,0.,0.01515152,0.,0.01515152,0.01515152,0.01515152,0.,0.,0.,0.01515152
0.04011461,0.03151862,0.02005731,0.01432665,0.01719198,0.02005731,0.01432665,0.01146132,0.00859599,0.01146132,0.00859599,0.02005731,0.02292264,0.00286533,0.00286533,0.00573066,0.00573066,0.00286533,0.01432665,0.,0.00573066,0.00859599,0.00573066,0.01719198,0.,0.,0.,0.,0.,0.03151862,0.03438395,0.03724928,0.04297994,0.04584527,0.01719198,0.02578797,0.01432665,0.02005731,0.01146132,0.01719198,0.03724928,0.03438395,0.01432665,0.01432665,0.03724928,0.00286533,0.00573066,0.02292264,0.,0.06876791,0.00286533,0.02005731,0.00859599,0.01432665,0.,0.01719198,0.,0.,0.01432665,0.,0.01146132,0.02005731,0.00573066,0.03724928
0.04081633,0.02040816,0.05247813,0.00874636,0.01166181,0.00874636,0.01457726,0.0058309,0.00874636,0.,0.02623907,0.00291545,0.04373178,0.01457726,0.01166181,0.01166181,0.00291545,0.01457726,0.01457726,0.,0.00291545,0.02623907,0.0058309,0.01166181,0.,0.,0.00291545,0.00291545,0.0058309,0.02040816,0.00874636,0.02915452,0.05539359,0.02623907,0.03498542,0.01749271,0.02332362,0.00874636,0.02623907,0.01457726,0.04081633,0.02623907,0.01457726,0.02332362,0.02915452,0.01166181,0.01457726,0.03206997,0.,0.03206997,0.,0.00874636,0.0058309,0.00291545,0.0058309,0.00874636,0.00291545,0.00291545,0.01749271,0.0058309,0.01749271,0.02040816,0.00291545,0.03498542
0.08108108,0.02702703,0.06081081,0.00675676,0.01351351,0.01351351,0.00675676,0.01351351,0.02702703,0.00675676,0.01351351,0.00675676,0.06081081,0.02027027,0.0472973,0.00675676,0.02027027,0.00675676,0.00675676,0.,0.,0.00675676,0.,0.,0.,0.,0.,0.,0.01351351,0.01351351,0.02027027,0.05405405,0.09459459,0.03378378,0.0472973,0.01351351,0.00675676,0.,0.02027027,0.00675676,0.02027027,0.00675676,0.00675676,0.00675676,0.01351351,0.00675676,0.02027027,0.,0.00675676,0.02702703,0.,0.,0.,0.02702703,0.,0.00675676,0.,0.,0.,0.,0.02702703,0.02702703,0.00675676,0.01351351
0.03947368,0.03289474,0.03289474,0.01315789,0.01973684,0.,0.01315789,0.,0.01315789,0.01315789,0.02631579,0.01315789,0.03947368,0.,0.03947368,0.00657895,0.00657895,0.01315789,0.00657895,0.,0.,0.01315789,0.,0.00657895,0.,0.,0.,0.,0.01315789,0.01973684,0.01315789,0.00657895,0.07894737,0.00657895,0.03289474,0.01315789,0.03947368,0.01973684,0.00657895,0.,0.07894737,0.00657895,0.01315789,0.02631579,0.03289474,0.01973684,0.03947368,0.03289474,0.,0.03947368,0.,0.01315789,0.01315789,0.01315789,0.00657895,0.,0.00657895,0.01315789,0.00657895,0.,0.01315789,0.01315789,0.00657895,0.00657895
0.04918033,0.01639344,0.03278689,0.01639344,0.,0.,0.,0.00819672,0.01639344,0.,0.01639344,0.,0.04918033,0.01639344,0.03278689,0.02459016,0.01639344,0.05737705,0.00819672,0.,0.,0.04918033,0.00819672,0.00819672,0.,0.,0.,0.,0.,0.03278689,0.00819672,0.03278689,0.01639344,0.04098361,0.05737705,0.02459016,0.02459016,0.,0.01639344,0.01639344,0.02459016,0.01639344,0.01639344,0.02459016,0.02459016,0.00819672,0.00819672,0.04918033,0.00819672,0.02459016,0.,0.,0.00819672,0.00819672,0.,0.,0.,0.,0.00819672,0.02459016,0.00819672,0.01639344,0.,0.02459016
0.03076923,0.01923077,0.06153846,0.00384615,0.,0.01153846,0.01538462,0.00384615,0.02692308,0.01153846,0.01923077,0.00384615,0.04615385,0.00384615,0.02307692,0.00769231,0.,0.02692308,0.01538462,0.,0.00769231,0.02692308,0.00769231,0.00769231,0.,0.,0.,0.00384615,0.,0.03461538,0.01153846,0.01923077,0.08461538,0.02692308,0.02692308,0.00384615,0.02692308,0.02307692,0.01153846,0.01923077,0.05384615,0.00384615,0.,0.03076923,0.03461538,0.01153846,0.01153846,0.01923077,0.,0.03461538,0.,0.01153846,0.,0.02307692,0.00769231,0.00769231,0.00384615,0.00769231,0.00769231,0.,0.01153846,0.02307692,0.,0.02307692
0.04511278,0.01503759,0.02255639,0.,0.0075188,0.03007519,0.03007519,0.0075188,0.0075188,0.,0.01503759,0.03007519,0.09774436,0.0075188,0.02255639,0.0075188,0.0075188,0.01503759,0.,0.0075188,0.0075188,0.0075188,0.0075188,0.0075188,0.,0.,0.,0.,0.0075188,0.04511278,0.02255639,0.05263158,0.01503759,0.,0.0075188,0.0075188,0.0075188,0.02255639,0.01503759,0.02255639,0.04511278,0.,0.,0.01503759,0.03007519,0.02255639,0.0075188,0.01503759,0.,0.07518797,0.,0.01503759,0.,0.0075188,0.,0.0075188,0.0075188,0.,0.03007519,0.,0.03007519,0.03007519,0.01503759,0.01503759
0.06094808,0.02031603,0.05869074,0.00677201,0.00677201,0.00451467,0.02031603,0.00451467,0.01805869,0.01128668,0.03160271,0.01128668,0.05869074,0.01128668,0.00677201,0.00902935,0.00677201,0.01128668,0.01128668,0.00225734,0.00451467,0.00902935,0.00677201,0.01128668,0.,0.,0.,0.00225734,0.00451467,0.0248307,0.02257336,0.03160271,0.08352144,0.02934537,0.04514673,0.01805869,0.01580135,0.00902935,0.01805869,0.01128668,0.04740406,0.,0.00677201,0.00677201,0.02031603,0.01128668,0.00902935,0.02257336,0.00225734,0.02934537,0.,0.00225734,0.00902935,0.00902935,0.00225734,0.01128668,0.,0.00451467,0.00677201,0.00225734,0.02257336,0.01354402,0.00677201,0.03386005
0.06756757,0.05405405,0.03378378,0.00675676,0.01351351,0.00675676,0.01351351,0.01351351,0.02027027,0.,0.04054054,0.,0.05405405,0.,0.03378378,0.01351351,0.,0.,0.00675676,0.,0.00675676,0.01351351,0.01351351,0.,0.,0.,0.00675676,0.,0.00675676,0.02027027,0.02027027,0.02027027,0.08108108,0.02702703,0.03378378,0.02027027,0.01351351,0.01351351,0.00675676,0.00675676,0.03378378,0.01351351,0.00675676,0.00675676,0.04054054,0.02702703,0.00675676,0.04054054,0.00675676,0.04054054,0.,0.,0.00675676,0.,0.,0.,0.,0.,0.01351351,0.,0.00675676,0.02027027,0.01351351,0.02702703
0.08151093,0.027833,0.03578529,0.00795229,0.00795229,0.01192843,0.00994036,0.01192843,0.00795229,0.01192843,0.00994036,0.00397614,0.04970179,0.00596421,0.02584493,0.02385686,0.00994036,0.00795229,0.02385686,0.00198807,0.00596421,0.01988072,0.00596421,0.01590457,0.,0.,0.,0.,0.00994036,0.03180915,0.01590457,0.03379722,0.0417495,0.01590457,0.02584493,0.03180915,0.01192843,0.00397614,0.00994036,0.00397614,0.03578529,0.00397614,0.0139165,0.00994036,0.03180915,0.00596421,0.00795229,0.02385686,0.,0.03578529,0.,0.01789264,0.00596421,0.00795229,0.00397614,0.00994036,0.00198807,0.00198807,0.0139165,0.,0.027833,0.03578529,0.00795229,0.03379722
0.02764977,0.03225806,0.01382488,0.00921659,0.00460829,0.01382488,0.00460829,0.00921659,0.01382488,0.00460829,0.01382488,0.,0.06912442,0.01382488,0.03225806,0.00460829,0.00460829,0.02764977,0.00460829,0.,0.00921659,0.01843318,0.00460829,0.01843318,0.,0.,0.,0.,0.02304147,0.04147465,0.02304147,0.03686636,0.03225806,0.,0.01382488,0.,0.04147465,0.01382488,0.01382488,0.03225806,0.04147465,0.01382488,0.00460829,0.00460829,0.03225806,0.00921659,0.02304147,0.04147465,0.,0.03225806,0.,0.01382488,0.00460829,0.00921659,0.00921659,0.00460829,0.00460829,0.,0.,0.,0.02304147,0.06451613,0.00921659,0.02764977
0.02727273,0.02727273,0.09090909,0.,0.00909091,0.01818182,0.,0.,0.02727273,0.00909091,0.04545455,0.,0.03636364,0.00909091,0.,0.02727273,0.,0.,0.,0.,0.,0.02727273,0.,0.00909091,0.,0.,0.,0.,0.,0.04545455,0.00909091,0.01818182,0.06363636,0.00909091,0.05454545,0.05454545,0.00909091,0.00909091,0.00909091,0.00909091,0.02727273,0.,0.,0.01818182,0.04545455,0.01818182,0.01818182,0.02727273,0.00909091,0.03636364,0.,0.00909091,0.,0.01818182,0.,0.01818182,0.,0.,0.,0.01818182,0.00909091,0.04545455,0.00909091,0.01818182
0.04692082,0.02346041,0.03812317,0.0058651,0.0058651,0.0058651,0.01173021,0.01466276,0.01173021,0.01466276,0.03519062,0.01173021,0.01759531,0.0058651,0.02639296,0.01173021,0.,0.0058651,0.00293255,0.00293255,0.00293255,0.00879765,0.01173021,0.01173021,0.00293255,0.00293255,0.,0.,0.0058651,0.04105572,0.01759531,0.01466276,0.09384164,0.01173021,0.03225806,0.01759531,0.03225806,0.01466276,0.01466276,0.01466276,0.04692082,0.00293255,0.02052786,0.02346041,0.04692082,0.01466276,0.02639296,0.04105572,0.,0.00879765,0.,0.0058651,0.01466276,0.01466276,0.,0.01759531,0.00293255,0.,0.,0.,0.,0.02052786,0.01173021,0.02932551
0.04822335,0.02030457,0.07106599,0.01269036,0.00253807,0.00761421,0.01522843,0.01015228,0.03045685,0.00507614,0.04568528,0.01269036,0.03553299,0.01269036,0.,0.02030457,0.00761421,0.01269036,0.00761421,0.00761421,0.00253807,0.00761421,0.01269036,0.00253807,0.00253807,0.,0.00253807,0.00253807,0.01269036,0.02030457,0.02030457,0.03045685,0.08629442,0.0177665,0.04568528,0.01015228,0.01269036,0.01015228,0.01015228,0.00761421,0.02538071,0.00253807,0.00507614,0.00253807,0.02791878,0.01522843,0.01015228,0.02538071,0.,0.02791878,0.,0.00507614,0.01269036,0.00507614,0.00253807,0.01015228,0.00253807,0.00507614,0.00253807,0.,0.02791878,0.01522843,0.01522843,0.05076142
0.05,0.01428571,0.04285714,0.01428571,0.,0.01428571,0.02142857,0.02857143,0.00714286,0.00714286,0.02857143,0.00714286,0.03571429,0.01428571,0.01428571,0.02142857,0.00714286,0.,0.01428571,0.02142857,0.00714286,0.,0.01428571,0.02857143,0.00714286,0.,0.,0.,0.01428571,0.01428571,0.02142857,0.04285714,0.05,0.,0.08571429,0.02142857,0.02857143,0.02142857,0.00714286,0.03571429,0.,0.,0.01428571,0.00714286,0.00714286,0.01428571,0.00714286,0.02142857,0.,0.02857143,0.00714286,0.02142857,0.02142857,0.00714286,0.00714286,0.,0.,0.,0.00714286,0.00714286,0.02142857,0.,0.01428571,0.02142857
0.07100592,0.02169625,0.03550296,0.00788955,0.00986193,0.00197239,0.01972387,0.01380671,0.02366864,0.01577909,0.02761341,0.01577909,0.05719921,0.00788955,0.01577909,0.01577909,0.00986193,0.00986193,0.01183432,0.00197239,0.00788955,0.01577909,0.00788955,0.00986193,0.,0.00197239,0.00197239,0.00591716,0.00591716,0.01972387,0.01972387,0.02761341,0.07889546,0.00986193,0.03353057,0.02761341,0.00788955,0.01775148,0.00788955,0.01775148,0.03747535,0.00591716,0.00591716,0.01577909,0.02761341,0.00788955,0.01577909,0.02761341,0.00197239,0.02366864,0.,0.00591716,0.00394477,0.00986193,0.00197239,0.00591716,0.,0.00197239,0.00788955,0.,0.02169625,0.01380671,0.00986193,0.02761341
0.05122494,0.01781737,0.0623608,0.01781737,0.00668151,0.01113586,0.02004454,0.01336303,0.0311804,0.01336303,0.02895323,0.00890869,0.03563474,0.00890869,0.01113586,0.02004454,0.00668151,0.00890869,0.,0.,0.00445434,0.01113586,0.,0.01336303,0.,0.00222717,0.,0.00222717,0.00668151,0.0467706,0.01781737,0.0311804,0.08017817,0.03340757,0.04008909,0.01781737,0.01781737,0.00890869,0.00445434,0.00668151,0.0311804,0.00890869,0.0155902,0.00668151,0.02227171,0.00668151,0.02672606,0.01781737,0.00222717,0.02004454,0.,0.00890869,0.01113586,0.00445434,0.,0.00222717,0.,0.00668151,0.00222717,0.00890869,0.02004454,0.02004454,0.00445434,0.03340757
0.037182,0.01761252,0.04305284,0.00587084,0.00587084,0.01174168,0.00587084,0.00391389,0.02348337,0.,0.03913894,0.00978474,0.04892368,0.01174168,0.01565558,0.01956947,0.00587084,0.01956947,0.01369863,0.00391389,0.00587084,0.02544031,0.00195695,0.01369863,0.00195695,0.00195695,0.,0.,0.00782779,0.02739726,0.00587084,0.02935421,0.04696673,0.02935421,0.06066536,0.01565558,0.00782779,0.01369863,0.02152642,0.01565558,0.02152642,0.01565558,0.01956947,0.02544031,0.01369863,0.01565558,0.0332681,0.04109589,0.00195695,0.0332681,0.,0.,0.00391389,0.01369863,0.00391389,0.00782779,0.,0.00391389,0.01174168,0.00195695,0.01174168,0.02544031,0.00391389,0.01565558
0.05645161,0.03629032,0.04032258,0.01008065,0.01008065,0.01209677,0.01209677,0.,0.0141129,0.01008065,0.02419355,0.01814516,0.02822581,0.00806452,0.00604839,0.01209677,0.00806452,0.00201613,0.01612903,0.,0.00403226,0.0141129,0.00806452,0.01209677,0.00201613,0.,0.,0.00201613,0.01612903,0.02620968,0.00403226,0.03225806,0.05241935,0.02620968,0.03225806,0.01612903,0.00806452,0.01814516,0.0141129,0.00604839,0.0483871,0.00604839,0.0141129,0.02217742,0.03830645,0.,0.01612903,0.0625,0.,0.04233871,0.,0.01008065,0.,0.01008065,0.00403226,0.01008065,0.00201613,0.00403226,0.00604839,0.00403226,0.01008065,0.02016129,0.00403226,0.04637097
0.04109589,0.02739726,0.03424658,0.00684932,0.00684932,0.02054795,0.01369863,0.00684932,0.02054795,0.00684932,0.04109589,0.,0.05479452,0.,0.02739726,0.01369863,0.01369863,0.,0.02054795,0.,0.,0.01369863,0.01369863,0.01369863,0.,0.,0.,0.,0.,0.03424658,0.00684932,0.02054795,0.1369863,0.03424658,0.06849315,0.00684932,0.,0.01369863,0.01369863,0.02054795,0.01369863,0.00684932,0.02054795,0.01369863,0.01369863,0.,0.,0.01369863,0.,0.04794521,0.,0.00684932,0.00684932,0.00684932,0.,0.00684932,0.00684932,0.02739726,0.01369863,0.01369863,0.02054795,0.,0.00684932,0.
0.07407407,0.03703704,0.05555556,0.01851852,0.00617284,0.01234568,0.01234568,0.,0.00617284,0.,0.02469136,0.01234568,0.06790123,0.,0.03703704,0.0308642,0.,0.,0.,0.,0.00617284,0.,0.00617284,0.01234568,0.,0.,0.,0.,0.,0.02469136,0.01234568,0.02469136,0.05555556,0.0308642,0.03703704,0.01851852,0.,0.01234568,0.00617284,0.01234568,0.03703704,0.,0.01234568,0.01234568,0.01234568,0.00617284,0.01234568,0.00617284,0.00617284,0.04320988,0.,0.01234568,0.01851852,0.00617284,0.00617284,0.00617284,0.,0.01234568,0.00617284,0.,0.03703704,0.01851852,0.01851852,0.05555556
0.05864198,0.0154321,0.04012346,0.00925926,0.00925926,0.00617284,0.00925926,0.01234568,0.0154321,0.00308642,0.04320988,0.01234568,0.05555556,0.01234568,0.0154321,0.0154321,0.00308642,0.00617284,0.0154321,0.,0.,0.02777778,0.,0.01234568,0.00308642,0.,0.,0.,0.01234568,0.02469136,0.01234568,0.0308642,0.07098765,0.02469136,0.04012346,0.01234568,0.02469136,0.01234568,0.0154321,0.01234568,0.05246914,0.00617284,0.00617284,0.02777778,0.02160494,0.00925926,0.01234568,0.02777778,0.,0.02160494,0.,0.00925926,0.00308642,0.01234568,0.00925926,0.01851852,0.00308642,0.00308642,0.00925926,0.00308642,0.0154321,0.00925926,0.01234568,0.01234568
0.03067485,0.03067485,0.0797546,0.,0.01226994,0.01840491,0.01226994,0.00613497,0.01226994,0.01226994,0.01226994,0.01226994,0.03067485,0.00613497,0.03067485,0.,0.00613497,0.03067485,0.01226994,0.,0.00613497,0.00613497,0.,0.01840491,0.,0.,0.,0.,0.00613497,0.02453988,0.01226994,0.01840491,0.06748466,0.04294479,0.04294479,0.00613497,0.01840491,0.01226994,0.01840491,0.01840491,0.02453988,0.00613497,0.00613497,0.01840491,0.04294479,0.,0.02453988,0.03067485,0.00613497,0.01840491,0.,0.02453988,0.,0.,0.,0.01226994,0.,0.00613497,0.01840491,0.00613497,0.01840491,0.01226994,0.,0.04907975
0.03930131,0.04366812,0.03930131,0.01310044,0.,0.00873362,0.00873362,0.01310044,0.03056769,0.,0.03930131,0.,0.03056769,0.00873362,0.02183406,0.00873362,0.00873362,0.01746725,0.01746725,0.,0.00436681,0.01310044,0.00436681,0.01746725,0.,0.00436681,0.,0.,0.00873362,0.04366812,0.00873362,0.03056769,0.05240175,0.02620087,0.069869,0.00873362,0.00873362,0.01746725,0.01746725,0.00436681,0.03930131,0.00873362,0.00873362,0.01310044,0.01746725,0.01746725,0.01310044,0.0349345,0.,0.02183406,0.,0.01746725,0.,0.01746725,0.,0.00436681,0.00436681,0.00873362,0.00436681,0.00873362,0.03056769,0.01746725,0.00436681,0.01746725
0.08878505,0.00934579,0.04672897,0.01401869,0.01401869,0.,0.01869159,0.0046729,0.01869159,0.0046729,0.03738318,0.,0.02803738,0.00934579,0.01401869,0.02336449,0.00934579,0.01869159,0.0046729,0.,0.0046729,0.01401869,0.02336449,0.02336449,0.,0.,0.,0.,0.00934579,0.01401869,0.02803738,0.04672897,0.07943925,0.01401869,0.02336449,0.02336449,0.00934579,0.00934579,0.,0.01401869,0.01401869,0.00934579,0.00934579,0.00934579,0.01869159,0.01869159,0.03271028,0.03738318,0.0046729,0.01869159,0.,0.0046729,0.0046729,0.0046729,0.,0.00934579,0.,0.02336449,0.01869159,0.01401869,0.00934579,0.0046729,0.0046729,0.02803738
0.03095975,0.0371517,0.07739938,0.,0.00619195,0.00928793,0.0123839,0.0123839,0.01547988,0.00928793,0.05572755,0.,0.04334365,0.00928793,0.0247678,0.00619195,0.00309598,0.01547988,0.00619195,0.,0.,0.0123839,0.00309598,0.00619195,0.,0.,0.,0.,0.,0.02786378,0.0123839,0.01857585,0.08049536,0.05263158,0.0371517,0.01857585,0.01547988,0.0123839,0.00928793,0.01547988,0.0123839,0.00309598,0.01547988,0.00928793,0.01857585,0.00309598,0.03095975,0.03095975,0.,0.0495356,0.,0.00309598,0.0123839,0.00309598,0.,0.00309598,0.00309598,0.0123839,0.00928793,0.00619195,0.00928793,0.0371517,0.00619195,0.0247678
0.04888889,0.03111111,0.04444444,0.00444444,0.01777778,0.01333333,0.01333333,0.00444444,0.00888889,0.02666667,0.03111111,0.,0.05333333,0.00888889,0.02222222,0.00888889,0.00444444,0.00888889,0.00888889,0.00444444,0.00888889,0.01333333,0.,0.00888889,0.00888889,0.,0.00444444,0.,0.00888889,0.03555556,0.03111111,0.02666667,0.06666667,0.02666667,0.04444444,0.00444444,0.01333333,0.00444444,0.01777778,0.02222222,0.04,0.01777778,0.02666667,0.00888889,0.01777778,0.00888889,0.01333333,0.03111111,0.00444444,0.01777778,0.,0.00888889,0.00444444,0.00888889,0.00888889,0.00444444,0.,0.,0.,0.,0.02666667,0.01333333,0.00888889,0.01777778
0.03030303,0.0261233,0.06583072,0.00835946,0.01044932,0.01149425,0.00731452,0.00417973,0.02089864,0.01044932,0.02298851,0.00417973,0.03552769,0.01044932,0.01358412,0.01044932,0.0031348,0.02403344,0.01880878,0.00208986,0.00835946,0.0292581,0.0031348,0.00731452,0.,0.00417973,0.,0.00104493,0.00731452,0.03448276,0.01567398,0.02194357,0.06269592,0.03448276,0.04911181,0.01462905,0.01567398,0.00522466,0.01253918,0.01358412,0.03134796,0.00835946,0.00940439,0.01149425,0.02298851,0.00940439,0.01776385,0.03134796,0.,0.04075235,0.00104493,0.00417973,0.0031348,0.01462905,0.00417973,0.00417973,0.,0.01044932,0.02298851,0.00731452,0.01671891,0.02298851,0.,0.02403344
0.04823151,0.03858521,0.05787781,0.0096463,0.0096463,0.02250804,0.01607717,0.00643087,0.02250804,0.00643087,0.03215434,0.0192926,0.04823151,0.0096463,0.01607717,0.01607717,0.0096463,0.00321543,0.01607717,0.,0.,0.00321543,0.00321543,0.0096463,0.00321543,0.,0.00321543,0.,0.00321543,0.0192926,0.01286174,0.0192926,0.09646302,0.01607717,0.04823151,0.01607717,0.01286174,0.00321543,0.01286174,0.00643087,0.03858521,0.00643087,0.01607717,0.01607717,0.03215434,0.0096463,0.01286174,0.02893891,0.00321543,0.02572347,0.,0.,0.,0.0096463,0.,0.00643087,0.,0.00321543,0.,0.,0.03858521,0.01286174,0.02572347,0.01607717
0.02681992,0.02681992,0.0651341,0.00383142,0.00766284,0.00383142,0.01532567,0.00766284,0.01915709,0.00766284,0.03065134,0.,0.05747126,0.00383142,0.02298851,0.01532567,0.,0.00766284,0.02298851,0.00383142,0.,0.03065134,0.00383142,0.01532567,0.,0.00383142,0.,0.,0.,0.04214559,0.02298851,0.01532567,0.10727969,0.02681992,0.04980843,0.01532567,0.01149425,0.01532567,0.01149425,0.01532567,0.02298851,0.00766284,0.,0.01149425,0.02681992,0.01532567,0.01532567,0.02681992,0.00383142,0.03831418,0.,0.00766284,0.,0.01149425,0.00383142,0.00383142,0.,0.,0.,0.,0.01532567,0.01915709,0.00383142,0.03065134
0.03741497,0.03401361,0.06802721,0.00340136,0.00340136,0.,0.01020408,0.01360544,0.01020408,0.01020408,0.02721088,0.00340136,0.07482993,0.00340136,0.03061224,0.00680272,0.00680272,0.02380952,0.03061224,0.00340136,0.00340136,0.00680272,0.00340136,0.,0.,0.,0.,0.00340136,0.01020408,0.03401361,0.01360544,0.02380952,0.09863946,0.04761905,0.05102041,0.01360544,0.02380952,0.00680272,0.00680272,0.01020408,0.02721088,0.00680272,0.00680272,0.00680272,0.0170068,0.,0.02040816,0.00680272,0.00340136,0.03061224,0.,0.00340136,0.00340136,0.01360544,0.,0.01360544,0.,0.,0.01360544,0.,0.0170068,0.02380952,0.00680272,0.02040816
0.1109215,0.01877133,0.0221843,0.02047782,0.02047782,0.01023891,0.01535836,0.01194539,0.02047782,0.00511945,0.00682594,0.00511945,0.04948805,0.00511945,0.01194539,0.03412969,0.01023891,0.00341297,0.00341297,0.01194539,0.00511945,0.00853242,0.00511945,0.01706485,0.,0.,0.,0.,0.00682594,0.00341297,0.01023891,0.0221843,0.08703072,0.01535836,0.02901024,0.02901024,0.02559727,0.00341297,0.01023891,0.00853242,0.02389078,0.,0.00511945,0.01365188,0.02730375,0.00170648,0.,0.02730375,0.,0.03242321,0.,0.02730375,0.01706485,0.00341297,0.,0.01194539,0.00170648,0.00170648,0.00853242,0.00341297,0.04266212,0.01194539,0.01365188,0.04095563
0.05591054,0.02236422,0.05910543,0.00798722,0.00479233,0.01277955,0.00638978,0.00479233,0.01597444,0.01277955,0.02236422,0.00798722,0.04952077,0.00958466,0.02715655,0.00479233,0.00319489,0.01757188,0.02396166,0.00159744,0.00319489,0.01916933,0.00798722,0.00638978,0.,0.00319489,0.,0.00319489,0.014377,0.03035144,0.01597444,0.02236422,0.07827476,0.03194888,0.03514377,0.01916933,0.01277955,0.00798722,0.00798722,0.01916933,0.02236422,0.00479233,0.00798722,0.00638978,0.01916933,0.00479233,0.01757188,0.02715655,0.00159744,0.03035144,0.,0.00479233,0.00479233,0.02236422,0.00159744,0.01597444,0.,0.,0.014377,0.,0.01916933,0.03194888,0.00798722,0.02555911
0.02439024,0.01626016,0.01219512,0.,0.01219512,0.04878049,0.0203252,0.02845528,0.00406504,0.,0.0203252,0.01219512,0.03658537,0.0203252,0.03252033,0.01626016,0.,0.01219512,0.0203252,0.,0.00813008,0.00813008,0.00813008,0.00406504,0.,0.00406504,0.,0.,0.00406504,0.0203252,0.02845528,0.0203252,0.02845528,0.00813008,0.00406504,0.01219512,0.01219512,0.01626016,0.03252033,0.0203252,0.04878049,0.00406504,0.0203252,0.01626016,0.01626016,0.00813008,0.04065041,0.04065041,0.00406504,0.04065041,0.,0.,0.00406504,0.0203252,0.00813008,0.01626016,0.,0.,0.01219512,0.00406504,0.02845528,0.04878049,0.00406504,0.03658537
0.03225806,0.04032258,0.04435484,0.00403226,0.01209677,0.02822581,0.01612903,0.00806452,0.01612903,0.00806452,0.02016129,0.00806452,0.06048387,0.01209677,0.02822581,0.01612903,0.00806452,0.02822581,0.01612903,0.00403226,0.00403226,0.02822581,0.,0.01209677,0.,0.,0.,0.00403226,0.00806452,0.03225806,0.00403226,0.00806452,0.06451613,0.01209677,0.05241935,0.00806452,0.02016129,0.00806452,0.01612903,0.01612903,0.0483871,0.,0.01612903,0.01612903,0.02016129,0.00403226,0.01612903,0.02822581,0.00403226,0.02822581,0.,0.,0.00806452,0.01209677,0.,0.,0.,0.00806452,0.00806452,0.01209677,0.02016129,0.02016129,0.,0.02016129
0.05405405,0.0293772,0.03525264,0.0199765,0.00822562,0.00352526,0.01292597,0.01057579,0.02467685,0.00705053,0.02232667,0.01410106,0.05640423,0.00940071,0.01762632,0.02232667,0.01057579,0.00822562,0.00587544,0.00352526,0.00352526,0.00470035,0.00470035,0.01645123,0.00117509,0.00117509,0.00117509,0.00587544,0.00822562,0.01057579,0.02232667,0.02702703,0.06110458,0.01880141,0.03290247,0.03290247,0.01527615,0.00822562,0.01292597,0.01880141,0.01175088,0.00470035,0.00822562,0.01762632,0.03290247,0.00352526,0.01410106,0.03407756,0.00117509,0.02115159,0.,0.01057579,0.00940071,0.02232667,0.00587544,0.01175088,0.,0.00117509,0.00822562,0.00117509,0.0293772,0.02350176,0.01057579,0.03290247
0.06818182,0.02272727,0.03181818,0.00909091,0.01363636,0.00909091,0.02272727,0.,0.01363636,0.,0.02272727,0.,0.02727273,0.00909091,0.01363636,0.01818182,0.00454545,0.00909091,0.01363636,0.00454545,0.00454545,0.01818182,0.02727273,0.01818182,0.,0.00454545,0.,0.,0.00909091,0.01363636,0.00909091,0.02272727,0.03636364,0.00454545,0.06363636,0.02272727,0.,0.00454545,0.00454545,0.02272727,0.03636364,0.00909091,0.00909091,0.00454545,0.04090909,0.00454545,0.00909091,0.03181818,0.,0.05909091,0.,0.01363636,0.00909091,0.01363636,0.00454545,0.01818182,0.00454545,0.00454545,0.01363636,0.00454545,0.02272727,0.03181818,0.00909091,0.04545455
0.09090909,0.02941176,0.03743316,0.05614973,0.01604278,0.0026738,0.0026738,0.02406417,0.01069519,0.00534759,0.00802139,0.00534759,0.03743316,0.01069519,0.01069519,0.02941176,0.00802139,0.00534759,0.01069519,0.01604278,0.0026738,0.00534759,0.0026738,0.01336898,0.,0.,0.0026738,0.0026738,0.00802139,0.00534759,0.01604278,0.04010695,0.07219251,0.01336898,0.02139037,0.04545455,0.00534759,0.,0.00534759,0.01336898,0.02941176,0.00802139,0.00802139,0.02139037,0.02941176,0.0026738,0.0026738,0.01336898,0.,0.00802139,0.,0.02941176,0.,0.01069519,0.,0.00802139,0.0026738,0.0026738,0.01069519,0.,0.04812834,0.01336898,0.00802139,0.05080214
0.05743243,0.02364865,0.00337838,0.02364865,0.02027027,0.01689189,0.01351351,0.01689189,0.03716216,0.01013514,0.01351351,0.01351351,0.04391892,0.00337838,0.01689189,0.03040541,0.02364865,0.01013514,0.,0.01013514,0.,0.00337838,0.01351351,0.02027027,0.,0.00675676,0.,0.,0.01013514,0.01013514,0.01689189,0.02364865,0.0777027,0.00675676,0.02027027,0.04054054,0.01689189,0.00675676,0.00675676,0.01351351,0.03040541,0.01013514,0.01351351,0.01689189,0.01689189,0.,0.,0.04391892,0.,0.02702703,0.00337838,0.01689189,0.00675676,0.00675676,0.00337838,0.01013514,0.,0.,0.00337838,0.01689189,0.03040541,0.01351351,0.00337838,0.04391892
0.01408451,0.02112676,0.05633803,0.,0.00704225,0.03521127,0.01408451,0.02112676,0.00704225,0.00704225,0.01408451,0.,0.01408451,0.03521127,0.04225352,0.01408451,0.00704225,0.,0.01408451,0.,0.01408451,0.02112676,0.,0.00704225,0.,0.,0.,0.,0.,0.04225352,0.00704225,0.01408451,0.04929577,0.04225352,0.03521127,0.02112676,0.04225352,0.00704225,0.02112676,0.02816901,0.05633803,0.00704225,0.,0.00704225,0.04225352,0.00704225,0.,0.03521127,0.00704225,0.03521127,0.,0.01408451,0.,0.01408451,0.,0.,0.,0.00704225,0.,0.00704225,0.01408451,0.03521127,0.01408451,0.02112676
0.03663004,0.01098901,0.08058608,0.,0.01098901,0.01465201,0.01465201,0.01098901,0.00732601,0.00732601,0.03663004,0.01098901,0.04395604,0.00732601,0.02564103,0.01098901,0.01098901,0.01465201,0.01465201,0.,0.,0.01098901,0.00732601,0.00732601,0.,0.003663,0.,0.,0.01098901,0.02197802,0.01465201,0.02197802,0.0952381,0.03296703,0.02197802,0.02564103,0.01098901,0.01465201,0.02564103,0.01831502,0.02930403,0.01465201,0.003663,0.02197802,0.01831502,0.01098901,0.00732601,0.01831502,0.,0.03663004,0.003663,0.00732601,0.003663,0.003663,0.,0.01098901,0.,0.,0.01465201,0.,0.01465201,0.04395604,0.003663,0.01831502
0.04093567,0.02046784,0.04093567,0.01461988,0.00292398,0.00292398,0.00584795,0.01461988,0.01754386,0.,0.00292398,0.00877193,0.0380117,0.01169591,0.02339181,0.01169591,0.00584795,0.01754386,0.01169591,0.00292398,0.00584795,0.01461988,0.01461988,0.02046784,0.,0.00292398,0.,0.,0.00292398,0.02923977,0.01169591,0.03216374,0.07602339,0.03508772,0.00584795,0.02339181,0.01754386,0.01461988,0.01169591,0.01754386,0.03508772,0.00584795,0.00584795,0.02631579,0.03216374,0.00584795,0.02631579,0.04678363,0.,0.03508772,0.,0.00877193,0.01461988,0.02046784,0.00584795,0.00584795,0.00292398,0.00292398,0.00584795,0.01754386,0.01461988,0.02923977,0.00584795,0.01461988
0.05479452,0.02054795,0.03767123,0.00342466,0.01027397,0.00684932,0.02054795,0.01027397,0.0239726,0.01369863,0.0239726,0.01369863,0.04109589,0.00684932,0.01027397,0.01027397,0.00684932,0.02054795,0.01712329,0.,0.00342466,0.00342466,0.00684932,0.0239726,0.,0.00342466,0.,0.00342466,0.01027397,0.01027397,0.00684932,0.0239726,0.07191781,0.03767123,0.02054795,0.01712329,0.02054795,0.,0.00684932,0.00684932,0.03767123,0.00342466,0.00684932,0.01712329,0.02739726,0.01027397,0.02739726,0.03082192,0.,0.0239726,0.00342466,0.01027397,0.00684932,0.02054795,0.00342466,0.01027397,0.,0.00342466,0.01027397,0.,0.01027397,0.04452055,0.02739726,0.03424658
0.0128866,0.0128866,0.02835052,0.00257732,0.00515464,0.0128866,0.00257732,0.00773196,0.01546392,0.0128866,0.01546392,0.01804124,0.04639175,0.02319588,0.02835052,0.0257732,0.,0.00515464,0.00515464,0.,0.00257732,0.02061856,0.00515464,0.00257732,0.,0.,0.00257732,0.,0.0128866,0.06701031,0.0257732,0.03608247,0.03350515,0.0128866,0.02061856,0.00773196,0.02061856,0.01546392,0.01804124,0.02061856,0.03865979,0.00515464,0.00773196,0.02319588,0.02061856,0.01546392,0.01030928,0.02061856,0.,0.01804124,0.,0.00257732,0.01030928,0.02061856,0.00257732,0.0128866,0.00257732,0.00257732,0.00773196,0.,0.03092784,0.06185567,0.02061856,0.05927835
0.06896552,0.0862069,0.03448276,0.02586207,0.,0.00862069,0.01724138,0.,0.03448276,0.00862069,0.05172414,0.,0.05172414,0.01724138,0.00862069,0.00862069,0.,0.,0.00862069,0.,0.,0.,0.00862069,0.00862069,0.,0.,0.,0.,0.,0.02586207,0.01724138,0.01724138,0.09482759,0.02586207,0.03448276,0.00862069,0.02586207,0.00862069,0.,0.01724138,0.01724138,0.00862069,0.00862069,0.00862069,0.00862069,0.,0.,0.,0.00862069,0.03448276,0.,0.00862069,0.,0.02586207,0.,0.01724138,0.,0.,0.01724138,0.,0.01724138,0.04310345,0.03448276,0.01724138
0.04918033,0.02459016,0.09836066,0.02459016,0.01639344,0.00819672,0.,0.00819672,0.01639344,0.00819672,0.02459016,0.00819672,0.03278689,0.00819672,0.04098361,0.,0.01639344,0.,0.,0.,0.00819672,0.00819672,0.,0.,0.00819672,0.00819672,0.,0.,0.01639344,0.01639344,0.01639344,0.01639344,0.01639344,0.04918033,0.06557377,0.00819672,0.00819672,0.00819672,0.00819672,0.02459016,0.01639344,0.00819672,0.,0.,0.01639344,0.00819672,0.04918033,0.02459016,0.00819672,0.08196721,0.,0.,0.,0.00819672,0.01639344,0.01639344,0.,0.,0.00819672,0.,0.01639344,0.02459016,0.,0.02459016
0.04259635,0.02028398,0.03245436,0.01825558,0.02636917,0.00608519,0.01217039,0.01217039,0.02231237,0.00608519,0.02636917,0.01825558,0.05882353,0.00811359,0.01825558,0.03448276,0.00608519,0.00608519,0.02028398,0.0040568,0.00608519,0.0020284,0.00811359,0.01622718,0.,0.,0.,0.,0.0040568,0.01014199,0.01014199,0.03245436,0.06896552,0.00811359,0.02231237,0.03245436,0.02231237,0.01217039,0.00811359,0.02231237,0.05273834,0.0040568,0.00811359,0.01419878,0.02636917,0.,0.0040568,0.03853955,0.,0.02434077,0.,0.00811359,0.01825558,0.01014199,0.0020284,0.01014199,0.0020284,0.,0.02636917,0.0040568,0.03042596,0.01825558,0.0020284,0.01014199
0.06792453,0.03396226,0.03018868,0.02641509,0.,0.00377358,0.01132075,0.00377358,0.03396226,0.00754717,0.01886792,0.01132075,0.06037736,0.00377358,0.01509434,0.01886792,0.00377358,0.01509434,0.01132075,0.,0.00754717,0.01886792,0.00754717,0.01509434,0.,0.,0.00377358,0.,0.,0.03018868,0.03018868,0.02641509,0.09433962,0.01132075,0.02641509,0.03396226,0.00754717,0.01509434,0.00754717,0.00754717,0.03773585,0.00377358,0.00377358,0.01886792,0.03773585,0.01886792,0.,0.02264151,0.,0.03773585,0.00377358,0.,0.,0.00754717,0.,0.,0.,0.00754717,0.01886792,0.00754717,0.01886792,0.01132075,0.00377358,0.01886792
0.03092784,0.02061856,0.05154639,0.03092784,0.,0.,0.,0.02061856,0.02061856,0.,0.04123711,0.,0.06185567,0.01030928,0.02061856,0.,0.,0.01030928,0.01030928,0.,0.,0.01030928,0.,0.,0.,0.,0.,0.,0.01030928,0.03092784,0.02061856,0.02061856,0.10309278,0.02061856,0.07216495,0.,0.,0.,0.02061856,0.,0.05154639,0.,0.01030928,0.01030928,0.05154639,0.01030928,0.02061856,0.02061856,0.,0.02061856,0.01030928,0.02061856,0.01030928,0.02061856,0.,0.01030928,0.,0.01030928,0.01030928,0.,0.01030928,0.02061856,0.,0.04123711
0.0458221,0.02695418,0.03234501,0.01078167,0.00808625,0.00539084,0.01347709,0.01886792,0.01886792,0.00539084,0.05390836,0.00269542,0.05660377,0.00269542,0.01347709,0.01617251,0.00539084,0.01886792,0.01886792,0.00269542,0.00808625,0.0296496,0.01617251,0.01347709,0.,0.00808625,0.,0.00269542,0.00539084,0.02156334,0.01347709,0.0458221,0.06469003,0.0296496,0.03504043,0.01617251,0.00808625,0.,0.01886792,0.00269542,0.01886792,0.00539084,0.01078167,0.02156334,0.02156334,0.01078167,0.01078167,0.02425876,0.,0.03504043,0.,0.00808625,0.00539084,0.00808625,0.,0.00808625,0.00269542,0.00539084,0.01347709,0.00539084,0.01886792,0.01617251,0.00539084,0.02695418
0.0480167,0.04175365,0.0605428,0.00417537,0.0125261,0.00835073,0.01461378,0.00417537,0.02296451,0.,0.03340292,0.00417537,0.05845511,0.00626305,0.02296451,0.00626305,0.0125261,0.01670146,0.01878914,0.00208768,0.00417537,0.03131524,0.01043841,0.00626305,0.,0.,0.,0.,0.00626305,0.03340292,0.00835073,0.01670146,0.08559499,0.02713987,0.05010438,0.00835073,0.00835073,0.00417537,0.02087683,0.00835073,0.03757829,0.0125261,0.00208768,0.0125261,0.03340292,0.0125261,0.01670146,0.02713987,0.00208768,0.02713987,0.,0.,0.00208768,0.0125261,0.,0.00626305,0.,0.00626305,0.00626305,0.00626305,0.0125261,0.01878914,0.,0.01670146
0.03703704,0.02777778,0.03240741,0.00462963,0.00462963,0.01388889,0.01388889,0.00925926,0.01388889,0.01851852,0.00925926,0.,0.03703704,0.00462963,0.01851852,0.00462963,0.00462963,0.,0.01388889,0.,0.,0.01851852,0.00925926,0.00925926,0.,0.00462963,0.,0.,0.00925926,0.06018519,0.02777778,0.04166667,0.03703704,0.01388889,0.0462963,0.00462963,0.00925926,0.02314815,0.02777778,0.00925926,0.03240741,0.02314815,0.01851852,0.04166667,0.01851852,0.01851852,0.02777778,0.01388889,0.00462963,0.03240741,0.,0.01851852,0.00462963,0.00462963,0.,0.01851852,0.,0.00462963,0.03240741,0.,0.00462963,0.01388889,0.00462963,0.04166667
0.03263403,0.03030303,0.04895105,0.01165501,0.00699301,0.01398601,0.02331002,0.01165501,0.01165501,0.01398601,0.02564103,0.002331,0.03962704,0.00699301,0.03263403,0.004662,0.002331,0.02331002,0.01864802,0.004662,0.00699301,0.01398601,0.01165501,0.01165501,0.,0.002331,0.,0.002331,0.00932401,0.03263403,0.01398601,0.01165501,0.05361305,0.03496503,0.03030303,0.01165501,0.02797203,0.02564103,0.02564103,0.01864802,0.04428904,0.00932401,0.00932401,0.01864802,0.03263403,0.01398601,0.01398601,0.02331002,0.,0.03496503,0.,0.00932401,0.00699301,0.002331,0.004662,0.004662,0.002331,0.,0.004662,0.004662,0.00699301,0.00932401,0.004662,0.02797203
0.03319502,0.01659751,0.0746888,0.00414938,0.00414938,0.02074689,0.02074689,0.01659751,0.00829876,0.01659751,0.03319502,0.00829876,0.09543568,0.00829876,0.02074689,0.00829876,0.01244813,0.00829876,0.01659751,0.,0.00414938,0.01659751,0.00414938,0.00829876,0.,0.,0.,0.,0.00414938,0.04564315,0.00414938,0.02074689,0.04979253,0.01659751,0.04979253,0.01659751,0.02074689,0.01659751,0.00829876,0.02489627,0.02904564,0.01244813,0.00829876,0.01244813,0.01244813,0.00414938,0.00829876,0.03319502,0.,0.02489627,0.,0.01244813,0.00414938,0.00414938,0.00414938,0.00414938,0.00414938,0.00414938,0.01244813,0.,0.02489627,0.02489627,0.00414938,0.01244813
0.08154506,0.03862661,0.05150215,0.01716738,0.00858369,0.00429185,0.,0.00858369,0.03862661,0.01287554,0.01716738,0.02145923,0.05150215,0.,0.02145923,0.00429185,0.00429185,0.01716738,0.02145923,0.,0.,0.00429185,0.01716738,0.01716738,0.00429185,0.,0.,0.00858369,0.01287554,0.03862661,0.01716738,0.03004292,0.07296137,0.02145923,0.04291845,0.00429185,0.02575107,0.00858369,0.01287554,0.00858369,0.02575107,0.00858369,0.00858369,0.00429185,0.03004292,0.01287554,0.00858369,0.02145923,0.,0.03004292,0.,0.,0.,0.00429185,0.,0.,0.00429185,0.00429185,0.00429185,0.02145923,0.01716738,0.01287554,0.00429185,0.00858369
0.052,0.02,0.056,0.01,0.006,0.008,0.016,0.01,0.018,0.006,0.034,0.008,0.05,0.006,0.016,0.02,0.002,0.01,0.01,0.002,0.006,0.002,0.016,0.012,0.004,0.,0.,0.008,0.006,0.022,0.006,0.028,0.064,0.022,0.046,0.03,0.016,0.002,0.016,0.014,0.044,0.004,0.02,0.012,0.026,0.014,0.014,0.034,0.002,0.022,0.,0.018,0.004,0.006,0.004,0.014,0.,0.002,0.006,0.006,0.014,0.02,0.004,0.03
0.05586592,0.02793296,0.02793296,0.01675978,0.02793296,0.01675978,0.01117318,0.00558659,0.02793296,0.01117318,0.00558659,0.02234637,0.07821229,0.01675978,0.01117318,0.02793296,0.,0.,0.01117318,0.00558659,0.,0.,0.,0.01675978,0.00558659,0.,0.01117318,0.00558659,0.01117318,0.01675978,0.01675978,0.02793296,0.05027933,0.00558659,0.01675978,0.05586592,0.02793296,0.,0.,0.01117318,0.01675978,0.00558659,0.,0.00558659,0.01117318,0.01117318,0.01117318,0.01117318,0.00558659,0.00558659,0.,0.03351955,0.04469274,0.02234637,0.01117318,0.01675978,0.,0.,0.00558659,0.,0.01675978,0.01675978,0.02234637,0.03910615
0.10666667,0.01066667,0.02133333,0.06133333,0.01333333,0.00533333,0.,0.008,0.016,0.008,0.00266667,0.01066667,0.056,0.016,0.01333333,0.05866667,0.024,0.00266667,0.00533333,0.00533333,0.01066667,0.00266667,0.,0.01866667,0.00266667,0.,0.,0.00266667,0.01066667,0.008,0.00533333,0.02933333,0.04533333,0.00533333,0.016,0.03733333,0.01333333,0.,0.00266667,0.01066667,0.01333333,0.008,0.008,0.01066667,0.01866667,0.00266667,0.00533333,0.02666667,0.,0.00533333,0.,0.06133333,0.01333333,0.016,0.00266667,0.02133333,0.00266667,0.00266667,0.00266667,0.,0.024,0.016,0.016,0.056
0.08561644,0.00342466,0.03082192,0.01027397,0.01712329,0.01027397,0.01369863,0.01027397,0.0239726,0.01027397,0.01369863,0.00684932,0.05479452,0.00684932,0.0239726,0.02054795,0.,0.00684932,0.00684932,0.,0.00342466,0.01369863,0.00342466,0.01369863,0.,0.,0.,0.00342466,0.00342466,0.02739726,0.01712329,0.03082192,0.07191781,0.04109589,0.03424658,0.01712329,0.01369863,0.01369863,0.00684932,0.00684932,0.03082192,0.,0.02054795,0.02054795,0.02739726,0.,0.0239726,0.03082192,0.00342466,0.02739726,0.,0.,0.00342466,0.01369863,0.01027397,0.01712329,0.,0.,0.00684932,0.00684932,0.03082192,0.01369863,0.01027397,0.0239726
0.03684211,0.04210526,0.02631579,0.01578947,0.,0.01052632,0.02105263,0.,0.02631579,0.01052632,0.02631579,0.01052632,0.04736842,0.,0.02105263,0.02631579,0.01052632,0.02631579,0.00526316,0.01052632,0.00526316,0.02105263,0.00526316,0.00526316,0.,0.,0.,0.00526316,0.00526316,0.02631579,0.01052632,0.03157895,0.02105263,0.02631579,0.05263158,0.00526316,0.02105263,0.01578947,0.00526316,0.00526316,0.01578947,0.01052632,0.02105263,0.01578947,0.04736842,0.01052632,0.01052632,0.05263158,0.,0.02105263,0.,0.01052632,0.02105263,0.01052632,0.,0.00526316,0.00526316,0.00526316,0.00526316,0.01052632,0.02105263,0.01052632,0.03157895,0.01578947
0.02719033,0.02114804,0.01510574,0.00906344,0.00302115,0.01812689,0.00906344,0.01208459,0.01812689,0.01208459,0.03021148,0.01208459,0.03021148,0.00302115,0.01812689,0.01510574,0.0060423,0.01510574,0.00906344,0.00906344,0.0060423,0.0060423,0.0060423,0.01510574,0.,0.,0.,0.00302115,0.00302115,0.04229607,0.01208459,0.03625378,0.0694864,0.04833837,0.04833837,0.01208459,0.01812689,0.02114804,0.02114804,0.02416918,0.03927492,0.0060423,0.01208459,0.01510574,0.01812689,0.0060423,0.01510574,0.02719033,0.00302115,0.03625378,0.,0.00906344,0.,0.03021148,0.,0.0060423,0.,0.,0.00302115,0.,0.02719033,0.00906344,0.00906344,0.04229607
0.03351955,0.01117318,0.09497207,0.,0.,0.00558659,0.01117318,0.00558659,0.01117318,0.01117318,0.03351955,0.00558659,0.04469274,0.,0.03910615,0.01117318,0.00558659,0.00558659,0.,0.,0.00558659,0.01117318,0.00558659,0.,0.,0.,0.,0.,0.01117318,0.04469274,0.00558659,0.01117318,0.05027933,0.05586592,0.04469274,0.03351955,0.00558659,0.,0.00558659,0.01675978,0.04469274,0.00558659,0.01117318,0.01117318,0.02234637,0.02234637,0.03910615,0.02234637,0.,0.02793296,0.,0.00558659,0.00558659,0.00558659,0.,0.01117318,0.00558659,0.00558659,0.01117318,0.,0.02793296,0.01675978,0.01675978,0.04469274
0.02693603,0.02693603,0.04882155,0.00505051,0.01010101,0.00841751,0.01515152,0.00673401,0.02020202,0.00505051,0.02693603,0.0016835,0.05218855,0.00505051,0.02693603,0.01683502,0.003367,0.01851852,0.02020202,0.,0.00673401,0.02356902,0.01178451,0.00841751,0.,0.0016835,0.0016835,0.00841751,0.01010101,0.04713805,0.01010101,0.02525253,0.05723906,0.04545455,0.03703704,0.01346801,0.01010101,0.01851852,0.00673401,0.01010101,0.03872054,0.01346801,0.01010101,0.00673401,0.01515152,0.00841751,0.02020202,0.02861953,0.,0.04545455,0.,0.00505051,0.003367,0.01515152,0.0016835,0.01010101,0.0016835,0.003367,0.01683502,0.00505051,0.01010101,0.02525253,0.,0.01683502
0.05008636,0.01899827,0.06908463,0.00690846,0.00863558,0.01381693,0.01899827,0.01208981,0.01899827,0.00518135,0.0328152,0.01208981,0.04317789,0.01036269,0.00518135,0.01208981,0.00345423,0.00345423,0.01036269,0.00518135,0.00518135,0.01554404,0.00690846,0.01208981,0.,0.00518135,0.00518135,0.00345423,0.00518135,0.02417962,0.01381693,0.01899827,0.04663212,0.0224525,0.03454231,0.01554404,0.00863558,0.00690846,0.00690846,0.02072539,0.03972366,0.00690846,0.00690846,0.01036269,0.02590674,0.01381693,0.02072539,0.03454231,0.,0.04835924,0.00172712,0.0224525,0.00863558,0.01036269,0.00172712,0.01381693,0.,0.,0.00690846,0.,0.02763385,0.02417962,0.00518135,0.03108808
0.0664557,0.01898734,0.03164557,0.00949367,0.01265823,0.01265823,0.0221519,0.00949367,0.03164557,0.00632911,0.02531646,0.00949367,0.02531646,0.01582278,0.01265823,0.01898734,0.00316456,0.00632911,0.00632911,0.,0.00949367,0.01265823,0.00632911,0.,0.,0.00316456,0.,0.,0.00632911,0.0221519,0.01265823,0.03481013,0.07278481,0.03164557,0.04746835,0.00949367,0.01265823,0.01582278,0.01265823,0.00949367,0.03797468,0.01265823,0.02531646,0.01265823,0.03164557,0.00632911,0.02848101,0.03481013,0.00316456,0.02531646,0.,0.00316456,0.00949367,0.00949367,0.00632911,0.00949367,0.,0.00632911,0.00632911,0.00632911,0.02531646,0.00316456,0.00949367,0.0221519
0.03981265,0.03044496,0.03747073,0.00234192,0.00936768,0.01873536,0.0117096,0.00468384,0.0117096,0.00468384,0.03512881,0.00468384,0.05854801,0.00936768,0.01405152,0.01405152,0.00468384,0.00702576,0.01405152,0.00234192,0.00702576,0.03747073,0.0117096,0.00702576,0.,0.,0.00234192,0.,0.00234192,0.02810304,0.0117096,0.0234192,0.04449649,0.03044496,0.04918033,0.00936768,0.01873536,0.00468384,0.01873536,0.03044496,0.04918033,0.0117096,0.01873536,0.0234192,0.01405152,0.00468384,0.01405152,0.01639344,0.00234192,0.04683841,0.,0.00936768,0.00234192,0.02107728,0.00468384,0.00702576,0.,0.01873536,0.01405152,0.,0.00936768,0.0117096,0.00234192,0.02576112
0.07253886,0.02590674,0.08290155,0.01036269,0.,0.,0.01036269,0.,0.01036269,0.00518135,0.04145078,0.,0.06217617,0.00518135,0.01036269,0.,0.01036269,0.,0.02590674,0.,0.,0.00518135,0.01036269,0.01036269,0.,0.,0.,0.,0.00518135,0.03108808,0.03108808,0.01036269,0.08290155,0.02590674,0.04663212,0.01036269,0.01554404,0.00518135,0.00518135,0.01554404,0.03626943,0.01554404,0.01036269,0.02072539,0.01036269,0.01036269,0.02072539,0.03108808,0.00518135,0.02590674,0.,0.00518135,0.00518135,0.01036269,0.,0.00518135,0.,0.,0.01036269,0.,0.01554404,0.05181347,0.00518135,0.02072539
0.04640371,0.02784223,0.0487239,0.00464037,0.01856148,0.00928074,0.01392111,0.01160093,0.01856148,0.00696056,0.01392111,0.00232019,0.05800464,0.00696056,0.02088167,0.00928074,0.00232019,0.02320186,0.01160093,0.,0.00464037,0.02088167,0.00696056,0.00928074,0.,0.,0.,0.,0.00232019,0.01856148,0.0162413,0.03016241,0.0649652,0.03016241,0.04176334,0.02320186,0.03016241,0.00928074,0.02552204,0.0162413,0.03480278,0.01392111,0.00928074,0.01160093,0.02088167,0.01160093,0.0162413,0.0162413,0.00232019,0.02320186,0.,0.00464037,0.00928074,0.01856148,0.,0.00232019,0.,0.00232019,0.01160093,0.0162413,0.01392111,0.01392111,0.01160093,0.03016241
0.03881279,0.01369863,0.05707763,0.00684932,0.01141553,0.01141553,0.00684932,0.01369863,0.03196347,0.00228311,0.02511416,0.00456621,0.05022831,0.01141553,0.03196347,0.00913242,0.00913242,0.02739726,0.00913242,0.,0.00684932,0.01369863,0.00228311,0.00456621,0.00228311,0.00228311,0.,0.,0.00684932,0.03881279,0.01826484,0.02511416,0.06621005,0.03424658,0.043379,0.02054795,0.01826484,0.02511416,0.00913242,0.01141553,0.02054795,0.00684932,0.00913242,0.01141553,0.01369863,0.00913242,0.00684932,0.05022831,0.,0.03196347,0.00228311,0.00228311,0.01141553,0.01141553,0.00456621,0.01598174,0.,0.00684932,0.01598174,0.00228311,0.01141553,0.00684932,0.00456621,0.02283105
0.04029304,0.03296703,0.02564103,0.01465201,0.003663,0.,0.01465201,0.01098901,0.02197802,0.01098901,0.02564103,0.01831502,0.02564103,0.01098901,0.,0.01831502,0.00732601,0.00732601,0.00732601,0.,0.01098901,0.003663,0.01098901,0.01098901,0.,0.003663,0.003663,0.,0.003663,0.02197802,0.02564103,0.05128205,0.09157509,0.02564103,0.03296703,0.01098901,0.01098901,0.00732601,0.01098901,0.01098901,0.03663004,0.,0.01098901,0.01465201,0.04395604,0.01098901,0.01831502,0.02930403,0.003663,0.04029304,0.,0.003663,0.01465201,0.003663,0.00732601,0.00732601,0.,0.003663,0.,0.,0.00732601,0.03296703,0.01831502,0.04761905
0.04761905,0.02040816,0.03401361,0.00680272,0.02040816,0.01360544,0.01360544,0.00340136,0.03401361,0.00680272,0.05442177,0.,0.03401361,0.00340136,0.01020408,0.02380952,0.0170068,0.01020408,0.00680272,0.,0.00340136,0.01360544,0.01360544,0.00680272,0.,0.,0.,0.,0.,0.03401361,0.01020408,0.04421769,0.07482993,0.03061224,0.01360544,0.03741497,0.0170068,0.0170068,0.00340136,0.0170068,0.03741497,0.00680272,0.01020408,0.01020408,0.03741497,0.01020408,0.01360544,0.03061224,0.,0.01360544,0.00340136,0.00680272,0.00340136,0.01360544,0.,0.00680272,0.,0.00340136,0.,0.,0.0170068,0.03741497,0.00340136,0.03741497
0.05150215,0.02145923,0.05150215,0.02145923,0.01287554,0.00429185,0.,0.00858369,0.00429185,0.01287554,0.01287554,0.01287554,0.05579399,0.,0.02145923,0.01287554,0.00858369,0.02575107,0.01287554,0.00858369,0.01287554,0.00858369,0.,0.00858369,0.,0.,0.00429185,0.,0.00858369,0.04291845,0.02145923,0.03862661,0.0472103,0.03004292,0.03004292,0.01287554,0.00858369,0.00429185,0.00858369,0.01287554,0.05150215,0.00858369,0.01716738,0.00858369,0.03004292,0.00429185,0.01716738,0.03004292,0.,0.03433476,0.00429185,0.,0.00429185,0.01287554,0.00429185,0.01287554,0.,0.00858369,0.00429185,0.00429185,0.01716738,0.02145923,0.00858369,0.03433476
0.02588997,0.02588997,0.02912621,0.02912621,0.01941748,0.00647249,0.00647249,0.00970874,0.01294498,0.00323625,0.00647249,0.00970874,0.02912621,0.00323625,0.04530744,0.01618123,0.01294498,0.01294498,0.02912621,0.00647249,0.00970874,0.01618123,0.00323625,0.02265372,0.,0.,0.00323625,0.,0.01294498,0.01294498,0.00647249,0.01941748,0.02912621,0.03559871,0.00647249,0.0420712,0.00970874,0.00647249,0.01294498,0.03236246,0.04530744,0.,0.01618123,0.04854369,0.02588997,0.00323625,0.00323625,0.02588997,0.00323625,0.02912621,0.,0.00647249,0.00647249,0.01294498,0.,0.02588997,0.,0.00323625,0.03236246,0.00323625,0.01294498,0.02265372,0.01294498,0.03883495
0.07692308,0.02797203,0.09090909,0.,0.00699301,0.,0.,0.01398601,0.02097902,0.00699301,0.04895105,0.01398601,0.06993007,0.01398601,0.01398601,0.02097902,0.,0.01398601,0.,0.,0.,0.04895105,0.,0.01398601,0.,0.,0.,0.,0.00699301,0.02097902,0.02097902,0.02797203,0.09090909,0.00699301,0.02797203,0.02797203,0.01398601,0.00699301,0.00699301,0.02097902,0.03496503,0.00699301,0.,0.,0.02797203,0.01398601,0.00699301,0.02097902,0.,0.01398601,0.00699301,0.01398601,0.00699301,0.01398601,0.,0.00699301,0.,0.,0.,0.00699301,0.01398601,0.01398601,0.,0.00699301
0.07709751,0.02267574,0.02721088,0.02267574,0.00907029,0.00453515,0.00680272,0.00907029,0.01360544,0.00453515,0.01587302,0.02040816,0.03628118,0.01133787,0.01133787,0.02267574,0.01360544,0.01814059,0.01133787,0.,0.00680272,0.00226757,0.00680272,0.00680272,0.00226757,0.00226757,0.00453515,0.00453515,0.00680272,0.01587302,0.01133787,0.02721088,0.09297052,0.00680272,0.03854875,0.03854875,0.01133787,0.00226757,0.00680272,0.00680272,0.02267574,0.,0.00453515,0.00680272,0.01814059,0.,0.00680272,0.03854875,0.00226757,0.02721088,0.,0.02947846,0.00680272,0.01133787,0.00226757,0.01133787,0.,0.,0.00226757,0.00453515,0.0430839,0.02494331,0.02040816,0.05668934
0.04559271,0.03343465,0.07598784,0.,0.00607903,0.01519757,0.00303951,0.,0.00607903,0.00607903,0.02431611,0.01823708,0.07902736,0.01519757,0.0212766,0.00911854,0.01215805,0.00303951,0.02735562,0.,0.,0.01519757,0.00607903,0.01215805,0.,0.,0.,0.00303951,0.00607903,0.05775076,0.01823708,0.02431611,0.10638298,0.02735562,0.04559271,0.01519757,0.01519757,0.0212766,0.0212766,0.02431611,0.01519757,0.00303951,0.00607903,0.00607903,0.0212766,0.00303951,0.01519757,0.01215805,0.00303951,0.00303951,0.,0.,0.01215805,0.00911854,0.00607903,0.00303951,0.,0.,0.,0.,0.02431611,0.01823708,0.01215805,0.00607903
0.02620087,0.01746725,0.03056769,0.00436681,0.,0.02183406,0.02620087,0.,0.01310044,0.00436681,0.02620087,0.00436681,0.07860262,0.00436681,0.0349345,0.01310044,0.,0.02620087,0.,0.00436681,0.,0.00873362,0.00436681,0.01310044,0.,0.00436681,0.,0.,0.,0.03056769,0.00873362,0.01746725,0.02620087,0.02620087,0.01310044,0.00873362,0.01746725,0.01746725,0.00436681,0.00873362,0.03930131,0.02183406,0.01310044,0.,0.00436681,0.02183406,0.,0.03056769,0.00436681,0.05676856,0.,0.,0.,0.02183406,0.00436681,0.02620087,0.,0.,0.03930131,0.,0.01746725,0.09170306,0.00873362,0.05240175
0.02692308,0.03461538,0.06153846,0.01153846,0.02307692,0.00769231,0.01153846,0.00769231,0.00769231,0.00384615,0.02307692,0.00384615,0.03076923,0.00384615,0.02692308,0.01538462,0.00769231,0.04615385,0.01153846,0.01923077,0.00384615,0.00769231,0.01538462,0.01538462,0.,0.,0.,0.,0.,0.03846154,0.01538462,0.03076923,0.05769231,0.03461538,0.03461538,0.02307692,0.02692308,0.00769231,0.01153846,0.02307692,0.04230769,0.00384615,0.00384615,0.00769231,0.01153846,0.02307692,0.00769231,0.02307692,0.00384615,0.00769231,0.,0.01153846,0.00384615,0.02692308,0.00384615,0.00769231,0.,0.00769231,0.00384615,0.01153846,0.01538462,0.00384615,0.01923077,0.01923077
0.07253886,0.01036269,0.07253886,0.01036269,0.,0.00518135,0.00518135,0.01036269,0.02590674,0.00518135,0.03626943,0.02072539,0.02072539,0.01036269,0.01036269,0.00518135,0.00518135,0.,0.01036269,0.,0.01554404,0.00518135,0.,0.01554404,0.,0.00518135,0.,0.01554404,0.03626943,0.01036269,0.00518135,0.02072539,0.0984456,0.01554404,0.02590674,0.02072539,0.01036269,0.01554404,0.01036269,0.01036269,0.00518135,0.,0.,0.00518135,0.00518135,0.00518135,0.01036269,0.02590674,0.00518135,0.05699482,0.,0.02072539,0.01036269,0.01554404,0.,0.,0.,0.04663212,0.00518135,0.03626943,0.04145078,0.,0.00518135,0.02590674
0.03344121,0.02373247,0.05285868,0.00970874,0.00970874,0.01078749,0.01618123,0.00755124,0.02049622,0.01294498,0.0377562,0.00539374,0.05177994,0.00755124,0.00862999,0.01294498,0.00647249,0.01618123,0.01294498,0.00323625,0.00107875,0.02804746,0.00970874,0.01294498,0.,0.0021575,0.00107875,0.00107875,0.00539374,0.03559871,0.01725998,0.02912621,0.05609493,0.03667745,0.0420712,0.00647249,0.00970874,0.01186624,0.01402373,0.01294498,0.04530744,0.01186624,0.00862999,0.01941748,0.02157497,0.01294498,0.02157497,0.02804746,0.,0.03344121,0.00107875,0.00323625,0.00647249,0.01618123,0.00647249,0.00862999,0.,0.00323625,0.00647249,0.01078749,0.01186624,0.00862999,0.0021575,0.01833873
0.02400739,0.02585411,0.033241,0.00461681,0.00923361,0.01569714,0.01385042,0.01015697,0.01754386,0.00461681,0.02677747,0.,0.06371191,0.02031394,0.03047091,0.01385042,0.00277008,0.01292705,0.01292705,0.00184672,0.00277008,0.03693444,0.00923361,0.01200369,0.,0.,0.,0.,0.00554017,0.04801477,0.01200369,0.02677747,0.04524469,0.03416436,0.02216066,0.00831025,0.02216066,0.01385042,0.02400739,0.0212373,0.03970452,0.00554017,0.00277008,0.0166205,0.02031394,0.02493075,0.0166205,0.04339797,0.00092336,0.03508772,0.,0.00554017,0.00554017,0.01292705,0.00369344,0.00646353,0.,0.,0.01108033,0.00184672,0.01200369,0.02585411,0.00277008,0.01754386
0.02917772,0.0132626,0.066313,0.,0.01061008,0.01061008,0.01591512,0.0132626,0.02917772,0.00265252,0.04509284,0.00530504,0.04509284,0.00265252,0.00795756,0.01591512,0.01061008,0.01591512,0.0132626,0.,0.00795756,0.03713528,0.0132626,0.00795756,0.,0.,0.,0.,0.,0.02387268,0.00530504,0.02122016,0.07692308,0.03183024,0.03183024,0.0132626,0.01061008,0.00795756,0.00265252,0.01856764,0.066313,0.00795756,0.01061008,0.0265252,0.03448276,0.01061008,0.0132626,0.03713528,0.,0.03713528,0.,0.00265252,0.01061008,0.00530504,0.00530504,0.00265252,0.00265252,0.01856764,0.00265252,0.00795756,0.00795756,0.01061008,0.,0.01591512
0.04624277,0.03468208,0.0867052,0.,0.,0.01734104,0.00578035,0.01156069,0.02312139,0.01156069,0.03468208,0.,0.02312139,0.01156069,0.03468208,0.01156069,0.,0.,0.01734104,0.,0.,0.01156069,0.00578035,0.01734104,0.,0.,0.,0.00578035,0.,0.03468208,0.00578035,0.01734104,0.05202312,0.01734104,0.02312139,0.02312139,0.01734104,0.01156069,0.,0.00578035,0.04624277,0.00578035,0.01156069,0.01734104,0.03468208,0.01156069,0.00578035,0.02890173,0.00578035,0.03468208,0.,0.01156069,0.00578035,0.00578035,0.,0.,0.,0.01156069,0.01734104,0.,0.01734104,0.04624277,0.02890173,0.03468208
